access_url,preview_url,dp_type,dp_subtype,ins_id,observatory,target_type,mjd_obs,obs_date,texptime,spec_range,spec_res,filter,prog_id,pi,p3_user,data_collection,obj,fov,publ_date,footprint,ra,dec,dp_id,number_obs,data_release_date,dataset_id,file_size,spatial_resolution,snr,gal_ra,gal_dec,sqdeg,pixelscale,abmaglim,sensitivity,strehl,calib_level,exp_end,mjd_end,exptime,obs_title,tel_id,obstech,obs_id,p3orig,origfile,group_version,data_release,visible
http://archive.eso.org/datalink/links?ID=ivo://eso.org/ID?ADP.2014-05-13T14:22:56.387,,SPECTRUM,SPECTRUM (FLUX CALIBRATED),XSHOOTER,La Silla Paranal APEX,Non-solar,55109.31082563,2009-10-05T07:27:35.333,360.0,"[gte:994.02, lte:2478.96]",11424.0,,["084.C-0952"],"["OUDMAIJER, R.D."]","ESO, PHASE3",XSHOOTER,UX-Ori,,2014-05-13T00:00:00.000,POSITION J2000 76.12463 -3.78801,76.12463,-3.78801,ADP.2014-05-13T14:22:56.387,1,2011-04-09T13:14:49.147,434878,1347,,64.2,203.634842,-25.443586,,,,,,2,2009-10-05T07:36:10.917,55109.31679302,360.0,UX-Ori_388039_2009-10-05T07:27:35.334_S0.4x11_NIR_NOD,ESO-VLT-U2,"ECHELLE,SLIT,NODDING",["388039"],IDP,XS_SFLX_388039_2009-10-05T07:27:35.334_S0.4x11_NIR_NOD.fits,,,true
http://archive.eso.org/datalink/links?ID=ivo://eso.org/ID?ADP.2014-05-13T14:22:56.247,,SPECTRUM,SPECTRUM (FLUX CALIBRATED),XSHOOTER,La Silla Paranal APEX,Non-solar,55109.31078689,2009-10-05T07:27:31.987,360.0,"[gte:533.66, lte:1020.0]",18340.0,,["084.C-0952"],"["OUDMAIJER, R.D."]","ESO, PHASE3",XSHOOTER,UX-Ori,,2014-05-13T00:00:00.000,POSITION J2000 76.12463 -3.78801,76.12463,-3.78801,ADP.2014-05-13T14:22:56.247,1,2011-04-09T13:14:49.123,434874,1319,,222.3,203.634841,-25.443585,,,,,,2,2009-10-05T07:36:08.083,55109.31676023,360.0,UX-Ori_388039_2009-10-05T07:27:31.987_S0.4x11_1x1_VIS_NOD,ESO-VLT-U2,"ECHELLE,SLIT,NODDING",["388039"],IDP,XS_SFLX_388039_2009-10-05T07:27:31.987_S0.4x11_1x1_VIS_NOD.fits,,,true
http://archive.eso.org/datalink/links?ID=ivo://eso.org/ID?ADP.2014-05-13T14:22:56.667,,SPECTRUM,SPECTRUM (FLUX CALIBRATED),XSHOOTER,La Silla Paranal APEX,Non-solar,55109.31072717,2009-10-05T07:27:26.827,360.0,"[gte:298.92, lte:555.98]",9861.0,,["084.C-0952"],"["OUDMAIJER, R.D."]","ESO, PHASE3",XSHOOTER,UX-Ori,,2014-05-13T00:00:00.000,POSITION J2000 76.12463 -3.78801,76.12463,-3.78801,ADP.2014-05-13T14:22:56.667,1,2011-04-09T13:14:49.100,434866,722,,171.3,203.634841,-25.443585,,,,,,2,2009-10-05T07:36:02.883,55109.31670004,360.0,UX-Ori_388039_2009-10-05T07:27:26.827_S0.5x11_1x1_UVB_NOD,ESO-VLT-U2,"ECHELLE,SLIT,NODDING",["388039"],IDP,XS_SFLX_388039_2009-10-05T07:27:26.827_S0.5x11_1x1_UVB_NOD.fits,,,true
http://archive.eso.org/datalink/links?ID=ivo://eso.org/ID?ADP.2014-05-13T14:22:56.727,,SPECTRUM,SPECTRUM (FLUX CALIBRATED),XSHOOTER,La Silla Paranal APEX,Non-solar,55109.31004676,2009-10-05T07:26:28.040,1.0,"[gte:994.02, lte:2478.96]",11424.0,,["084.C-0952"],"["OUDMAIJER, R.D."]","ESO, PHASE3",XSHOOTER,UX-Ori,,2014-05-13T00:00:00.000,POSITION J2000 76.125052 -3.78757,76.125052,-3.78757,ADP.2014-05-13T14:22:56.727,1,2011-04-09T13:14:48.573,434872,1350,,6.9,203.634634,-25.443006,,,,,,2,2009-10-05T07:26:29.040,55109.31005833,1.0,UX-Ori_388039_2009-10-05T07:26:28.040_S0.4x11_NIR_STA,ESO-VLT-U2,"ECHELLE,SLIT,STARE",["388039"],IDP,XS_SFLX_388039_2009-10-05T07:26:28.040_S0.4x11_NIR_STA.fits,,,true
http://archive.eso.org/datalink/links?ID=ivo://eso.org/ID?ADP.2014-05-13T14:22:56.260,,SPECTRUM,SPECTRUM (FLUX CALIBRATED),XSHOOTER,La Silla Paranal APEX,Non-solar,55109.31001333,2009-10-05T07:26:25.153,10.0,"[gte:533.66, lte:1020.0]",18340.0,,["084.C-0952"],"["OUDMAIJER, R.D."]","ESO, PHASE3",XSHOOTER,UX-Ori,,2014-05-13T00:00:00.000,POSITION J2000 76.125052 -3.78757,76.125052,-3.78757,ADP.2014-05-13T14:22:56.260,1,2011-04-09T13:14:48.530,434870,1321,,34.7,203.634634,-25.443006,,,,,,2,2009-10-05T07:26:35.153,55109.31012907,10.0,UX-Ori_388039_2009-10-05T07:26:25.152_S0.4x11_1x1_VIS_STA,ESO-VLT-U2,"ECHELLE,SLIT,STARE",["388039"],IDP,XS_SFLX_388039_2009-10-05T07:26:25.152_S0.4x11_1x1_VIS_STA.fits,,,true
http://archive.eso.org/datalink/links?ID=ivo://eso.org/ID?ADP.2014-05-13T14:22:56.393,,SPECTRUM,SPECTRUM (FLUX CALIBRATED),XSHOOTER,La Silla Paranal APEX,Non-solar,55109.3099536,2009-10-05T07:26:19.990,10.0,"[gte:298.92, lte:555.98]",9861.0,,["084.C-0952"],"["OUDMAIJER, R.D."]","ESO, PHASE3",XSHOOTER,UX-Ori,,2014-05-13T00:00:00.000,POSITION J2000 76.125052 -3.78757,76.125052,-3.78757,ADP.2014-05-13T14:22:56.393,1,2011-04-09T13:14:48.507,434875,722,,29.7,203.634634,-25.443006,,,,,,2,2009-10-05T07:26:29.990,55109.31006934,10.0,UX-Ori_388039_2009-10-05T07:26:19.991_S0.5x11_1x1_UVB_STA,ESO-VLT-U2,"ECHELLE,SLIT,STARE",["388039"],IDP,XS_SFLX_388039_2009-10-05T07:26:19.991_S0.5x11_1x1_UVB_STA.fits,,,truehttp://archive.eso.org/datalink/links?ID=ivo://eso.org/ID?ADP.2014-05-13T14:22:56.767,,SPECTRUM,SPECTRUM (FLUX CALIBRATED),XSHOOTER,La Silla Paranal APEX,Non-solar,55109.32422398,2009-10-05T07:46:52.953,960.0,"[gte:994.02, lte:2478.96]",11424.0,,["084.C-0952"],"["OUDMAIJER, R.D."]","ESO, PHASE3",XSHOOTER,NSV-1832,,2014-05-13T00:00:00.000,POSITION J2000 76.731062 -3.35446,76.731062,-3.35446,ADP.2014-05-13T14:22:56.767,1,2011-04-09T13:13:26.900,434877,1353,,182.7,203.531223,-24.705014,,,,,,2,2009-10-05T08:09:15.477,55109.33976244,960.0,NSV-1832_387924_2009-10-05T07:46:52.952_S0.4x11_NIR_NOD,ESO-VLT-U2,"ECHELLE,SLIT,NODDING",["387924"],IDP,XS_SFLX_387924_2009-10-05T07:46:52.952_S0.4x11_NIR_NOD.fits,,,true
http://archive.eso.org/datalink/links?ID=ivo://eso.org/ID?ADP.2014-05-13T14:22:56.693,,SPECTRUM,SPECTRUM (FLUX CALIBRATED),XSHOOTER,La Silla Paranal APEX,Non-solar,55109.32419037,2009-10-05T07:46:50.047,1200.0,"[gte:533.66, lte:1020.0]",18340.0,,["084.C-0952"],"["OUDMAIJER, R.D."]","ESO, PHASE3",XSHOOTER,NSV-1832,,2014-05-13T00:00:00.000,POSITION J2000 76.731062 -3.35446,76.731062,-3.35446,ADP.2014-05-13T14:22:56.693,1,2011-04-09T13:13:26.720,434861,1319,,176.8,203.531222,-24.705013,,,,,,2,2009-10-05T08:09:26.010,55109.33988436,1200.0,NSV-1832_387924_2009-10-05T07:46:50.048_S0.4x11_1x1_VIS_NOD,ESO-VLT-U2,"ECHELLE,SLIT,NODDING",["387924"],IDP,XS_SFLX_387924_2009-10-05T07:46:50.048_S0.4x11_1x1_VIS_NOD.fits,,,true
http://archive.eso.org/datalink/links?ID=ivo://eso.org/ID?ADP.2014-05-13T14:22:56.187,,SPECTRUM,SPECTRUM (FLUX CALIBRATED),XSHOOTER,La Silla Paranal APEX,Non-solar,55109.32413006,2009-10-05T07:46:44.837,1200.0,"[gte:298.92, lte:555.98]",9861.0,,["084.C-0952"],"["OUDMAIJER, R.D."]","ESO, PHASE3",XSHOOTER,NSV-1832,,2014-05-13T00:00:00.000,POSITION J2000 76.731062 -3.35446,76.731062,-3.35446,ADP.2014-05-13T14:22:56.187,1,2011-04-09T13:13:26.603,434868,722,,71.8,203.531222,-24.705013,,,,,,2,2009-10-05T08:09:20.780,55109.33982383,1200.0,NSV-1832_387924_2009-10-05T07:46:44.837_S0.5x11_1x1_UVB_NOD,ESO-VLT-U2,"ECHELLE,SLIT,NODDING",["387924"],IDP,XS_SFLX_387924_2009-10-05T07:46:44.837_S0.5x11_1x1_UVB_NOD.fits,,,true
http://archive.eso.org/datalink/links?ID=ivo://eso.org/ID?ADP.2014-05-13T14:22:56.453,,SPECTRUM,SPECTRUM (FLUX CALIBRATED),XSHOOTER,La Silla Paranal APEX,Non-solar,55109.32332062,2009-10-05T07:45:34.903,1.0,"[gte:994.02, lte:2478.96]",11424.0,,["084.C-0952"],"["OUDMAIJER, R.D."]","ESO, PHASE3",XSHOOTER,NSV-1832,,2014-05-13T00:00:00.000,POSITION J2000 76.731491 -3.35392,76.731491,-3.35392,ADP.2014-05-13T14:22:56.453,1,2011-04-09T13:13:25.373,434876,1350,,2.3,203.530924,-24.70438,,,,,,2,2009-10-05T07:45:35.900,55109.32333219,1.0,NSV-1832_387924_2009-10-05T07:45:34.902_S0.4x11_NIR_STA,ESO-VLT-U2,"ECHELLE,SLIT,STARE",["387924"],IDP,XS_SFLX_387924_2009-10-05T07:45:34.902_S0.4x11_NIR_STA.fits,,,true
http://archive.eso.org/datalink/links?ID=ivo://eso.org/ID?ADP.2014-05-13T14:22:56.553,,SPECTRUM,SPECTRUM (FLUX CALIBRATED),XSHOOTER,La Silla Paranal APEX,Non-solar,55109.32328786,2009-10-05T07:45:32.070,20.0,"[gte:533.66, lte:1020.0]",18340.0,,["084.C-0952"],"["OUDMAIJER, R.D."]","ESO, PHASE3",XSHOOTER,NSV-1832,,2014-05-13T00:00:00.000,POSITION J2000 76.731491 -3.35392,76.731491,-3.35392,ADP.2014-05-13T14:22:56.553,1,2011-04-09T13:13:25.350,434879,1321,,17.0,203.530924,-24.70438,,,,,,2,2009-10-05T07:45:52.070,55109.32351934,20.0,NSV-1832_387924_2009-10-05T07:45:32.071_S0.4x11_1x1_VIS_STA,ESO-VLT-U2,"ECHELLE,SLIT,STARE",["387924"],IDP,XS_SFLX_387924_2009-10-05T07:45:32.071_S0.4x11_1x1_VIS_STA.fits,,,truehttp://archive.eso.org/datalink/links?ID=ivo://eso.org/ID?ADP.2014-05-13T14:22:56.433,,SPECTRUM,SPECTRUM (FLUX CALIBRATED),XSHOOTER,La Silla Paranal APEX,Non-solar,55109.35275412,2009-10-05T08:27:57.957,480.0,"[gte:994.02, lte:2478.96]",11424.0,,["084.C-0952"],"["OUDMAIJER, R.D."]","ESO, PHASE3",XSHOOTER,V1012-Ori,,2014-05-13T00:00:00.000,POSITION J2000 77.902175 -2.38094,77.902175,-2.38094,ADP.2014-05-13T14:22:56.433,1,2011-04-09T13:14:46.813,434867,1347,,42.2,203.206022,-23.212542,,,,,,2,2009-10-05T08:37:20.203,55109.35926162,480.0,V1012-Ori_388037_2009-10-05T08:27:57.956_S0.4x11_NIR_NOD,ESO-VLT-U2,"ECHELLE,SLIT,NODDING",["388037"],IDP,XS_SFLX_388037_2009-10-05T08:27:57.956_S0.4x11_NIR_NOD.fits,,,true
http://archive.eso.org/datalink/links?ID=ivo://eso.org/ID?ADP.2014-05-13T14:22:56.200,,SPECTRUM,SPECTRUM (FLUX CALIBRATED),XSHOOTER,La Silla Paranal APEX,Non-solar,55109.35272003,2009-10-05T08:27:55.010,500.0,"[gte:533.66, lte:1020.0]",18340.0,,["084.C-0952"],"["OUDMAIJER, R.D."]","ESO, PHASE3",XSHOOTER,V1012-Ori,,2014-05-13T00:00:00.000,POSITION J2000 77.902175 -2.38094,77.902175,-2.38094,ADP.2014-05-13T14:22:56.200,1,2011-04-09T13:14:46.993,434864,1319,,111.4,203.206021,-23.212541,,,,,,2,2009-10-05T08:37:57.180,55109.35968959,500.0,V1012-Ori_388037_2009-10-05T08:27:55.011_S0.4x11_1x1_VIS_NOD,ESO-VLT-U2,"ECHELLE,SLIT,NODDING",["388037"],IDP,XS_SFLX_388037_2009-10-05T08:27:55.011_S0.4x11_1x1_VIS_NOD.fits,,,true
http://archive.eso.org/datalink/links?ID=ivo://eso.org/ID?ADP.2014-05-13T14:22:56.713,,SPECTRUM,SPECTRUM (FLUX CALIBRATED),XSHOOTER,La Silla Paranal APEX,Non-solar,55109.35266019,2009-10-05T08:27:49.840,500.0,"[gte:298.92, lte:555.98]",9861.0,,["084.C-0952"],"["OUDMAIJER, R.D."]","ESO, PHASE3",XSHOOTER,V1012-Ori,,2014-05-13T00:00:00.000,POSITION J2000 77.902175 -2.38094,77.902175,-2.38094,ADP.2014-05-13T14:22:56.713,1,2011-04-09T13:14:46.230,434863,722,,99.9,203.206021,-23.212541,,,,,,2,2009-10-05T08:37:21.840,55109.35928053,500.0,V1012-Ori_388037_2009-10-05T08:27:49.840_S0.5x11_1x1_UVB_NOD,ESO-VLT-U2,"ECHELLE,SLIT,NODDING",["388037"],IDP,XS_SFLX_388037_2009-10-05T08:27:49.840_S0.5x11_1x1_UVB_NOD.fits,,,true
http://archive.eso.org/datalink/links?ID=ivo://eso.org/ID?ADP.2014-05-13T14:22:56.580,,SPECTRUM,SPECTRUM (FLUX CALIBRATED),XSHOOTER,La Silla Paranal APEX,Non-solar,55109.36583652,2009-10-05T08:46:48.277,960.0,"[gte:994.02, lte:2478.96]",11424.0,,["084.C-0952"],"["OUDMAIJER, R.D."]","ESO, PHASE3",XSHOOTER,V1012-Ori,,2014-05-13T00:00:00.000,POSITION J2000 77.902219 -2.38087,77.902219,-2.38087,ADP.2014-05-13T14:22:56.580,1,2011-04-09T13:14:48.433,434865,1347,,63.9,203.205978,-23.21247,,,,,,2,2009-10-05T09:06:52.427,55109.37977347,960.0,V1012-Ori_388037_2009-10-05T08:46:48.275_S0.4x11_NIR_NOD,ESO-VLT-U2,"ECHELLE,SLIT,NODDING",["388037"],IDP,XS_SFLX_388037_2009-10-05T08:46:48.275_S0.4x11_NIR_NOD.fits,,,true
http://archive.eso.org/datalink/links?ID=ivo://eso.org/ID?ADP.2014-05-13T14:22:56.267,,SPECTRUM,SPECTRUM (FLUX CALIBRATED),XSHOOTER,La Silla Paranal APEX,Non-solar,55109.36579869,2009-10-05T08:46:45.007,1000.0,"[gte:533.66, lte:1020.0]",18340.0,,["084.C-0952"],"["OUDMAIJER, R.D."]","ESO, PHASE3",XSHOOTER,V1012-Ori,,2014-05-13T00:00:00.000,POSITION J2000 77.902219 -2.38087,77.902219,-2.38087,ADP.2014-05-13T14:22:56.267,1,2011-04-09T13:14:48.460,434860,1319,,167.0,203.205977,-23.212469,,,,,,2,2009-10-05T09:07:28.243,55109.38018799,1000.0,V1012-Ori_388037_2009-10-05T08:46:45.007_S0.4x11_1x1_VIS_NOD,ESO-VLT-U2,"ECHELLE,SLIT,NODDING",["388037"],IDP,XS_SFLX_388037_2009-10-05T08:46:45.007_S0.4x11_1x1_VIS_NOD.fits,,,true
http://archive.eso.org/datalink/links?ID=ivo://eso.org/ID?ADP.2014-05-13T14:22:56.567,,SPECTRUM,SPECTRUM (FLUX CALIBRATED),XSHOOTER,La Silla Paranal APEX,Non-solar,55109.36573885,2009-10-05T08:46:39.837,1000.0,"[gte:298.92, lte:555.98]",9861.0,,["084.C-0952"],"["OUDMAIJER, R.D."]","ESO, PHASE3",XSHOOTER,V1012-Ori,,2014-05-13T00:00:00.000,POSITION J2000 77.902219 -2.38087,77.902219,-2.38087,ADP.2014-05-13T14:22:56.567,1,2011-04-09T13:14:48.383,434862,722,,140.6,203.205977,-23.212469,,,,,,2,2009-10-05T09:06:54.090,55109.37979269,1000.0,V1012-Ori_388037_2009-10-05T08:46:39.837_S0.5x11_1x1_UVB_NOD,ESO-VLT-U2,"ECHELLE,SLIT,NODDING",["388037"],IDP,XS_SFLX_388037_2009-10-05T08:46:39.837_S0.5x11_1x1_UVB_NOD.fits,,,true
http://archive.eso.org/datalink/links?ID=ivo://eso.org/ID?ADP.2014-05-13T14:22:56.447,,SPECTRUM,SPECTRUM (FLUX CALIBRATED),XSHOOTER,La Silla Paranal APEX,Non-solar,55109.34992235,2009-10-05T08:23:53.290,1.0,"[gte:994.02, lte:2478.96]",11424.0,,["084.C-0952"],"["OUDMAIJER, R.D."]","ESO, PHASE3",XSHOOTER,V1012-Ori,,2014-05-13T00:00:00.000,POSITION J2000 77.90244 -2.38024,77.90244,-2.38024,ADP.2014-05-13T14:22:56.447,1,2011-04-09T13:14:45.817,434871,1350,,1.1,203.205491,-23.211974,,,,,,2,2009-10-05T08:23:54.290,55109.34993392,1.0,V1012-Ori_388037_2009-10-05T08:23:53.291_S0.4x11_NIR_STA,ESO-VLT-U2,"ECHELLE,SLIT,STARE",["388037"],IDP,XS_SFLX_388037_2009-10-05T08:23:53.291_S0.4x11_NIR_STA.fits,,,true
http://archive.eso.org/datalink/links?ID=ivo://eso.org/ID?ADP.2014-05-13T14:22:56.627,,SPECTRUM,SPECTRUM (FLUX CALIBRATED),XSHOOTER,La Silla Paranal APEX,Non-solar,55109.34989166,2009-10-05T08:23:50.640,60.0,"[gte:533.66, lte:1020.0]",18340.0,,["084.C-0952"],"["OUDMAIJER, R.D."]","ESO, PHASE3",XSHOOTER,V1012-Ori,,2014-05-13T00:00:00.000,POSITION J2000 77.90244 -2.38024,77.90244,-2.38024,ADP.2014-05-13T14:22:56.627,1,2011-04-09T13:14:45.560,434859,1321,,36.1,203.205491,-23.211974,,,,,,2,2009-10-05T08:24:50.640,55109.3505861,60.0,V1012-Ori_388037_2009-10-05T08:23:50.639_S0.4x11_1x1_VIS_STA,ESO-VLT-U2,"ECHELLE,SLIT,STARE",["388037"],IDP,XS_SFLX_388037_2009-10-05T08:23:50.639_S0.4x11_1x1_VIS_STA.fits,,,truehttp://archive.eso.org/datalink/links?ID=ivo://eso.org/ID?ADP.2014-05-13T15:25:03.857,,SPECTRUM,SPECTRUM (FLUX CALIBRATED),XSHOOTER,La Silla Paranal APEX,Non-solar,55171.19578001,2009-12-06T04:41:55.393,120.0,"[gte:994.02, lte:2478.96]",11424.0,,["084.C-0952"],"["OUDMAIJER, R.D."]","ESO, PHASE3",XSHOOTER,HD-34282,,2014-05-13T00:00:00.000,POSITION J2000 79.00205 -9.8107,79.00205,-9.8107,ADP.2014-05-13T15:25:03.857,1,2011-04-09T13:14:44.850,435579,1347,,143.3,211.020025,-25.619932,,,,,,2,2009-12-06T04:48:45.007,55171.20052093,120.0,HD-34282_388035_2009-12-06T04:41:55.393_S0.4x11_NIR_NOD,ESO-VLT-U2,"ECHELLE,SLIT,NODDING",["388035"],IDP,XS_SFLX_388035_2009-12-06T04:41:55.393_S0.4x11_NIR_NOD.fits,,,true
http://archive.eso.org/datalink/links?ID=ivo://eso.org/ID?ADP.2014-05-13T15:25:04.087,,SPECTRUM,SPECTRUM (FLUX CALIBRATED),XSHOOTER,La Silla Paranal APEX,Non-solar,55171.19574221,2009-12-06T04:41:52.127,120.0,"[gte:533.66, lte:1020.0]",18340.0,,["084.C-0952"],"["OUDMAIJER, R.D."]","ESO, PHASE3",XSHOOTER,HD-34282,,2014-05-13T00:00:00.000,POSITION J2000 79.00205 -9.8107,79.00205,-9.8107,ADP.2014-05-13T15:25:04.087,1,2011-04-09T13:14:44.900,435581,1319,,200.4,211.020024,-25.619931,,,,,,2,2009-12-06T04:49:27.173,55171.20100896,120.0,HD-34282_388035_2009-12-06T04:41:52.127_S0.4x11_1x1_VIS_NOD,ESO-VLT-U2,"ECHELLE,SLIT,NODDING",["388035"],IDP,XS_SFLX_388035_2009-12-06T04:41:52.127_S0.4x11_1x1_VIS_NOD.fits,,,true
http://archive.eso.org/datalink/links?ID=ivo://eso.org/ID?ADP.2014-05-13T15:25:03.597,,SPECTRUM,SPECTRUM (FLUX CALIBRATED),XSHOOTER,La Silla Paranal APEX,Non-solar,55171.19568178,2009-12-06T04:41:46.907,120.0,"[gte:298.92, lte:555.98]",9861.0,,["084.C-0952"],"["OUDMAIJER, R.D."]","ESO, PHASE3",XSHOOTER,HD-34282,,2014-05-13T00:00:00.000,POSITION J2000 79.00205 -9.8107,79.00205,-9.8107,ADP.2014-05-13T15:25:03.597,1,2011-04-09T13:14:44.877,435601,722,,246.0,211.020024,-25.619931,,,,,,2,2009-12-06T04:49:20.883,55171.20093615,120.0,HD-34282_388035_2009-12-06T04:41:46.906_S0.5x11_1x1_UVB_NOD,ESO-VLT-U2,"ECHELLE,SLIT,NODDING",["388035"],IDP,XS_SFLX_388035_2009-12-06T04:41:46.906_S0.5x11_1x1_UVB_NOD.fits,,,true
http://archive.eso.org/datalink/links?ID=ivo://eso.org/ID?ADP.2014-05-17T12:25:32.073,,SPECTRUM,SPECTRUM (FLUX CALIBRATED),XSHOOTER,La Silla Paranal APEX,Non-solar,56178.39591707,2012-09-08T09:30:07.237,16.0,"[gte:994.02, lte:2478.96]",1029.0,,["088.C-0218"],"["MENDIGUTIA, IGNACIO"]","ESO, PHASE3",XSHOOTER,HD 34282,,2014-05-17T00:00:00.000,POSITION J2000 79.001769 -9.81022,79.001769,-9.81022,ADP.2014-05-17T12:25:32.073,1,2014-01-15T16:35:22.267,458410,1350,,38.4,211.019412,-25.619975,,,,,,2,2012-09-08T09:31:42.987,56178.3970253,16.0,HD34282_763214_2012-09-08T09:30:07.235_S5.0x11_NIR_NOD,ESO-VLT-U2,"ECHELLE,SLIT,NODDING",["763214"],IDP,XS_SFLX_763214_2012-09-08T09:30:07.235_S5.0x11_NIR_NOD.fits,,,true
http://archive.eso.org/datalink/links?ID=ivo://eso.org/ID?ADP.2014-05-17T12:25:32.347,,SPECTRUM,SPECTRUM (FLUX CALIBRATED),XSHOOTER,La Silla Paranal APEX,Non-solar,56178.3958922,2012-09-08T09:30:05.087,28.0,"[gte:533.66, lte:1020.0]",1512.0,,["088.C-0218"],"["MENDIGUTIA, IGNACIO"]","ESO, PHASE3",XSHOOTER,HD 34282,,2014-05-17T00:00:00.000,POSITION J2000 79.001769 -9.81022,79.001769,-9.81022,ADP.2014-05-17T12:25:32.347,1,2014-01-15T16:29:09.010,458400,1321,,282.1,211.019412,-25.619975,,,,,,2,2012-09-08T09:31:44.183,56178.39703916,28.0,HD34282_763214_2012-09-08T09:30:05.086_S5.0x11_2x2_VIS_NOD,ESO-VLT-U2,"ECHELLE,SLIT,NODDING",["763214"],IDP,XS_SFLX_763214_2012-09-08T09:30:05.086_S5.0x11_2x2_VIS_NOD.fits,,,true
http://archive.eso.org/datalink/links?ID=ivo://eso.org/ID?ADP.2014-05-17T12:25:32.440,,SPECTRUM,SPECTRUM (FLUX CALIBRATED),XSHOOTER,La Silla Paranal APEX,Non-solar,56178.39583259,2012-09-08T09:29:59.937,20.0,"[gte:298.92, lte:555.98]",1040.0,,["088.C-0218"],"["MENDIGUTIA, IGNACIO"]","ESO, PHASE3",XSHOOTER,HD 34282,,2014-05-17T00:00:00.000,POSITION J2000 79.001769 -9.81022,79.001769,-9.81022,ADP.2014-05-17T12:25:32.440,1,2014-01-15T16:22:02.103,458411,725,,298.3,211.019412,-25.619975,,,,,,2,2012-09-08T09:31:37.023,56178.39695629,20.0,HD34282_763214_2012-09-08T09:29:59.936_S5.0x11_2x2_UVB_NOD,ESO-VLT-U2,"ECHELLE,SLIT,NODDING",["763214"],IDP,XS_SFLX_763214_2012-09-08T09:29:59.936_S5.0x11_2x2_UVB_NOD.fits,,,true
http://archive.eso.org/datalink/links?ID=ivo://eso.org/ID?ADP.2014-05-17T12:25:32.140,,SPECTRUM,SPECTRUM (FLUX CALIBRATED),XSHOOTER,La Silla Paranal APEX,Non-solar,56178.39236382,2012-09-08T09:25:00.233,48.0,"[gte:994.02, lte:2478.96]",5573.0,,["088.C-0218"],"["MENDIGUTIA, IGNACIO"]","ESO, PHASE3",XSHOOTER,HD 34282,,2014-05-17T00:00:00.000,POSITION J2000 79.001769 -9.81022,79.001769,-9.81022,ADP.2014-05-17T12:25:32.140,1,2014-01-15T06:40:42.330,458399,1350,,97.8,211.019412,-25.619975,,,,,,2,2012-09-08T09:28:25.303,56178.3947373,48.0,HD34282_763214_2012-09-08T09:25:00.234_S0.9x11_NIR_NOD,ESO-VLT-U2,"ECHELLE,SLIT,NODDING",["763214"],IDP,XS_SFLX_763214_2012-09-08T09:25:00.234_S0.9x11_NIR_NOD.fits,,,true
http://archive.eso.org/datalink/links?ID=ivo://eso.org/ID?ADP.2014-05-17T12:25:32.373,,SPECTRUM,SPECTRUM (FLUX CALIBRATED),XSHOOTER,La Silla Paranal APEX,Non-solar,56178.39233902,2012-09-08T09:24:58.090,100.0,"[gte:533.66, lte:1020.0]",8935.0,,["088.C-0218"],"["MENDIGUTIA, IGNACIO"]","ESO, PHASE3",XSHOOTER,HD 34282,,2014-05-17T00:00:00.000,POSITION J2000 79.001769 -9.81022,79.001769,-9.81022,ADP.2014-05-17T12:25:32.373,1,2014-01-15T06:22:12.970,458404,1321,,223.8,211.019412,-25.619975,,,,,,2,2012-09-08T09:28:36.297,56178.39486455,100.0,HD34282_763214_2012-09-08T09:24:58.092_S0.9x11_1x1_VIS_NOD,ESO-VLT-U2,"ECHELLE,SLIT,NODDING",["763214"],IDP,XS_SFLX_763214_2012-09-08T09:24:58.092_S0.9x11_1x1_VIS_NOD.fits,,,true
http://archive.eso.org/datalink/links?ID=ivo://eso.org/ID?ADP.2014-05-17T12:25:32.407,,SPECTRUM,SPECTRUM (FLUX CALIBRATED),XSHOOTER,La Silla Paranal APEX,Non-solar,56178.39227918,2012-09-08T09:24:52.920,40.0,"[gte:298.92, lte:555.98]",3251.0,,["088.C-0218"],"["MENDIGUTIA, IGNACIO"]","ESO, PHASE3",XSHOOTER,HD 34282,,2014-05-17T00:00:00.000,POSITION J2000 79.001769 -9.81022,79.001769,-9.81022,ADP.2014-05-17T12:25:32.407,1,2014-01-15T06:02:14.517,458403,725,,194.6,211.019412,-25.619975,,,,,,2,2012-09-08T09:28:16.137,56178.39463121,40.0,HD34282_763214_2012-09-08T09:24:52.921_S1.6x11_1x1_UVB_NOD,ESO-VLT-U2,"ECHELLE,SLIT,NODDING",["763214"],IDP,XS_SFLX_763214_2012-09-08T09:24:52.921_S1.6x11_1x1_UVB_NOD.fits,,,true
http://archive.eso.org/datalink/links?ID=ivo://eso.org/ID?ADP.2014-05-13T15:25:03.737,,SPECTRUM,SPECTRUM (FLUX CALIBRATED),XSHOOTER,La Silla Paranal APEX,Non-solar,55171.19506873,2009-12-06T04:40:53.937,1.0,"[gte:994.02, lte:2478.96]",11424.0,,["084.C-0952"],"["OUDMAIJER, R.D."]","ESO, PHASE3",XSHOOTER,HD-34282,,2014-05-13T00:00:00.000,POSITION J2000 79.002284 -9.80997,79.002284,-9.80997,ADP.2014-05-13T15:25:03.737,1,2011-04-09T13:14:44.327,435594,1350,,10.7,211.019404,-25.61941,,,,,,2,2009-12-06T04:40:54.937,55171.1950803,1.0,HD-34282_388035_2009-12-06T04:40:53.938_S0.4x11_NIR_STA,ESO-VLT-U2,"ECHELLE,SLIT,STARE",["388035"],IDP,XS_SFLX_388035_2009-12-06T04:40:53.938_S0.4x11_NIR_STA.fits,,,true
http://archive.eso.org/datalink/links?ID=ivo://eso.org/ID?ADP.2014-05-13T15:25:03.830,,SPECTRUM,SPECTRUM (FLUX CALIBRATED),XSHOOTER,La Silla Paranal APEX,Non-solar,55171.19503451,2009-12-06T04:40:50.983,5.0,"[gte:533.66, lte:1020.0]",18340.0,,["084.C-0952"],"["OUDMAIJER, R.D."]","ESO, PHASE3",XSHOOTER,HD-34282,,2014-05-13T00:00:00.000,POSITION J2000 79.002284 -9.80997,79.002284,-9.80997,ADP.2014-05-13T15:25:03.830,1,2011-04-09T13:14:44.303,435590,1321,,43.2,211.019404,-25.619409,,,,,,2,2009-12-06T04:40:55.983,55171.19509238,5.0,HD-34282_388035_2009-12-06T04:40:50.982_S0.4x11_1x1_VIS_STA,ESO-VLT-U2,"ECHELLE,SLIT,STARE",["388035"],IDP,XS_SFLX_388035_2009-12-06T04:40:50.982_S0.4x11_1x1_VIS_STA.fits,,,true
http://archive.eso.org/datalink/links?ID=ivo://eso.org/ID?ADP.2014-05-13T15:25:04.120,,SPECTRUM,SPECTRUM (FLUX CALIBRATED),XSHOOTER,La Silla Paranal APEX,Non-solar,55171.1949742,2009-12-06T04:40:45.770,5.0,"[gte:298.92, lte:555.98]",9861.0,,["084.C-0952"],"["OUDMAIJER, R.D."]","ESO, PHASE3",XSHOOTER,HD-34282,,2014-05-13T00:00:00.000,POSITION J2000 79.002284 -9.80997,79.002284,-9.80997,ADP.2014-05-13T15:25:04.120,1,2011-04-09T13:14:44.280,435580,722,,52.6,211.019404,-25.619409,,,,,,2,2009-12-06T04:40:50.770,55171.19503207,5.0,HD-34282_388035_2009-12-06T04:40:45.771_S0.5x11_1x1_UVB_STA,ESO-VLT-U2,"ECHELLE,SLIT,STARE",["388035"],IDP,XS_SFLX_388035_2009-12-06T04:40:45.771_S0.5x11_1x1_UVB_STA.fits,,,true
http://archive.eso.org/datalink/links?ID=ivo://eso.org/ID?ADP.2014-05-17T09:02:22.887,,SPECTRUM,SPECTRUM (FLUX CALIBRATED),XSHOOTER,La Silla Paranal APEX,Non-solar,55986.10549796,2012-02-29T02:31:55.023,16.0,"[gte:994.02, lte:2478.96]",1029.0,,["088.C-0218"],"["MENDIGUTIA, IGNACIO"]","ESO, PHASE3",XSHOOTER,HD-34282,,2014-05-17T00:00:00.000,POSITION J2000 79.002582 -9.80985,79.002582,-9.80985,ADP.2014-05-17T09:02:22.887,1,2013-04-20T14:21:54.637,455511,1347,,44.4,211.019424,-25.619093,,,,,,2,2012-02-29T02:33:30.773,55986.10660616,16.0,HD-34282_586423_2012-02-29T02:31:55.024_S5.0x11_NIR_NOD,ESO-VLT-U2,"ECHELLE,SLIT,NODDING",["586423"],IDP,XS_SFLX_586423_2012-02-29T02:31:55.024_S5.0x11_NIR_NOD.fits,,,true
http://archive.eso.org/datalink/links?ID=ivo://eso.org/ID?ADP.2014-05-17T09:02:22.500,,SPECTRUM,SPECTRUM (FLUX CALIBRATED),XSHOOTER,La Silla Paranal APEX,Non-solar,55986.10546118,2012-02-29T02:31:51.847,28.0,"[gte:533.66, lte:1020.0]",1512.0,,["088.C-0218"],"["MENDIGUTIA, IGNACIO"]","ESO, PHASE3",XSHOOTER,HD-34282,,2014-05-17T00:00:00.000,POSITION J2000 79.002582 -9.80985,79.002582,-9.80985,ADP.2014-05-17T09:02:22.500,1,2013-04-20T14:21:54.637,455500,1319,,284.7,211.019424,-25.619093,,,,,,2,2012-02-29T02:33:30.833,55986.10660687,28.0,HD-34282_586423_2012-02-29T02:31:51.847_S5.0x11_2x2_VIS_NOD,ESO-VLT-U2,"ECHELLE,SLIT,NODDING",["586423"],IDP,XS_SFLX_586423_2012-02-29T02:31:51.847_S5.0x11_2x2_VIS_NOD.fits,,,true
http://archive.eso.org/datalink/links?ID=ivo://eso.org/ID?ADP.2014-05-17T09:02:22.297,,SPECTRUM,SPECTRUM (FLUX CALIBRATED),XSHOOTER,La Silla Paranal APEX,Non-solar,55986.10540169,2012-02-29T02:31:46.707,20.0,"[gte:298.92, lte:555.98]",1040.0,,["088.C-0218"],"["MENDIGUTIA, IGNACIO"]","ESO, PHASE3",XSHOOTER,HD-34282,,2014-05-17T00:00:00.000,POSITION J2000 79.002582 -9.80985,79.002582,-9.80985,ADP.2014-05-17T09:02:22.297,1,2013-04-20T14:21:54.637,455494,722,,292.9,211.019424,-25.619092,,,,,,2,2012-02-29T02:33:23.663,55986.10652388,20.0,HD-34282_586423_2012-02-29T02:31:46.706_S5.0x11_2x2_UVB_NOD,ESO-VLT-U2,"ECHELLE,SLIT,NODDING",["586423"],IDP,XS_SFLX_586423_2012-02-29T02:31:46.706_S5.0x11_2x2_UVB_NOD.fits,,,true
http://archive.eso.org/datalink/links?ID=ivo://eso.org/ID?ADP.2014-05-17T09:02:22.183,,SPECTRUM,SPECTRUM (FLUX CALIBRATED),XSHOOTER,La Silla Paranal APEX,Non-solar,55986.10196791,2012-02-29T02:26:50.027,48.0,"[gte:994.02, lte:2478.96]",5573.0,,["088.C-0218"],"["MENDIGUTIA, IGNACIO"]","ESO, PHASE3",XSHOOTER,HD-34282,,2014-05-17T00:00:00.000,POSITION J2000 79.002582 -9.80985,79.002582,-9.80985,ADP.2014-05-17T09:02:22.183,1,2013-04-20T14:21:54.637,455497,1347,,108.4,211.019424,-25.619093,,,,,,2,2012-02-29T02:30:15.143,55986.10434194,48.0,HD-34282_586423_2012-02-29T02:26:50.027_S0.9x11_NIR_NOD,ESO-VLT-U2,"ECHELLE,SLIT,NODDING",["586423"],IDP,XS_SFLX_586423_2012-02-29T02:26:50.027_S0.9x11_NIR_NOD.fits,,,true
http://archive.eso.org/datalink/links?ID=ivo://eso.org/ID?ADP.2014-05-17T09:02:22.867,,SPECTRUM,SPECTRUM (FLUX CALIBRATED),XSHOOTER,La Silla Paranal APEX,Non-solar,55986.10193335,2012-02-29T02:26:47.040,100.0,"[gte:533.66, lte:1020.0]",8935.0,,["088.C-0218"],"["MENDIGUTIA, IGNACIO"]","ESO, PHASE3",XSHOOTER,HD-34282,,2014-05-17T00:00:00.000,POSITION J2000 79.002582 -9.80985,79.002582,-9.80985,ADP.2014-05-17T09:02:22.867,1,2013-04-20T14:21:54.637,455486,1319,,220.2,211.019424,-25.619093,,,,,,2,2012-02-29T02:30:25.297,55986.10445946,100.0,HD-34282_586423_2012-02-29T02:26:47.042_S0.9x11_1x1_VIS_NOD,ESO-VLT-U2,"ECHELLE,SLIT,NODDING",["586423"],IDP,XS_SFLX_586423_2012-02-29T02:26:47.042_S0.9x11_1x1_VIS_NOD.fits,,,truehttp://archive.eso.org/datalink/links?ID=ivo://eso.org/ID?ADP.2014-05-13T15:25:03.810,,SPECTRUM,SPECTRUM (FLUX CALIBRATED),XSHOOTER,La Silla Paranal APEX,Non-solar,55171.2078633,2009-12-06T04:59:19.390,120.0,"[gte:994.02, lte:2478.96]",11424.0,,["084.C-0952"],"["OUDMAIJER, R.D."]","ESO, PHASE3",XSHOOTER,PDS-179,,2014-05-13T00:00:00.000,POSITION J2000 81.033847 2.46236,81.033847,2.46236,ADP.2014-05-13T15:25:03.810,1,2011-04-09T13:13:25.207,435602,1347,,164.6,200.314616,-18.118705,,,,,,2,2009-12-06T05:06:09.180,55171.21260624,120.0,PDS-179_387922_2009-12-06T04:59:19.389_S0.4x11_NIR_NOD,ESO-VLT-U2,"ECHELLE,SLIT,NODDING",["387922"],IDP,XS_SFLX_387922_2009-12-06T04:59:19.389_S0.4x11_NIR_NOD.fits,,,true
http://archive.eso.org/datalink/links?ID=ivo://eso.org/ID?ADP.2014-05-13T15:25:03.630,,SPECTRUM,SPECTRUM (FLUX CALIBRATED),XSHOOTER,La Silla Paranal APEX,Non-solar,55171.20782761,2009-12-06T04:59:16.307,120.0,"[gte:533.66, lte:1020.0]",18340.0,,["084.C-0952"],"["OUDMAIJER, R.D."]","ESO, PHASE3",XSHOOTER,PDS-179,,2014-05-13T00:00:00.000,POSITION J2000 81.033847 2.46236,81.033847,2.46236,ADP.2014-05-13T15:25:03.630,1,2011-04-09T13:13:25.257,435585,1319,,198.4,200.314615,-18.118704,,,,,,2,2009-12-06T05:06:51.583,55171.21309702,120.0,PDS-179_387922_2009-12-06T04:59:16.306_S0.4x11_1x1_VIS_NOD,ESO-VLT-U2,"ECHELLE,SLIT,NODDING",["387922"],IDP,XS_SFLX_387922_2009-12-06T04:59:16.306_S0.4x11_1x1_VIS_NOD.fits,,,true
http://archive.eso.org/datalink/links?ID=ivo://eso.org/ID?ADP.2014-05-13T15:25:03.763,,SPECTRUM,SPECTRUM (FLUX CALIBRATED),XSHOOTER,La Silla Paranal APEX,Non-solar,55171.20776776,2009-12-06T04:59:11.133,120.0,"[gte:298.92, lte:555.98]",9861.0,,["084.C-0952"],"["OUDMAIJER, R.D."]","ESO, PHASE3",XSHOOTER,PDS-179,,2014-05-13T00:00:00.000,POSITION J2000 81.033847 2.46236,81.033847,2.46236,ADP.2014-05-13T15:25:03.763,1,2011-04-09T13:13:25.230,435587,722,,244.2,200.314615,-18.118704,,,,,,2,2009-12-06T05:06:45.323,55171.21302456,120.0,PDS-179_387922_2009-12-06T04:59:11.134_S0.5x11_1x1_UVB_NOD,ESO-VLT-U2,"ECHELLE,SLIT,NODDING",["387922"],IDP,XS_SFLX_387922_2009-12-06T04:59:11.134_S0.5x11_1x1_UVB_NOD.fits,,,true
http://archive.eso.org/datalink/links?ID=ivo://eso.org/ID?ADP.2014-05-13T15:25:03.590,,SPECTRUM,SPECTRUM (FLUX CALIBRATED),XSHOOTER,La Silla Paranal APEX,Non-solar,55171.20716475,2009-12-06T04:58:19.033,1.0,"[gte:994.02, lte:2478.96]",11424.0,,["084.C-0952"],"["OUDMAIJER, R.D."]","ESO, PHASE3",XSHOOTER,PDS-179,,2014-05-13T00:00:00.000,POSITION J2000 81.033939 2.46312,81.033939,2.46312,ADP.2014-05-13T15:25:03.590,1,2011-04-09T13:13:24.723,435593,1350,,5.7,200.313969,-18.118249,,,,,,2,2009-12-06T04:58:20.033,55171.20717632,1.0,PDS-179_387922_2009-12-06T04:58:19.034_S0.4x11_NIR_STA,ESO-VLT-U2,"ECHELLE,SLIT,STARE",["387922"],IDP,XS_SFLX_387922_2009-12-06T04:58:19.034_S0.4x11_NIR_STA.fits,,,true
http://archive.eso.org/datalink/links?ID=ivo://eso.org/ID?ADP.2014-05-13T15:25:03.750,,SPECTRUM,SPECTRUM (FLUX CALIBRATED),XSHOOTER,La Silla Paranal APEX,Non-solar,55171.20713264,2009-12-06T04:58:16.260,5.0,"[gte:533.66, lte:1020.0]",18340.0,,["084.C-0952"],"["OUDMAIJER, R.D."]","ESO, PHASE3",XSHOOTER,PDS-179,,2014-05-13T00:00:00.000,POSITION J2000 81.033939 2.46312,81.033939,2.46312,ADP.2014-05-13T15:25:03.750,1,2011-04-09T13:13:24.697,435595,1321,,40.2,200.313968,-18.118249,,,,,,2,2009-12-06T04:58:21.260,55171.20719051,5.0,PDS-179_387922_2009-12-06T04:58:16.260_S0.4x11_1x1_VIS_STA,ESO-VLT-U2,"ECHELLE,SLIT,STARE",["387922"],IDP,XS_SFLX_387922_2009-12-06T04:58:16.260_S0.4x11_1x1_VIS_STA.fits,,,truehttp://archive.eso.org/datalink/links?ID=ivo://eso.org/ID?ADP.2014-05-13T15:25:03.583,,SPECTRUM,SPECTRUM (FLUX CALIBRATED),XSHOOTER,La Silla Paranal APEX,Non-solar,55171.22517928,2009-12-06T05:24:15.490,360.0,"[gte:994.02, lte:2478.96]",11424.0,,["084.C-0952"],"["OUDMAIJER, R.D."]","ESO, PHASE3",XSHOOTER,V346-Ori,,2014-05-13T00:00:00.000,POSITION J2000 81.178622 1.72928,81.178622,1.72928,ADP.2014-05-13T15:25:03.583,1,2011-04-09T13:14:44.223,435599,1347,,148.3,201.061393,-18.353814,,,,,,2,2009-12-06T05:32:49.747,55171.23113133,360.0,V346-Ori_388033_2009-12-06T05:24:15.490_S0.4x11_NIR_NOD,ESO-VLT-U2,"ECHELLE,SLIT,NODDING",["388033"],IDP,XS_SFLX_388033_2009-12-06T05:24:15.490_S0.4x11_NIR_NOD.fits,,,true
http://archive.eso.org/datalink/links?ID=ivo://eso.org/ID?ADP.2014-05-13T15:25:03.870,,SPECTRUM,SPECTRUM (FLUX CALIBRATED),XSHOOTER,La Silla Paranal APEX,Non-solar,55171.22513868,2009-12-06T05:24:11.983,360.0,"[gte:533.66, lte:1020.0]",18340.0,,["084.C-0952"],"["OUDMAIJER, R.D."]","ESO, PHASE3",XSHOOTER,V346-Ori,,2014-05-13T00:00:00.000,POSITION J2000 81.178623 1.72928,81.178623,1.72928,ADP.2014-05-13T15:25:03.870,1,2011-04-09T13:14:44.193,435583,1319,,337.7,201.061393,-18.353813,,,,,,2,2009-12-06T05:32:46.407,55171.23109268,360.0,V346-Ori_388033_2009-12-06T05:24:11.982_S0.4x11_1x1_VIS_NOD,ESO-VLT-U2,"ECHELLE,SLIT,NODDING",["388033"],IDP,XS_SFLX_388033_2009-12-06T05:24:11.982_S0.4x11_1x1_VIS_NOD.fits,,,true
http://archive.eso.org/datalink/links?ID=ivo://eso.org/ID?ADP.2014-05-13T15:25:03.603,,SPECTRUM,SPECTRUM (FLUX CALIBRATED),XSHOOTER,La Silla Paranal APEX,Non-solar,55171.22507884,2009-12-06T05:24:06.813,360.0,"[gte:298.92, lte:555.98]",9861.0,,["084.C-0952"],"["OUDMAIJER, R.D."]","ESO, PHASE3",XSHOOTER,V346-Ori,,2014-05-13T00:00:00.000,POSITION J2000 81.178623 1.72928,81.178623,1.72928,ADP.2014-05-13T15:25:03.603,1,2011-04-09T13:14:44.170,435598,722,,351.2,201.061393,-18.353813,,,,,,2,2009-12-06T05:32:41.137,55171.23103168,360.0,V346-Ori_388033_2009-12-06T05:24:06.812_S0.5x11_1x1_UVB_NOD,ESO-VLT-U2,"ECHELLE,SLIT,NODDING",["388033"],IDP,XS_SFLX_388033_2009-12-06T05:24:06.812_S0.5x11_1x1_UVB_NOD.fits,,,true
http://archive.eso.org/datalink/links?ID=ivo://eso.org/ID?ADP.2014-05-13T15:25:03.677,,SPECTRUM,SPECTRUM (FLUX CALIBRATED),XSHOOTER,La Silla Paranal APEX,Non-solar,55171.22441903,2009-12-06T05:23:09.803,1.0,"[gte:994.02, lte:2478.96]",11424.0,,["084.C-0952"],"["OUDMAIJER, R.D."]","ESO, PHASE3",XSHOOTER,V346-Ori,,2014-05-13T00:00:00.000,POSITION J2000 81.178532 1.73007,81.178532,1.73007,ADP.2014-05-13T15:25:03.677,1,2011-04-09T13:14:43.690,435592,1350,,6.9,201.060621,-18.353505,,,,,,2,2009-12-06T05:23:10.803,55171.2244306,1.0,V346-Ori_388033_2009-12-06T05:23:09.804_S0.4x11_NIR_STA,ESO-VLT-U2,"ECHELLE,SLIT,STARE",["388033"],IDP,XS_SFLX_388033_2009-12-06T05:23:09.804_S0.4x11_NIR_STA.fits,,,true
http://archive.eso.org/datalink/links?ID=ivo://eso.org/ID?ADP.2014-05-13T15:25:03.467,,SPECTRUM,SPECTRUM (FLUX CALIBRATED),XSHOOTER,La Silla Paranal APEX,Non-solar,55171.22438364,2009-12-06T05:23:06.747,10.0,"[gte:533.66, lte:1020.0]",18340.0,,["084.C-0952"],"["OUDMAIJER, R.D."]","ESO, PHASE3",XSHOOTER,V346-Ori,,2014-05-13T00:00:00.000,POSITION J2000 81.178532 1.73007,81.178532,1.73007,ADP.2014-05-13T15:25:03.467,1,2011-04-09T13:14:43.667,435597,1321,,56.7,201.060621,-18.353504,,,,,,2,2009-12-06T05:23:16.747,55171.22449938,10.0,V346-Ori_388033_2009-12-06T05:23:06.746_S0.4x11_1x1_VIS_STA,ESO-VLT-U2,"ECHELLE,SLIT,STARE",["388033"],IDP,XS_SFLX_388033_2009-12-06T05:23:06.746_S0.4x11_1x1_VIS_STA.fits,,,truehttp://archive.eso.org/datalink/links?ID=ivo://eso.org/ID?ADP.2014-05-13T15:48:44.593,,SPECTRUM,SPECTRUM (FLUX CALIBRATED),XSHOOTER,La Silla Paranal APEX,Non-solar,55198.02238767,2010-01-02T00:32:14.297,120.0,"[gte:994.02, lte:2478.96]",11424.0,,["084.C-0952"],"["OUDMAIJER, R.D."]","ESO, PHASE3",XSHOOTER,PDS-114,,2014-05-13T00:00:00.000,POSITION J2000 81.772183 0.41804,81.772183,0.41804,ADP.2014-05-13T15:48:44.593,1,2011-01-21T13:07:49.117,436035,1347,,76.1,202.573052,-18.473952,,,,,,2,2010-01-02T00:39:04.087,55198.02713065,120.0,PDS-114_387920_2010-01-02T00:32:14.295_S0.4x11_NIR_NOD,ESO-VLT-U2,"ECHELLE,SLIT,NODDING",["387920"],IDP,XS_SFLX_387920_2010-01-02T00:32:14.295_S0.4x11_NIR_NOD.fits,,,true
http://archive.eso.org/datalink/links?ID=ivo://eso.org/ID?ADP.2014-05-13T15:48:44.667,,SPECTRUM,SPECTRUM (FLUX CALIBRATED),XSHOOTER,La Silla Paranal APEX,Non-solar,55198.02235139,2010-01-02T00:32:11.160,120.0,"[gte:533.66, lte:1020.0]",18340.0,,["084.C-0952"],"["OUDMAIJER, R.D."]","ESO, PHASE3",XSHOOTER,PDS-114,,2014-05-13T00:00:00.000,POSITION J2000 81.772183 0.41804,81.772183,0.41804,ADP.2014-05-13T15:48:44.667,1,2011-01-21T13:07:49.093,436014,1319,,150.5,202.573051,-18.473951,,,,,,2,2010-01-02T00:39:46.407,55198.02762045,120.0,PDS-114_387920_2010-01-02T00:32:11.160_S0.4x11_1x1_VIS_NOD,ESO-VLT-U2,"ECHELLE,SLIT,NODDING",["387920"],IDP,XS_SFLX_387920_2010-01-02T00:32:11.160_S0.4x11_1x1_VIS_NOD.fits,,,true
http://archive.eso.org/datalink/links?ID=ivo://eso.org/ID?ADP.2014-05-13T15:48:44.807,,SPECTRUM,SPECTRUM (FLUX CALIBRATED),XSHOOTER,La Silla Paranal APEX,Non-solar,55198.02229154,2010-01-02T00:32:05.990,120.0,"[gte:298.92, lte:555.98]",9861.0,,["084.C-0952"],"["OUDMAIJER, R.D."]","ESO, PHASE3",XSHOOTER,PDS-114,,2014-05-13T00:00:00.000,POSITION J2000 81.772183 0.41804,81.772183,0.41804,ADP.2014-05-13T15:48:44.807,1,2011-01-21T13:07:49.033,436013,722,,196.2,202.573051,-18.473951,,,,,,2,2010-01-02T00:39:40.157,55198.02754811,120.0,PDS-114_387920_2010-01-02T00:32:05.989_S0.5x11_1x1_UVB_NOD,ESO-VLT-U2,"ECHELLE,SLIT,NODDING",["387920"],IDP,XS_SFLX_387920_2010-01-02T00:32:05.989_S0.5x11_1x1_UVB_NOD.fits,,,true
http://archive.eso.org/datalink/links?ID=ivo://eso.org/ID?ADP.2014-05-13T15:48:45.053,,SPECTRUM,SPECTRUM (FLUX CALIBRATED),XSHOOTER,La Silla Paranal APEX,Non-solar,55198.02167966,2010-01-02T00:31:13.123,1.0,"[gte:994.02, lte:2478.96]",11424.0,,["084.C-0952"],"["OUDMAIJER, R.D."]","ESO, PHASE3",XSHOOTER,PDS-114,,2014-05-13T00:00:00.000,POSITION J2000 81.772868 0.41848,81.772868,0.41848,ADP.2014-05-13T15:48:45.053,1,2011-01-21T13:07:48.963,436036,1350,,2.2,202.572995,-18.47314,,,,,,2,2010-01-02T00:31:14.123,55198.02169123,1.0,PDS-114_387920_2010-01-02T00:31:13.123_S0.4x11_NIR_STA,ESO-VLT-U2,"ECHELLE,SLIT,STARE",["387920"],IDP,XS_SFLX_387920_2010-01-02T00:31:13.123_S0.4x11_NIR_STA.fits,,,true
http://archive.eso.org/datalink/links?ID=ivo://eso.org/ID?ADP.2014-05-13T15:48:45.153,,SPECTRUM,SPECTRUM (FLUX CALIBRATED),XSHOOTER,La Silla Paranal APEX,Non-solar,55198.02164795,2010-01-02T00:31:10.383,5.0,"[gte:533.66, lte:1020.0]",18340.0,,["084.C-0952"],"["OUDMAIJER, R.D."]","ESO, PHASE3",XSHOOTER,PDS-114,,2014-05-13T00:00:00.000,POSITION J2000 81.772868 0.41848,81.772868,0.41848,ADP.2014-05-13T15:48:45.153,1,2011-01-21T13:07:48.957,436038,1319,,24.8,202.572994,-18.473139,,,,,,2,2010-01-02T00:31:15.383,55198.02170582,5.0,PDS-114_387920_2010-01-02T00:31:10.383_S0.4x11_1x1_VIS_STA,ESO-VLT-U2,"ECHELLE,SLIT,STARE",["387920"],IDP,XS_SFLX_387920_2010-01-02T00:31:10.383_S0.4x11_1x1_VIS_STA.fits,,,truehttp://archive.eso.org/datalink/links?ID=ivo://eso.org/ID?ADP.2014-05-13T15:31:37.567,,SPECTRUM,SPECTRUM (FLUX CALIBRATED),XSHOOTER,La Silla Paranal APEX,Non-solar,55182.11854323,2009-12-17T02:50:42.137,160.0,"[gte:994.02, lte:2478.96]",11424.0,,["084.C-0952"],"["OUDMAIJER, R.D."]","ESO, PHASE3",XSHOOTER,HD-35929,,2014-05-13T00:00:00.000,POSITION J2000 81.927843 -8.32801,81.927843,-8.32801,ADP.2014-05-13T15:31:37.567,1,2011-04-09T13:14:43.397,435711,1347,,194.2,210.931579,-22.37357,,,,,,2,2009-12-17T02:57:11.260,55182.12304699,160.0,HD-35929_388031_2009-12-17T02:50:42.135_S0.4x11_NIR_NOD,ESO-VLT-U2,"ECHELLE,SLIT,NODDING",["388031"],IDP,XS_SFLX_388031_2009-12-17T02:50:42.135_S0.4x11_NIR_NOD.fits,,,true
http://archive.eso.org/datalink/links?ID=ivo://eso.org/ID?ADP.2014-05-13T15:31:37.027,,SPECTRUM,SPECTRUM (FLUX CALIBRATED),XSHOOTER,La Silla Paranal APEX,Non-solar,55182.11850852,2009-12-17T02:50:39.137,80.0,"[gte:533.66, lte:1020.0]",18340.0,,["084.C-0952"],"["OUDMAIJER, R.D."]","ESO, PHASE3",XSHOOTER,HD-35929,,2014-05-13T00:00:00.000,POSITION J2000 81.927843 -8.32801,81.927843,-8.32801,ADP.2014-05-13T15:31:37.027,1,2011-04-09T13:14:43.587,435712,1319,,403.1,210.931579,-22.37357,,,,,,2,2009-12-17T02:57:33.233,55182.12330129,80.0,HD-35929_388031_2009-12-17T02:50:39.136_S0.4x11_1x1_VIS_NOD,ESO-VLT-U2,"ECHELLE,SLIT,NODDING",["388031"],IDP,XS_SFLX_388031_2009-12-17T02:50:39.136_S0.4x11_1x1_VIS_NOD.fits,,,true
http://archive.eso.org/datalink/links?ID=ivo://eso.org/ID?ADP.2014-05-13T15:31:37.300,,SPECTRUM,SPECTRUM (FLUX CALIBRATED),XSHOOTER,La Silla Paranal APEX,Non-solar,55182.11844856,2009-12-17T02:50:33.957,80.0,"[gte:298.92, lte:555.98]",9861.0,,["084.C-0952"],"["OUDMAIJER, R.D."]","ESO, PHASE3",XSHOOTER,HD-35929,,2014-05-13T00:00:00.000,POSITION J2000 81.927843 -8.32801,81.927843,-8.32801,ADP.2014-05-13T15:31:37.300,1,2011-04-09T13:14:43.423,435735,722,,385.9,210.931579,-22.37357,,,,,,2,2009-12-17T02:57:27.030,55182.12322952,80.0,HD-35929_388031_2009-12-17T02:50:33.956_S0.5x11_1x1_UVB_NOD,ESO-VLT-U2,"ECHELLE,SLIT,NODDING",["388031"],IDP,XS_SFLX_388031_2009-12-17T02:50:33.956_S0.5x11_1x1_UVB_NOD.fits,,,true
http://archive.eso.org/datalink/links?ID=ivo://eso.org/ID?ADP.2014-05-13T15:31:37.440,,SPECTRUM,SPECTRUM (FLUX CALIBRATED),XSHOOTER,La Silla Paranal APEX,Non-solar,55182.11787492,2009-12-17T02:49:44.393,1.0,"[gte:994.02, lte:2478.96]",11424.0,,["084.C-0952"],"["OUDMAIJER, R.D."]","ESO, PHASE3",XSHOOTER,HD-35929,,2014-05-13T00:00:00.000,POSITION J2000 81.928408 -8.32758,81.928408,-8.32758,ADP.2014-05-13T15:31:37.440,1,2011-04-09T13:14:42.497,435720,1350,,27.0,210.931426,-22.372879,,,,,,2,2009-12-17T02:49:45.393,55182.11788649,1.0,HD-35929_388031_2009-12-17T02:49:44.393_S0.4x11_NIR_STA,ESO-VLT-U2,"ECHELLE,SLIT,STARE",["388031"],IDP,XS_SFLX_388031_2009-12-17T02:49:44.393_S0.4x11_NIR_STA.fits,,,true
http://archive.eso.org/datalink/links?ID=ivo://eso.org/ID?ADP.2014-05-13T15:31:37.887,,SPECTRUM,SPECTRUM (FLUX CALIBRATED),XSHOOTER,La Silla Paranal APEX,Non-solar,55182.11784146,2009-12-17T02:49:41.503,1.0,"[gte:533.66, lte:1020.0]",18340.0,,["084.C-0952"],"["OUDMAIJER, R.D."]","ESO, PHASE3",XSHOOTER,HD-35929,,2014-05-13T00:00:00.000,POSITION J2000 81.928408 -8.32758,81.928408,-8.32758,ADP.2014-05-13T15:31:37.887,1,2011-04-09T13:14:42.460,435743,1321,,40.9,210.931426,-22.372879,,,,,,2,2009-12-17T02:49:42.503,55182.11785303,1.0,HD-35929_388031_2009-12-17T02:49:41.502_S0.4x11_1x1_VIS_STA,ESO-VLT-U2,"ECHELLE,SLIT,STARE",["388031"],IDP,XS_SFLX_388031_2009-12-17T02:49:41.502_S0.4x11_1x1_VIS_STA.fits,,,truehttp://archive.eso.org/datalink/links?ID=ivo://eso.org/ID?ADP.2014-05-13T15:31:38.153,,SPECTRUM,SPECTRUM (FLUX CALIBRATED),XSHOOTER,La Silla Paranal APEX,Non-solar,55182.14134391,2009-12-17T03:23:32.113,600.0,"[gte:994.02, lte:2478.96]",11424.0,,["084.C-0952"],"["OUDMAIJER, R.D."]","ESO, PHASE3",XSHOOTER,HD-290500,,2014-05-13T00:00:00.000,POSITION J2000 82.450006 -0.39607,82.450006,-0.39607,ADP.2014-05-13T15:31:38.153,1,2011-04-09T13:13:23.863,435748,1347,,270.0,203.668568,-18.27075,,,,,,2,2009-12-17T03:36:10.363,55182.15011994,600.0,HD-290500_387918_2009-12-17T03:23:32.114_S0.4x11_NIR_NOD,ESO-VLT-U2,"ECHELLE,SLIT,NODDING",["387918"],IDP,XS_SFLX_387918_2009-12-17T03:23:32.114_S0.4x11_NIR_NOD.fits,,,true
http://archive.eso.org/datalink/links?ID=ivo://eso.org/ID?ADP.2014-05-13T15:31:38.200,,SPECTRUM,SPECTRUM (FLUX CALIBRATED),XSHOOTER,La Silla Paranal APEX,Non-solar,55182.14130953,2009-12-17T03:23:29.143,600.0,"[gte:533.66, lte:1020.0]",18340.0,,["084.C-0952"],"["OUDMAIJER, R.D."]","ESO, PHASE3",XSHOOTER,HD-290500,,2014-05-13T00:00:00.000,POSITION J2000 82.450006 -0.39607,82.450006,-0.39607,ADP.2014-05-13T15:31:38.200,1,2011-04-09T13:13:23.840,435713,1319,,295.8,203.668567,-18.27075,,,,,,2,2009-12-17T03:36:07.147,55182.15008269,600.0,HD-290500_387918_2009-12-17T03:23:29.143_S0.4x11_1x1_VIS_NOD,ESO-VLT-U2,"ECHELLE,SLIT,NODDING",["387918"],IDP,XS_SFLX_387918_2009-12-17T03:23:29.143_S0.4x11_1x1_VIS_NOD.fits,,,true
http://archive.eso.org/datalink/links?ID=ivo://eso.org/ID?ADP.2014-05-13T15:31:37.187,,SPECTRUM,SPECTRUM (FLUX CALIBRATED),XSHOOTER,La Silla Paranal APEX,Non-solar,55182.14124957,2009-12-17T03:23:23.963,600.0,"[gte:298.92, lte:555.98]",9861.0,,["084.C-0952"],"["OUDMAIJER, R.D."]","ESO, PHASE3",XSHOOTER,HD-290500,,2014-05-13T00:00:00.000,POSITION J2000 82.450006 -0.39607,82.450006,-0.39607,ADP.2014-05-13T15:31:37.187,1,2011-04-09T13:13:23.817,435715,722,,305.6,203.668567,-18.27075,,,,,,2,2009-12-17T03:36:01.933,55182.15002238,600.0,HD-290500_387918_2009-12-17T03:23:23.963_S0.5x11_1x1_UVB_NOD,ESO-VLT-U2,"ECHELLE,SLIT,NODDING",["387918"],IDP,XS_SFLX_387918_2009-12-17T03:23:23.963_S0.5x11_1x1_UVB_NOD.fits,,,true
http://archive.eso.org/datalink/links?ID=ivo://eso.org/ID?ADP.2014-05-13T15:31:37.220,,SPECTRUM,SPECTRUM (FLUX CALIBRATED),XSHOOTER,La Silla Paranal APEX,Non-solar,55182.14046323,2009-12-17T03:22:16.023,1.0,"[gte:994.02, lte:2478.96]",11424.0,,["084.C-0952"],"["OUDMAIJER, R.D."]","ESO, PHASE3",XSHOOTER,HD-290500,,2014-05-13T00:00:00.000,POSITION J2000 82.450406 -0.39546,82.450406,-0.39546,ADP.2014-05-13T15:31:37.220,1,2011-04-09T13:13:23.333,435722,1350,,2.6,203.668205,-18.270107,,,,,,2,2009-12-17T03:22:17.023,55182.1404748,1.0,HD-290500_387918_2009-12-17T03:22:16.023_S0.4x11_NIR_STA,ESO-VLT-U2,"ECHELLE,SLIT,STARE",["387918"],IDP,XS_SFLX_387918_2009-12-17T03:22:16.023_S0.4x11_NIR_STA.fits,,,true
http://archive.eso.org/datalink/links?ID=ivo://eso.org/ID?ADP.2014-05-13T15:31:37.507,,SPECTRUM,SPECTRUM (FLUX CALIBRATED),XSHOOTER,La Silla Paranal APEX,Non-solar,55182.14043098,2009-12-17T03:22:13.237,20.0,"[gte:533.66, lte:1020.0]",18340.0,,["084.C-0952"],"["OUDMAIJER, R.D."]","ESO, PHASE3",XSHOOTER,HD-290500,,2014-05-13T00:00:00.000,POSITION J2000 82.450406 -0.39546,82.450406,-0.39546,ADP.2014-05-13T15:31:37.507,1,2011-04-09T13:13:23.297,435729,1321,,49.7,203.668204,-18.270107,,,,,,2,2009-12-17T03:22:33.237,55182.14066246,20.0,HD-290500_387918_2009-12-17T03:22:13.237_S0.4x11_1x1_VIS_STA,ESO-VLT-U2,"ECHELLE,SLIT,STARE",["387918"],IDP,XS_SFLX_387918_2009-12-17T03:22:13.237_S0.4x11_1x1_VIS_STA.fits,,,truehttp://archive.eso.org/datalink/links?ID=ivo://eso.org/ID?ADP.2014-05-13T15:48:44.847,,SPECTRUM,SPECTRUM (FLUX CALIBRATED),XSHOOTER,La Silla Paranal APEX,Non-solar,55198.0385788,2010-01-02T00:55:33.207,120.0,"[gte:994.02, lte:2478.96]",11424.0,,["084.C-0952"],"["OUDMAIJER, R.D."]","ESO, PHASE3",XSHOOTER,PDS-184,,2014-05-13T00:00:00.000,POSITION J2000 82.579005 11.33839,82.579005,11.33839,ADP.2014-05-13T15:48:44.847,1,2011-01-21T13:07:52.047,436041,1347,,140.5,193.196594,-12.287402,,,,,,2,2010-01-02T01:02:20.983,55198.04329842,120.0,PDS-184_387916_2010-01-02T00:55:33.208_S0.4x11_NIR_NOD,ESO-VLT-U2,"ECHELLE,SLIT,NODDING",["387916"],IDP,XS_SFLX_387916_2010-01-02T00:55:33.208_S0.4x11_NIR_NOD.fits,,,true
http://archive.eso.org/datalink/links?ID=ivo://eso.org/ID?ADP.2014-05-13T15:48:44.640,,SPECTRUM,SPECTRUM (FLUX CALIBRATED),XSHOOTER,La Silla Paranal APEX,Non-solar,55198.03854375,2010-01-02T00:55:30.180,120.0,"[gte:533.66, lte:1020.0]",18340.0,,["084.C-0952"],"["OUDMAIJER, R.D."]","ESO, PHASE3",XSHOOTER,PDS-184,,2014-05-13T00:00:00.000,POSITION J2000 82.579005 11.33839,82.579005,11.33839,ADP.2014-05-13T15:48:44.640,1,2011-01-21T13:07:52.023,436026,1319,,156.0,193.196594,-12.287402,,,,,,2,2010-01-02T01:03:03.177,55198.04378678,120.0,PDS-184_387916_2010-01-02T00:55:30.180_S0.4x11_1x1_VIS_NOD,ESO-VLT-U2,"ECHELLE,SLIT,NODDING",["387916"],IDP,XS_SFLX_387916_2010-01-02T00:55:30.180_S0.4x11_1x1_VIS_NOD.fits,,,true
http://archive.eso.org/datalink/links?ID=ivo://eso.org/ID?ADP.2014-05-13T15:48:45.313,,SPECTRUM,SPECTRUM (FLUX CALIBRATED),XSHOOTER,La Silla Paranal APEX,Non-solar,55198.03848403,2010-01-02T00:55:25.020,120.0,"[gte:298.92, lte:555.98]",9861.0,,["084.C-0952"],"["OUDMAIJER, R.D."]","ESO, PHASE3",XSHOOTER,PDS-184,,2014-05-13T00:00:00.000,POSITION J2000 82.579005 11.33839,82.579005,11.33839,ADP.2014-05-13T15:48:45.313,1,2011-01-21T13:07:52.000,436024,722,,191.0,193.196594,-12.287402,,,,,,2,2010-01-02T01:02:56.947,55198.04371467,120.0,PDS-184_387916_2010-01-02T00:55:25.020_S0.5x11_1x1_UVB_NOD,ESO-VLT-U2,"ECHELLE,SLIT,NODDING",["387916"],IDP,XS_SFLX_387916_2010-01-02T00:55:25.020_S0.5x11_1x1_UVB_NOD.fits,,,true
http://archive.eso.org/datalink/links?ID=ivo://eso.org/ID?ADP.2014-05-13T15:48:45.267,,SPECTRUM,SPECTRUM (FLUX CALIBRATED),XSHOOTER,La Silla Paranal APEX,Non-solar,55198.03787002,2010-01-02T00:54:31.970,1.0,"[gte:994.02, lte:2478.96]",11424.0,,["084.C-0952"],"["OUDMAIJER, R.D."]","ESO, PHASE3",XSHOOTER,PDS-184,,2014-05-13T00:00:00.000,POSITION J2000 82.579541 11.33889,82.579541,11.33889,ADP.2014-05-13T15:48:45.267,1,2011-01-21T13:07:51.807,436021,1350,,4.8,193.196437,-12.286693,,,,,,2,2010-01-02T00:54:32.970,55198.03788159,1.0,PDS-184_387916_2010-01-02T00:54:31.970_S0.4x11_NIR_STA,ESO-VLT-U2,"ECHELLE,SLIT,STARE",["387916"],IDP,XS_SFLX_387916_2010-01-02T00:54:31.970_S0.4x11_NIR_STA.fits,,,true
http://archive.eso.org/datalink/links?ID=ivo://eso.org/ID?ADP.2014-05-13T15:48:44.553,,SPECTRUM,SPECTRUM (FLUX CALIBRATED),XSHOOTER,La Silla Paranal APEX,Non-solar,55198.03783298,2010-01-02T00:54:28.770,5.0,"[gte:533.66, lte:1020.0]",18340.0,,["084.C-0952"],"["OUDMAIJER, R.D."]","ESO, PHASE3",XSHOOTER,PDS-184,,2014-05-13T00:00:00.000,POSITION J2000 82.579541 11.33889,82.579541,11.33889,ADP.2014-05-13T15:48:44.553,1,2011-01-21T13:07:51.977,436009,1319,,30.3,193.196436,-12.286693,,,,,,2,2010-01-02T00:54:33.770,55198.03789085,5.0,PDS-184_387916_2010-01-02T00:54:28.769_S0.4x11_1x1_VIS_STA,ESO-VLT-U2,"ECHELLE,SLIT,STARE",["387916"],IDP,XS_SFLX_387916_2010-01-02T00:54:28.769_S0.4x11_1x1_VIS_STA.fits,,,truehttp://archive.eso.org/datalink/links?ID=ivo://eso.org/ID?ADP.2014-05-13T15:31:37.113,,SPECTRUM,SPECTRUM (FLUX CALIBRATED),XSHOOTER,La Silla Paranal APEX,Non-solar,55182.17503609,2009-12-17T04:12:03.117,960.0,"[gte:994.02, lte:2478.96]",11424.0,,["084.C-0952"],"["OUDMAIJER, R.D."]","ESO, PHASE3",XSHOOTER,HK-Ori,,2014-05-13T00:00:00.000,POSITION J2000 82.867175 12.15213,82.867175,12.15213,ADP.2014-05-13T15:31:37.113,1,2011-04-09T13:14:42.380,435742,1347,,235.1,192.636137,-11.623217,,,,,,2,2009-12-17T04:31:10.657,55182.18831779,960.0,HK-Ori_388029_2009-12-17T04:12:03.118_S0.4x11_NIR_NOD,ESO-VLT-U2,"ECHELLE,SLIT,NODDING",["388029"],IDP,XS_SFLX_388029_2009-12-17T04:12:03.118_S0.4x11_NIR_NOD.fits,,,true
http://archive.eso.org/datalink/links?ID=ivo://eso.org/ID?ADP.2014-05-13T15:31:37.293,,SPECTRUM,SPECTRUM (FLUX CALIBRATED),XSHOOTER,La Silla Paranal APEX,Non-solar,55182.17500315,2009-12-17T04:12:00.273,1000.0,"[gte:533.66, lte:1020.0]",18340.0,,["084.C-0952"],"["OUDMAIJER, R.D."]","ESO, PHASE3",XSHOOTER,HK-Ori,,2014-05-13T00:00:00.000,POSITION J2000 82.867175 12.15213,82.867175,12.15213,ADP.2014-05-13T15:31:37.293,1,2011-04-09T13:14:42.350,435706,1319,,350.3,192.636136,-11.623216,,,,,,2,2009-12-17T04:31:17.470,55182.18839664,1000.0,HK-Ori_388029_2009-12-17T04:12:00.272_S0.4x11_1x1_VIS_NOD,ESO-VLT-U2,"ECHELLE,SLIT,NODDING",["388029"],IDP,XS_SFLX_388029_2009-12-17T04:12:00.272_S0.4x11_1x1_VIS_NOD.fits,,,true
http://archive.eso.org/datalink/links?ID=ivo://eso.org/ID?ADP.2014-05-13T15:31:37.767,,SPECTRUM,SPECTRUM (FLUX CALIBRATED),XSHOOTER,La Silla Paranal APEX,Non-solar,55182.1749425,2009-12-17T04:11:55.033,1000.0,"[gte:298.92, lte:555.98]",9861.0,,["084.C-0952"],"["OUDMAIJER, R.D."]","ESO, PHASE3",XSHOOTER,HK-Ori,,2014-05-13T00:00:00.000,POSITION J2000 82.867175 12.15213,82.867175,12.15213,ADP.2014-05-13T15:31:37.767,1,2011-04-09T13:14:42.327,435707,722,,317.0,192.636136,-11.623216,,,,,,2,2009-12-17T04:31:12.260,55182.18833633,1000.0,HK-Ori_388029_2009-12-17T04:11:55.032_S0.5x11_1x1_UVB_NOD,ESO-VLT-U2,"ECHELLE,SLIT,NODDING",["388029"],IDP,XS_SFLX_388029_2009-12-17T04:11:55.032_S0.5x11_1x1_UVB_NOD.fits,,,true
http://archive.eso.org/datalink/links?ID=ivo://eso.org/ID?ADP.2014-05-13T15:31:36.960,,SPECTRUM,SPECTRUM (FLUX CALIBRATED),XSHOOTER,La Silla Paranal APEX,Non-solar,55182.1741563,2009-12-17T04:10:47.103,1.0,"[gte:994.02, lte:2478.96]",11424.0,,["084.C-0952"],"["OUDMAIJER, R.D."]","ESO, PHASE3",XSHOOTER,HK-Ori,,2014-05-13T00:00:00.000,POSITION J2000 82.867303 12.15293,82.867303,12.15293,ADP.2014-05-13T15:31:36.960,1,2011-04-09T13:14:41.810,435730,1350,,10.6,192.635506,-11.622693,,,,,,2,2009-12-17T04:10:48.103,55182.17416787,1.0,HK-Ori_388029_2009-12-17T04:10:47.104_S0.4x11_NIR_STA,ESO-VLT-U2,"ECHELLE,SLIT,STARE",["388029"],IDP,XS_SFLX_388029_2009-12-17T04:10:47.104_S0.4x11_NIR_STA.fits,,,true
http://archive.eso.org/datalink/links?ID=ivo://eso.org/ID?ADP.2014-05-13T15:31:37.607,,SPECTRUM,SPECTRUM (FLUX CALIBRATED),XSHOOTER,La Silla Paranal APEX,Non-solar,55182.17412055,2009-12-17T04:10:44.017,20.0,"[gte:533.66, lte:1020.0]",18340.0,,["084.C-0952"],"["OUDMAIJER, R.D."]","ESO, PHASE3",XSHOOTER,HK-Ori,,2014-05-13T00:00:00.000,POSITION J2000 82.867303 12.15293,82.867303,12.15293,ADP.2014-05-13T15:31:37.607,1,2011-04-09T13:14:41.787,435717,1321,,47.1,192.635505,-11.622693,,,,,,2,2009-12-17T04:11:04.017,55182.17435203,20.0,HK-Ori_388029_2009-12-17T04:10:44.016_S0.4x11_1x1_VIS_STA,ESO-VLT-U2,"ECHELLE,SLIT,STARE",["388029"],IDP,XS_SFLX_388029_2009-12-17T04:10:44.016_S0.4x11_1x1_VIS_STA.fits,,,truehttp://archive.eso.org/datalink/links?ID=ivo://eso.org/ID?ADP.2014-05-13T15:31:37.133,,SPECTRUM,SPECTRUM (FLUX CALIBRATED),XSHOOTER,La Silla Paranal APEX,Non-solar,55182.19835514,2009-12-17T04:45:37.883,160.0,"[gte:994.02, lte:2478.96]",11424.0,,["084.C-0952"],"["OUDMAIJER, R.D."]","ESO, PHASE3",XSHOOTER,HD-244604,,2014-05-13T00:00:00.000,POSITION J2000 82.988833 11.29413,82.988833,11.29413,ADP.2014-05-13T15:31:37.133,1,2011-04-09T13:14:41.333,435708,1347,,85.1,193.448479,-11.96677,,,,,,2,2009-12-17T04:52:34.877,55182.20318142,160.0,HD-244604_388027_2009-12-17T04:45:37.884_S0.4x11_NIR_NOD,ESO-VLT-U2,"ECHELLE,SLIT,NODDING",["388027"],IDP,XS_SFLX_388027_2009-12-17T04:45:37.884_S0.4x11_NIR_NOD.fits,,,true
http://archive.eso.org/datalink/links?ID=ivo://eso.org/ID?ADP.2014-05-13T15:31:37.933,,SPECTRUM,SPECTRUM (FLUX CALIBRATED),XSHOOTER,La Silla Paranal APEX,Non-solar,55182.19831321,2009-12-17T04:45:34.260,120.0,"[gte:533.66, lte:1020.0]",18340.0,,["084.C-0952"],"["OUDMAIJER, R.D."]","ESO, PHASE3",XSHOOTER,HD-244604,,2014-05-13T00:00:00.000,POSITION J2000 82.988833 11.29413,82.988833,11.29413,ADP.2014-05-13T15:31:37.933,1,2011-04-09T13:14:41.710,435710,1319,,250.3,193.448479,-11.966769,,,,,,2,2009-12-17T04:53:07.167,55182.20355518,120.0,HD-244604_388027_2009-12-17T04:45:34.261_S0.4x11_1x1_VIS_NOD,ESO-VLT-U2,"ECHELLE,SLIT,NODDING",["388027"],IDP,XS_SFLX_388027_2009-12-17T04:45:34.261_S0.4x11_1x1_VIS_NOD.fits,,,true
http://archive.eso.org/datalink/links?ID=ivo://eso.org/ID?ADP.2014-05-13T15:31:38.020,,SPECTRUM,SPECTRUM (FLUX CALIBRATED),XSHOOTER,La Silla Paranal APEX,Non-solar,55182.19825279,2009-12-17T04:45:29.040,120.0,"[gte:298.92, lte:555.98]",9861.0,,["084.C-0952"],"["OUDMAIJER, R.D."]","ESO, PHASE3",XSHOOTER,HD-244604,,2014-05-13T00:00:00.000,POSITION J2000 82.988833 11.29413,82.988833,11.29413,ADP.2014-05-13T15:31:38.020,1,2011-04-09T13:14:41.683,435725,722,,286.4,193.448479,-11.966769,,,,,,2,2009-12-17T04:53:00.877,55182.20348237,120.0,HD-244604_388027_2009-12-17T04:45:29.041_S0.5x11_1x1_UVB_NOD,ESO-VLT-U2,"ECHELLE,SLIT,NODDING",["388027"],IDP,XS_SFLX_388027_2009-12-17T04:45:29.041_S0.5x11_1x1_UVB_NOD.fits,,,true
http://archive.eso.org/datalink/links?ID=ivo://eso.org/ID?ADP.2014-05-13T15:31:38.087,,SPECTRUM,SPECTRUM (FLUX CALIBRATED),XSHOOTER,La Silla Paranal APEX,Non-solar,55182.19765083,2009-12-17T04:44:37.033,1.0,"[gte:994.02, lte:2478.96]",11424.0,,["084.C-0952"],"["OUDMAIJER, R.D."]","ESO, PHASE3",XSHOOTER,HD-244604,,2014-05-13T00:00:00.000,POSITION J2000 82.988778 11.29493,82.988778,11.29493,ADP.2014-05-13T15:31:38.087,1,2011-04-09T13:14:38.883,435746,1350,,10.6,193.447751,-11.966402,,,,,,2,2009-12-17T04:44:38.030,55182.1976624,1.0,HD-244604_388027_2009-12-17T04:44:37.032_S0.4x11_NIR_STA,ESO-VLT-U2,"ECHELLE,SLIT,STARE",["388027"],IDP,XS_SFLX_388027_2009-12-17T04:44:37.032_S0.4x11_NIR_STA.fits,,,true
http://archive.eso.org/datalink/links?ID=ivo://eso.org/ID?ADP.2014-05-13T15:31:37.120,,SPECTRUM,SPECTRUM (FLUX CALIBRATED),XSHOOTER,La Silla Paranal APEX,Non-solar,55182.19761061,2009-12-17T04:44:33.557,5.0,"[gte:533.66, lte:1020.0]",18340.0,,["084.C-0952"],"["OUDMAIJER, R.D."]","ESO, PHASE3",XSHOOTER,HD-244604,,2014-05-13T00:00:00.000,POSITION J2000 82.988778 11.29493,82.988778,11.29493,ADP.2014-05-13T15:31:37.120,1,2011-04-09T13:14:38.633,435750,1321,,50.7,193.447751,-11.966401,,,,,,2,2009-12-17T04:44:38.557,55182.19766848,5.0,HD-244604_388027_2009-12-17T04:44:33.557_S0.4x11_1x1_VIS_STA,ESO-VLT-U2,"ECHELLE,SLIT,STARE",["388027"],IDP,XS_SFLX_388027_2009-12-17T04:44:33.557_S0.4x11_1x1_VIS_STA.fits,,,truehttp://archive.eso.org/datalink/links?ID=ivo://eso.org/ID?ADP.2014-05-13T15:43:01.743,,SPECTRUM,SPECTRUM (FLUX CALIBRATED),XSHOOTER,La Silla Paranal APEX,Non-solar,55191.25380803,2009-12-26T06:05:29.013,1200.0,"[gte:994.02, lte:2478.96]",11424.0,,["084.C-0952"],"["OUDMAIJER, R.D."]","ESO, PHASE3",XSHOOTER,PDS-187,,2014-05-13T00:00:00.000,POSITION J2000 83.001886 -4.93186,83.001886,-4.93186,ADP.2014-05-13T15:43:01.743,1,2011-04-09T13:13:22.407,435995,1353,,345.7,208.185591,-19.901043,,,,,,2,2009-12-26T06:29:24.043,55191.27041718,1200.0,PDS-187_387914_2009-12-26T06:05:29.014_S0.4x11_NIR_NOD,ESO-VLT-U2,"ECHELLE,SLIT,NODDING",["387914"],IDP,XS_SFLX_387914_2009-12-26T06:05:29.014_S0.4x11_NIR_NOD.fits,,,true
http://archive.eso.org/datalink/links?ID=ivo://eso.org/ID?ADP.2014-05-13T15:43:01.717,,SPECTRUM,SPECTRUM (FLUX CALIBRATED),XSHOOTER,La Silla Paranal APEX,Non-solar,55191.2537736,2009-12-26T06:05:26.040,1200.0,"[gte:533.66, lte:1020.0]",18340.0,,["084.C-0952"],"["OUDMAIJER, R.D."]","ESO, PHASE3",XSHOOTER,PDS-187,,2014-05-13T00:00:00.000,POSITION J2000 83.001886 -4.93186,83.001886,-4.93186,ADP.2014-05-13T15:43:01.717,1,2011-04-09T13:13:22.237,436003,1319,,281.6,208.185591,-19.901042,,,,,,2,2009-12-26T06:28:39.423,55191.26990073,1200.0,PDS-187_387914_2009-12-26T06:05:26.039_S0.4x11_1x1_VIS_NOD,ESO-VLT-U2,"ECHELLE,SLIT,NODDING",["387914"],IDP,XS_SFLX_387914_2009-12-26T06:05:26.039_S0.4x11_1x1_VIS_NOD.fits,,,true
http://archive.eso.org/datalink/links?ID=ivo://eso.org/ID?ADP.2014-05-13T15:43:01.257,,SPECTRUM,SPECTRUM (FLUX CALIBRATED),XSHOOTER,La Silla Paranal APEX,Non-solar,55191.25371329,2009-12-26T06:05:20.827,1200.0,"[gte:298.92, lte:555.98]",9861.0,,["084.C-0952"],"["OUDMAIJER, R.D."]","ESO, PHASE3",XSHOOTER,PDS-187,,2014-05-13T00:00:00.000,POSITION J2000 83.001886 -4.93186,83.001886,-4.93186,ADP.2014-05-13T15:43:01.257,1,2011-04-09T13:13:22.200,435997,722,,310.2,208.185591,-19.901042,,,,,,2,2009-12-26T06:28:34.203,55191.26984031,1200.0,PDS-187_387914_2009-12-26T06:05:20.828_S0.5x11_1x1_UVB_NOD,ESO-VLT-U2,"ECHELLE,SLIT,NODDING",["387914"],IDP,XS_SFLX_387914_2009-12-26T06:05:20.828_S0.5x11_1x1_UVB_NOD.fits,,,true
http://archive.eso.org/datalink/links?ID=ivo://eso.org/ID?ADP.2014-05-13T15:43:01.103,,SPECTRUM,SPECTRUM (FLUX CALIBRATED),XSHOOTER,La Silla Paranal APEX,Non-solar,55191.25294539,2009-12-26T06:04:14.483,1.0,"[gte:994.02, lte:2478.96]",11424.0,,["084.C-0952"],"["OUDMAIJER, R.D."]","ESO, PHASE3",XSHOOTER,PDS-187,,2014-05-13T00:00:00.000,POSITION J2000 83.001376 -4.93149,83.001376,-4.93149,ADP.2014-05-13T15:43:01.103,1,2011-04-09T13:13:20.633,436002,1350,,2.5,208.184995,-19.901327,,,,,,2,2009-12-26T06:04:15.480,55191.25295696,1.0,PDS-187_387914_2009-12-26T06:04:14.482_S0.4x11_NIR_STA,ESO-VLT-U2,"ECHELLE,SLIT,STARE",["387914"],IDP,XS_SFLX_387914_2009-12-26T06:04:14.482_S0.4x11_NIR_STA.fits,,,true
http://archive.eso.org/datalink/links?ID=ivo://eso.org/ID?ADP.2014-05-13T15:43:01.630,,SPECTRUM,SPECTRUM (FLUX CALIBRATED),XSHOOTER,La Silla Paranal APEX,Non-solar,55191.2529138,2009-12-26T06:04:11.753,20.0,"[gte:533.66, lte:1020.0]",18340.0,,["084.C-0952"],"["OUDMAIJER, R.D."]","ESO, PHASE3",XSHOOTER,PDS-187,,2014-05-13T00:00:00.000,POSITION J2000 83.001376 -4.93149,83.001376,-4.93149,ADP.2014-05-13T15:43:01.630,1,2011-04-09T13:13:20.607,435989,1321,,32.4,208.184994,-19.901326,,,,,,2,2009-12-26T06:04:31.753,55191.25314528,20.0,PDS-187_387914_2009-12-26T06:04:11.752_S0.4x11_1x1_VIS_STA,ESO-VLT-U2,"ECHELLE,SLIT,STARE",["387914"],IDP,XS_SFLX_387914_2009-12-26T06:04:11.752_S0.4x11_1x1_VIS_STA.fits,,,truehttp://archive.eso.org/datalink/links?ID=ivo://eso.org/ID?ADP.2014-05-13T15:31:38.013,,SPECTRUM,SPECTRUM (FLUX CALIBRATED),XSHOOTER,La Silla Paranal APEX,Non-solar,55182.21330956,2009-12-17T05:07:09.947,120.0,"[gte:994.02, lte:2478.96]",11424.0,,["084.C-0952"],"["OUDMAIJER, R.D."]","ESO, PHASE3",XSHOOTER,HD-245185,,2014-05-13T00:00:00.000,POSITION J2000 83.790583 10.03055,83.790583,10.03055,ADP.2014-05-13T15:31:38.013,1,2011-04-09T13:14:38.493,435727,1347,,144.5,194.970349,-11.940683,,,,,,2,2009-12-17T05:14:00.380,55182.21805994,120.0,HD-245185_388025_2009-12-17T05:07:09.946_S0.4x11_NIR_NOD,ESO-VLT-U2,"ECHELLE,SLIT,NODDING",["388025"],IDP,XS_SFLX_388025_2009-12-17T05:07:09.946_S0.4x11_NIR_NOD.fits,,,true
http://archive.eso.org/datalink/links?ID=ivo://eso.org/ID?ADP.2014-05-13T15:31:37.327,,SPECTRUM,SPECTRUM (FLUX CALIBRATED),XSHOOTER,La Silla Paranal APEX,Non-solar,55182.21327662,2009-12-17T05:07:07.100,120.0,"[gte:533.66, lte:1020.0]",18340.0,,["084.C-0952"],"["OUDMAIJER, R.D."]","ESO, PHASE3",XSHOOTER,HD-245185,,2014-05-13T00:00:00.000,POSITION J2000 83.790583 10.03055,83.790583,10.03055,ADP.2014-05-13T15:31:37.327,1,2011-04-09T13:14:38.550,435728,1319,,171.2,194.970349,-11.940682,,,,,,2,2009-12-17T05:14:42.497,55182.21854742,120.0,HD-245185_388025_2009-12-17T05:07:07.100_S0.4x11_1x1_VIS_NOD,ESO-VLT-U2,"ECHELLE,SLIT,NODDING",["388025"],IDP,XS_SFLX_388025_2009-12-17T05:07:07.100_S0.4x11_1x1_VIS_NOD.fits,,,true
http://archive.eso.org/datalink/links?ID=ivo://eso.org/ID?ADP.2014-05-13T15:31:37.660,,SPECTRUM,SPECTRUM (FLUX CALIBRATED),XSHOOTER,La Silla Paranal APEX,Non-solar,55182.2132162,2009-12-17T05:07:01.880,120.0,"[gte:298.92, lte:555.98]",9861.0,,["084.C-0952"],"["OUDMAIJER, R.D."]","ESO, PHASE3",XSHOOTER,HD-245185,,2014-05-13T00:00:00.000,POSITION J2000 83.790583 10.03055,83.790583,10.03055,ADP.2014-05-13T15:31:37.660,1,2011-04-09T13:14:38.517,435726,722,,220.4,194.970349,-11.940682,,,,,,2,2009-12-17T05:14:36.207,55182.21847461,120.0,HD-245185_388025_2009-12-17T05:07:01.880_S0.5x11_1x1_UVB_NOD,ESO-VLT-U2,"ECHELLE,SLIT,NODDING",["388025"],IDP,XS_SFLX_388025_2009-12-17T05:07:01.880_S0.5x11_1x1_UVB_NOD.fits,,,true
http://archive.eso.org/datalink/links?ID=ivo://eso.org/ID?ADP.2014-05-13T15:31:37.873,,SPECTRUM,SPECTRUM (FLUX CALIBRATED),XSHOOTER,La Silla Paranal APEX,Non-solar,55182.21261068,2009-12-17T05:06:09.563,1.0,"[gte:994.02, lte:2478.96]",11424.0,,["084.C-0952"],"["OUDMAIJER, R.D."]","ESO, PHASE3",XSHOOTER,HD-245185,,2014-05-13T00:00:00.000,POSITION J2000 83.790466 10.03112,83.790466,10.03112,ADP.2014-05-13T15:31:37.873,1,2011-04-09T13:14:37.667,435741,1350,,3.8,194.969788,-11.940491,,,,,,2,2009-12-17T05:06:10.563,55182.21262225,1.0,HD-245185_388025_2009-12-17T05:06:09.563_S0.4x11_NIR_STA,ESO-VLT-U2,"ECHELLE,SLIT,STARE",["388025"],IDP,XS_SFLX_388025_2009-12-17T05:06:09.563_S0.4x11_NIR_STA.fits,,,true
http://archive.eso.org/datalink/links?ID=ivo://eso.org/ID?ADP.2014-05-13T15:31:37.207,,SPECTRUM,SPECTRUM (FLUX CALIBRATED),XSHOOTER,La Silla Paranal APEX,Non-solar,55182.2125791,2009-12-17T05:06:06.833,5.0,"[gte:533.66, lte:1020.0]",18340.0,,["084.C-0952"],"["OUDMAIJER, R.D."]","ESO, PHASE3",XSHOOTER,HD-245185,,2014-05-13T00:00:00.000,POSITION J2000 83.790466 10.03112,83.790466,10.03112,ADP.2014-05-13T15:31:37.207,1,2011-04-09T13:14:37.643,435724,1321,,28.6,194.969788,-11.94049,,,,,,2,2009-12-17T05:06:11.833,55182.21263697,5.0,HD-245185_388025_2009-12-17T05:06:06.834_S0.4x11_1x1_VIS_STA,ESO-VLT-U2,"ECHELLE,SLIT,STARE",["388025"],IDP,XS_SFLX_388025_2009-12-17T05:06:06.834_S0.4x11_1x1_VIS_STA.fits,,,truehttp://archive.eso.org/datalink/links?ID=ivo://eso.org/ID?ADP.2014-05-13T15:31:37.940,,SPECTRUM,SPECTRUM (FLUX CALIBRATED),XSHOOTER,La Silla Paranal APEX,Non-solar,55182.22991616,2009-12-17T05:31:04.757,200.0,"[gte:994.02, lte:2478.96]",11424.0,,["084.C-0952"],"["OUDMAIJER, R.D."]","ESO, PHASE3",XSHOOTER,T-Ori,,2014-05-13T00:00:00.000,POSITION J2000 83.960844 -5.47692,83.960844,-5.47692,ADP.2014-05-13T15:31:37.940,1,2011-04-09T13:14:37.550,435739,1350,,83.6,209.161074,-19.297195,,,,,,2,2009-12-17T05:41:00.317,55182.23680922,200.0,T-Ori_388022_2009-12-17T05:31:04.756_S0.4x11_NIR_NOD,ESO-VLT-U2,"ECHELLE,SLIT,NODDING",["388022"],IDP,XS_SFLX_388022_2009-12-17T05:31:04.756_S0.4x11_NIR_NOD.fits,,,true
http://archive.eso.org/datalink/links?ID=ivo://eso.org/ID?ADP.2014-05-13T15:31:37.860,,SPECTRUM,SPECTRUM (FLUX CALIBRATED),XSHOOTER,La Silla Paranal APEX,Non-solar,55182.22988496,2009-12-17T05:31:02.060,200.0,"[gte:533.66, lte:1020.0]",18340.0,,["084.C-0952"],"["OUDMAIJER, R.D."]","ESO, PHASE3",XSHOOTER,T-Ori,,2014-05-13T00:00:00.000,POSITION J2000 83.960844 -5.47692,83.960844,-5.47692,ADP.2014-05-13T15:31:37.860,1,2011-04-09T13:14:37.470,435738,1319,,234.4,209.161074,-19.297195,,,,,,2,2009-12-17T05:40:26.037,55182.23641248,200.0,T-Ori_388022_2009-12-17T05:31:02.061_S0.4x11_1x1_VIS_NOD,ESO-VLT-U2,"ECHELLE,SLIT,NODDING",["388022"],IDP,XS_SFLX_388022_2009-12-17T05:31:02.061_S0.4x11_1x1_VIS_NOD.fits,,,true
http://archive.eso.org/datalink/links?ID=ivo://eso.org/ID?ADP.2014-05-13T15:31:37.233,,SPECTRUM,SPECTRUM (FLUX CALIBRATED),XSHOOTER,La Silla Paranal APEX,Non-solar,55182.22982512,2009-12-17T05:30:56.890,200.0,"[gte:298.92, lte:555.98]",9861.0,,["084.C-0952"],"["OUDMAIJER, R.D."]","ESO, PHASE3",XSHOOTER,T-Ori,,2014-05-13T00:00:00.000,POSITION J2000 83.960844 -5.47692,83.960844,-5.47692,ADP.2014-05-13T15:31:37.233,1,2011-04-09T13:14:37.440,435721,722,,211.6,209.161074,-19.297195,,,,,,2,2009-12-17T05:40:19.777,55182.23634,200.0,T-Ori_388022_2009-12-17T05:30:56.890_S0.5x11_1x1_UVB_NOD,ESO-VLT-U2,"ECHELLE,SLIT,NODDING",["388022"],IDP,XS_SFLX_388022_2009-12-17T05:30:56.890_S0.5x11_1x1_UVB_NOD.fits,,,true
http://archive.eso.org/datalink/links?ID=ivo://eso.org/ID?ADP.2014-05-13T15:31:38.220,,SPECTRUM,SPECTRUM (FLUX CALIBRATED),XSHOOTER,La Silla Paranal APEX,Non-solar,55182.22921115,2009-12-17T05:30:03.843,1.0,"[gte:994.02, lte:2478.96]",11424.0,,["084.C-0952"],"["OUDMAIJER, R.D."]","ESO, PHASE3",XSHOOTER,T-Ori,,2014-05-13T00:00:00.000,POSITION J2000 83.960451 -5.47624,83.960451,-5.47624,ADP.2014-05-13T15:31:38.220,1,2011-04-09T13:14:36.180,435733,1350,,17.4,209.160244,-19.297237,,,,,,2,2009-12-17T05:30:04.843,55182.22922272,1.0,T-Ori_388022_2009-12-17T05:30:03.843_S0.4x11_NIR_STA,ESO-VLT-U2,"ECHELLE,SLIT,STARE",["388022"],IDP,XS_SFLX_388022_2009-12-17T05:30:03.843_S0.4x11_NIR_STA.fits,,,true
http://archive.eso.org/datalink/links?ID=ivo://eso.org/ID?ADP.2014-05-13T15:31:37.320,,SPECTRUM,SPECTRUM (FLUX CALIBRATED),XSHOOTER,La Silla Paranal APEX,Non-solar,55182.22917842,2009-12-17T05:30:01.017,5.0,"[gte:533.66, lte:1020.0]",18340.0,,["084.C-0952"],"["OUDMAIJER, R.D."]","ESO, PHASE3",XSHOOTER,T-Ori,,2014-05-13T00:00:00.000,POSITION J2000 83.96045 -5.47624,83.96045,-5.47624,ADP.2014-05-13T15:31:37.320,1,2011-04-09T13:14:36.153,435749,1321,,34.8,209.160243,-19.297237,,,,,,2,2009-12-17T05:30:06.017,55182.22923629,5.0,T-Ori_388022_2009-12-17T05:30:01.015_S0.4x11_1x1_VIS_STA,ESO-VLT-U2,"ECHELLE,SLIT,STARE",["388022"],IDP,XS_SFLX_388022_2009-12-17T05:30:01.015_S0.4x11_1x1_VIS_STA.fits,,,truehttp://archive.eso.org/datalink/links?ID=ivo://eso.org/ID?ADP.2014-05-13T15:31:38.147,,SPECTRUM,SPECTRUM (FLUX CALIBRATED),XSHOOTER,La Silla Paranal APEX,Non-solar,55182.24834062,2009-12-17T05:57:36.630,480.0,"[gte:994.02, lte:2478.96]",11424.0,,["084.C-0952"],"["OUDMAIJER, R.D."]","ESO, PHASE3",XSHOOTER,V380-Ori,,2014-05-13T00:00:00.000,POSITION J2000 84.106563 -6.71637,84.106563,-6.71637,ADP.2014-05-13T15:31:38.147,1,2011-04-09T13:14:36.077,435709,1347,,189.8,210.405224,-19.723802,,,,,,2,2009-12-17T06:13:30.797,55182.25938421,480.0,V380-Ori_388019_2009-12-17T05:57:36.630_S0.4x11_NIR_NOD,ESO-VLT-U2,"ECHELLE,SLIT,NODDING",["388019"],IDP,XS_SFLX_388019_2009-12-17T05:57:36.630_S0.4x11_NIR_NOD.fits,,,true
http://archive.eso.org/datalink/links?ID=ivo://eso.org/ID?ADP.2014-05-13T15:31:37.487,,SPECTRUM,SPECTRUM (FLUX CALIBRATED),XSHOOTER,La Silla Paranal APEX,Non-solar,55182.24830238,2009-12-17T05:57:33.327,640.0,"[gte:533.66, lte:1020.0]",18340.0,,["084.C-0952"],"["OUDMAIJER, R.D."]","ESO, PHASE3",XSHOOTER,V380-Ori,,2014-05-13T00:00:00.000,POSITION J2000 84.106563 -6.71637,84.106563,-6.71637,ADP.2014-05-13T15:31:37.487,1,2011-04-09T13:14:36.053,435719,1319,,449.0,210.405223,-19.723801,,,,,,2,2009-12-17T06:13:48.200,55182.25958565,640.0,V380-Ori_388019_2009-12-17T05:57:33.326_S0.4x11_1x1_VIS_NOD,ESO-VLT-U2,"ECHELLE,SLIT,NODDING",["388019"],IDP,XS_SFLX_388019_2009-12-17T05:57:33.326_S0.4x11_1x1_VIS_NOD.fits,,,true
http://archive.eso.org/datalink/links?ID=ivo://eso.org/ID?ADP.2014-05-13T15:31:37.720,,SPECTRUM,SPECTRUM (FLUX CALIBRATED),XSHOOTER,La Silla Paranal APEX,Non-solar,55182.24824195,2009-12-17T05:57:28.103,640.0,"[gte:298.92, lte:555.98]",9861.0,,["084.C-0952"],"["OUDMAIJER, R.D."]","ESO, PHASE3",XSHOOTER,V380-Ori,,2014-05-13T00:00:00.000,POSITION J2000 84.106563 -6.71637,84.106563,-6.71637,ADP.2014-05-13T15:31:37.720,1,2011-04-09T13:14:36.020,435723,722,,250.4,210.405223,-19.723801,,,,,,2,2009-12-17T06:13:42.000,55182.25951389,640.0,V380-Ori_388019_2009-12-17T05:57:28.104_S0.5x11_1x1_UVB_NOD,ESO-VLT-U2,"ECHELLE,SLIT,NODDING",["388019"],IDP,XS_SFLX_388019_2009-12-17T05:57:28.104_S0.5x11_1x1_UVB_NOD.fits,,,true
http://archive.eso.org/datalink/links?ID=ivo://eso.org/ID?ADP.2014-05-13T15:31:37.200,,SPECTRUM,SPECTRUM (FLUX CALIBRATED),XSHOOTER,La Silla Paranal APEX,Non-solar,55182.24758145,2009-12-17T05:56:31.037,1.0,"[gte:994.02, lte:2478.96]",11424.0,,["084.C-0952"],"["OUDMAIJER, R.D."]","ESO, PHASE3",XSHOOTER,V380-Ori,,2014-05-13T00:00:00.000,POSITION J2000 84.106144 -6.71595,84.106144,-6.71595,ADP.2014-05-13T15:31:37.200,1,2011-04-09T13:14:35.123,435744,1350,,34.6,210.404627,-19.723987,,,,,,2,2009-12-17T05:56:32.037,55182.24759302,1.0,V380-Ori_388019_2009-12-17T05:56:31.037_S0.4x11_NIR_STA,ESO-VLT-U2,"ECHELLE,SLIT,STARE",["388019"],IDP,XS_SFLX_388019_2009-12-17T05:56:31.037_S0.4x11_NIR_STA.fits,,,true
http://archive.eso.org/datalink/links?ID=ivo://eso.org/ID?ADP.2014-05-13T15:31:37.593,,SPECTRUM,SPECTRUM (FLUX CALIBRATED),XSHOOTER,La Silla Paranal APEX,Non-solar,55182.24754398,2009-12-17T05:56:27.800,10.0,"[gte:533.66, lte:1020.0]",18340.0,,["084.C-0952"],"["OUDMAIJER, R.D."]","ESO, PHASE3",XSHOOTER,V380-Ori,,2014-05-13T00:00:00.000,POSITION J2000 84.106144 -6.71595,84.106144,-6.71595,ADP.2014-05-13T15:31:37.593,1,2011-04-09T13:14:35.097,435732,1321,,57.2,210.404627,-19.723987,,,,,,2,2009-12-17T05:56:37.800,55182.24765972,10.0,V380-Ori_388019_2009-12-17T05:56:27.800_S0.4x11_1x1_VIS_STA,ESO-VLT-U2,"ECHELLE,SLIT,STARE",["388019"],IDP,XS_SFLX_388019_2009-12-17T05:56:27.800_S0.4x11_1x1_VIS_STA.fits,,,truehttp://archive.eso.org/datalink/links?ID=ivo://eso.org/ID?ADP.2014-05-13T15:48:45.147,,SPECTRUM,SPECTRUM (FLUX CALIBRATED),XSHOOTER,La Silla Paranal APEX,Non-solar,55198.0519156,2010-01-02T01:14:45.507,120.0,"[gte:994.02, lte:2478.96]",11424.0,,["084.C-0952"],"["OUDMAIJER, R.D."]","ESO, PHASE3",XSHOOTER,V586-Ori,,2014-05-13T00:00:00.000,POSITION J2000 84.246666 -6.15498,84.246666,-6.15498,ADP.2014-05-13T15:48:45.147,1,2011-01-21T13:07:50.480,436015,1347,,124.4,209.938343,-19.348383,,,,,,2,2010-01-02T01:21:33.040,55198.05663241,120.0,V586-Ori_388017_2010-01-02T01:14:45.508_S0.4x11_NIR_NOD,ESO-VLT-U2,"ECHELLE,SLIT,NODDING",["388017"],IDP,XS_SFLX_388017_2010-01-02T01:14:45.508_S0.4x11_NIR_NOD.fits,,,true
http://archive.eso.org/datalink/links?ID=ivo://eso.org/ID?ADP.2014-05-13T15:48:44.960,,SPECTRUM,SPECTRUM (FLUX CALIBRATED),XSHOOTER,La Silla Paranal APEX,Non-solar,55198.05187904,2010-01-02T01:14:42.350,120.0,"[gte:533.66, lte:1020.0]",18340.0,,["084.C-0952"],"["OUDMAIJER, R.D."]","ESO, PHASE3",XSHOOTER,V586-Ori,,2014-05-13T00:00:00.000,POSITION J2000 84.246666 -6.15498,84.246666,-6.15498,ADP.2014-05-13T15:48:44.960,1,2011-01-21T13:07:50.463,436017,1319,,223.2,209.938343,-19.348382,,,,,,2,2010-01-02T01:22:15.387,55198.05712254,120.0,V586-Ori_388017_2010-01-02T01:14:42.349_S0.4x11_1x1_VIS_NOD,ESO-VLT-U2,"ECHELLE,SLIT,NODDING",["388017"],IDP,XS_SFLX_388017_2010-01-02T01:14:42.349_S0.4x11_1x1_VIS_NOD.fits,,,true
http://archive.eso.org/datalink/links?ID=ivo://eso.org/ID?ADP.2014-05-13T15:48:45.100,,SPECTRUM,SPECTRUM (FLUX CALIBRATED),XSHOOTER,La Silla Paranal APEX,Non-solar,55198.05181874,2010-01-02T01:14:37.140,120.0,"[gte:298.92, lte:555.98]",9861.0,,["084.C-0952"],"["OUDMAIJER, R.D."]","ESO, PHASE3",XSHOOTER,V586-Ori,,2014-05-13T00:00:00.000,POSITION J2000 84.246666 -6.15498,84.246666,-6.15498,ADP.2014-05-13T15:48:45.100,1,2011-01-21T13:07:50.460,436011,722,,283.9,209.938343,-19.348382,,,,,,2,2010-01-02T01:22:09.097,55198.05704973,120.0,V586-Ori_388017_2010-01-02T01:14:37.139_S0.5x11_1x1_UVB_NOD,ESO-VLT-U2,"ECHELLE,SLIT,NODDING",["388017"],IDP,XS_SFLX_388017_2010-01-02T01:14:37.139_S0.5x11_1x1_UVB_NOD.fits,,,true
http://archive.eso.org/datalink/links?ID=ivo://eso.org/ID?ADP.2014-05-13T15:48:45.180,,SPECTRUM,SPECTRUM (FLUX CALIBRATED),XSHOOTER,La Silla Paranal APEX,Non-solar,55198.05089332,2010-01-02T01:13:17.183,1.0,"[gte:994.02, lte:2478.96]",11424.0,,["084.C-0952"],"["OUDMAIJER, R.D."]","ESO, PHASE3",XSHOOTER,V586-Ori,,2014-05-13T00:00:00.000,POSITION J2000 84.247218 -6.15464,84.247218,-6.15464,ADP.2014-05-13T15:48:45.180,1,2011-01-21T13:07:50.413,436029,1350,,8.9,209.938282,-19.34774,,,,,,2,2010-01-02T01:13:18.183,55198.05090489,1.0,V586-Ori_388017_2010-01-02T01:13:17.183_S0.4x11_NIR_STA,ESO-VLT-U2,"ECHELLE,SLIT,STARE",["388017"],IDP,XS_SFLX_388017_2010-01-02T01:13:17.183_S0.4x11_NIR_STA.fits,,,true
http://archive.eso.org/datalink/links?ID=ivo://eso.org/ID?ADP.2014-05-13T15:48:44.620,,SPECTRUM,SPECTRUM (FLUX CALIBRATED),XSHOOTER,La Silla Paranal APEX,Non-solar,55198.05085465,2010-01-02T01:13:13.843,5.0,"[gte:533.66, lte:1020.0]",18340.0,,["084.C-0952"],"["OUDMAIJER, R.D."]","ESO, PHASE3",XSHOOTER,V586-Ori,,2014-05-13T00:00:00.000,POSITION J2000 84.247218 -6.15464,84.247218,-6.15464,ADP.2014-05-13T15:48:44.620,1,2011-01-21T13:07:50.407,436016,1319,,46.7,209.938281,-19.347739,,,,,,2,2010-01-02T01:13:18.843,55198.05091252,5.0,V586-Ori_388017_2010-01-02T01:13:13.842_S0.4x11_1x1_VIS_STA,ESO-VLT-U2,"ECHELLE,SLIT,STARE",["388017"],IDP,XS_SFLX_388017_2010-01-02T01:13:13.842_S0.4x11_1x1_VIS_STA.fits,,,truehttp://archive.eso.org/datalink/links?ID=ivo://eso.org/ID?ADP.2014-05-13T15:43:01.463,,SPECTRUM,SPECTRUM (FLUX CALIBRATED),XSHOOTER,La Silla Paranal APEX,Non-solar,55191.27931344,2009-12-26T06:42:12.680,1.0,"[gte:994.02, lte:2478.96]",11424.0,,["084.C-0952"],"["OUDMAIJER, R.D."]","ESO, PHASE3",XSHOOTER,PDS-190,,2014-05-13T00:00:00.000,POSITION J2000 84.260298 -1.62225,84.260298,-1.62225,ADP.2014-05-13T15:43:01.463,1,2011-04-09T13:13:19.213,435976,1350,,11.7,205.702387,-17.256698,,,,,,2,2009-12-26T06:42:13.680,55191.27932501,1.0,PDS-190_387912_2009-12-26T06:42:12.681_S0.4x11_NIR_STA,ESO-VLT-U2,"ECHELLE,SLIT,STARE",["387912"],IDP,XS_SFLX_387912_2009-12-26T06:42:12.681_S0.4x11_NIR_STA.fits,,,true
http://archive.eso.org/datalink/links?ID=ivo://eso.org/ID?ADP.2014-05-13T15:43:01.530,,SPECTRUM,SPECTRUM (FLUX CALIBRATED),XSHOOTER,La Silla Paranal APEX,Non-solar,55191.2792788,2009-12-26T06:42:09.687,5.0,"[gte:533.66, lte:1020.0]",18340.0,,["084.C-0952"],"["OUDMAIJER, R.D."]","ESO, PHASE3",XSHOOTER,PDS-190,,2014-05-13T00:00:00.000,POSITION J2000 84.260298 -1.62225,84.260298,-1.62225,ADP.2014-05-13T15:43:01.530,1,2011-04-09T13:13:19.190,435992,1321,,49.2,205.702386,-17.256698,,,,,,2,2009-12-26T06:42:14.687,55191.27933667,5.0,PDS-190_387912_2009-12-26T06:42:09.688_S0.4x11_1x1_VIS_STA,ESO-VLT-U2,"ECHELLE,SLIT,STARE",["387912"],IDP,XS_SFLX_387912_2009-12-26T06:42:09.688_S0.4x11_1x1_VIS_STA.fits,,,true
http://archive.eso.org/datalink/links?ID=ivo://eso.org/ID?ADP.2014-05-13T15:43:01.537,,SPECTRUM,SPECTRUM (FLUX CALIBRATED),XSHOOTER,La Silla Paranal APEX,Non-solar,55191.27921908,2009-12-26T06:42:04.530,5.0,"[gte:298.92, lte:555.98]",9861.0,,["084.C-0952"],"["OUDMAIJER, R.D."]","ESO, PHASE3",XSHOOTER,PDS-190,,2014-05-13T00:00:00.000,POSITION J2000 84.260298 -1.62225,84.260298,-1.62225,ADP.2014-05-13T15:43:01.537,1,2011-04-09T13:13:19.163,435988,722,,66.9,205.702386,-17.256698,,,,,,2,2009-12-26T06:42:09.530,55191.27927695,5.0,PDS-190_387912_2009-12-26T06:42:04.529_S0.5x11_1x1_UVB_STA,ESO-VLT-U2,"ECHELLE,SLIT,STARE",["387912"],IDP,XS_SFLX_387912_2009-12-26T06:42:04.529_S0.5x11_1x1_UVB_STA.fits,,,true
http://archive.eso.org/datalink/links?ID=ivo://eso.org/ID?ADP.2014-05-13T15:43:01.237,,SPECTRUM,SPECTRUM (FLUX CALIBRATED),XSHOOTER,La Silla Paranal APEX,Non-solar,55191.28001052,2009-12-26T06:43:12.910,120.0,"[gte:994.02, lte:2478.96]",11424.0,,["084.C-0952"],"["OUDMAIJER, R.D."]","ESO, PHASE3",XSHOOTER,PDS-190,,2014-05-13T00:00:00.000,POSITION J2000 84.260827 -1.62261,84.260827,-1.62261,ADP.2014-05-13T15:43:01.237,1,2011-04-09T13:13:20.347,435991,1347,,133.7,205.70298,-17.2564,,,,,,2,2009-12-26T06:50:04.127,55191.28476999,120.0,PDS-190_387912_2009-12-26T06:43:12.909_S0.4x11_NIR_NOD,ESO-VLT-U2,"ECHELLE,SLIT,NODDING",["387912"],IDP,XS_SFLX_387912_2009-12-26T06:43:12.909_S0.4x11_NIR_NOD.fits,,,true
http://archive.eso.org/datalink/links?ID=ivo://eso.org/ID?ADP.2014-05-13T15:43:00.917,,SPECTRUM,SPECTRUM (FLUX CALIBRATED),XSHOOTER,La Silla Paranal APEX,Non-solar,55191.27997111,2009-12-26T06:43:09.503,120.0,"[gte:533.66, lte:1020.0]",18340.0,,["084.C-0952"],"["OUDMAIJER, R.D."]","ESO, PHASE3",XSHOOTER,PDS-190,,2014-05-13T00:00:00.000,POSITION J2000 84.260827 -1.62261,84.260827,-1.62261,ADP.2014-05-13T15:43:00.917,1,2011-04-09T13:13:20.420,435979,1319,,233.4,205.702979,-17.2564,,,,,,2,2009-12-26T06:50:46.673,55191.28526241,120.0,PDS-190_387912_2009-12-26T06:43:09.504_S0.4x11_1x1_VIS_NOD,ESO-VLT-U2,"ECHELLE,SLIT,NODDING",["387912"],IDP,XS_SFLX_387912_2009-12-26T06:43:09.504_S0.4x11_1x1_VIS_NOD.fits,,,truehttp://archive.eso.org/datalink/links?ID=ivo://eso.org/ID?ADP.2014-11-24T11:58:13.640,,SPECTRUM,SPECTRUM (FLUX CALIBRATED),XSHOOTER,La Silla Paranal APEX,Non-solar,56978.10080508,2014-11-17T02:25:09.560,600.0,"[gte:994.02, lte:2478.96]",11424.0,,["094.C-0233"],"["SCHOELLER, MARKUS"]","ESO, PHASE3",XSHOOTER,BF_Ori,,2014-11-24T00:00:00.000,POSITION J2000 84.304948 -6.58428,84.304948,-6.58428,ADP.2014-11-24T11:58:13.640,1,2015-11-17T02:46:20.933,1375780,1359,,437.4,210.372959,-19.48853,,,,,,2,2014-11-17T02:37:47.350,56978.10957582,600.0,BF_Ori_1129921_2014-11-17T02:25:09.559_S0.4x11_NIR_NOD,ESO-VLT-U2,"ECHELLE,SLIT,NODDING",["1129921"],IDP,XS_SFLX_1129921_2014-11-17T02:25:09.559_S0.4x11_NIR_NOD.fits,,,true
http://archive.eso.org/datalink/links?ID=ivo://eso.org/ID?ADP.2014-11-24T11:58:13.433,,SPECTRUM,SPECTRUM (FLUX CALIBRATED),XSHOOTER,La Silla Paranal APEX,Non-solar,56978.10077086,2014-11-17T02:25:06.603,810.0,"[gte:533.66, lte:1020.0]",18340.0,,["094.C-0233"],"["SCHOELLER, MARKUS"]","ESO, PHASE3",XSHOOTER,BF_Ori,,2014-11-24T00:00:00.000,POSITION J2000 84.304948 -6.58428,84.304948,-6.58428,ADP.2014-11-24T11:58:13.433,1,2015-11-17T02:51:32.470,1375757,1330,,363.6,210.372959,-19.48853,,,,,,2,2014-11-17T02:39:29.400,56978.11075693,810.0,BF_Ori_1129921_2014-11-17T02:25:06.602_S0.4x11_1x1_VIS_NOD,ESO-VLT-U2,"ECHELLE,SLIT,NODDING",["1129921"],IDP,XS_SFLX_1129921_2014-11-17T02:25:06.602_S0.4x11_1x1_VIS_NOD.fits,,,true
http://archive.eso.org/datalink/links?ID=ivo://eso.org/ID?ADP.2014-11-24T11:58:13.200,,SPECTRUM,SPECTRUM (FLUX CALIBRATED),XSHOOTER,La Silla Paranal APEX,Non-solar,56978.10071091,2014-11-17T02:25:01.423,810.0,"[gte:298.92, lte:555.98]",9861.0,,["094.C-0233"],"["SCHOELLER, MARKUS"]","ESO, PHASE3",XSHOOTER,BF_Ori,,2014-11-24T00:00:00.000,POSITION J2000 84.304948 -6.58428,84.304948,-6.58428,ADP.2014-11-24T11:58:13.200,1,2015-11-17T02:51:32.470,1375776,734,,386.7,210.372959,-19.48853,,,,,,2,2014-11-17T02:39:24.200,56978.11069674,810.0,BF_Ori_1129921_2014-11-17T02:25:01.423_S0.5x11_1x1_UVB_NOD,ESO-VLT-U2,"ECHELLE,SLIT,NODDING",["1129921"],IDP,XS_SFLX_1129921_2014-11-17T02:25:01.423_S0.5x11_1x1_UVB_NOD.fits,,,true
http://archive.eso.org/datalink/links?ID=ivo://eso.org/ID?ADP.2014-05-13T15:48:44.380,,SPECTRUM,SPECTRUM (FLUX CALIBRATED),XSHOOTER,La Silla Paranal APEX,Non-solar,55198.06745629,2010-01-02T01:37:08.223,360.0,"[gte:994.02, lte:2478.96]",11424.0,,["084.C-0952"],"["OUDMAIJER, R.D."]","ESO, PHASE3",XSHOOTER,BF-Ori,,2014-05-13T00:00:00.000,POSITION J2000 84.30506 -6.58427,84.30506,-6.58427,ADP.2014-05-13T15:48:44.380,1,2011-01-21T13:07:50.033,436027,1347,,143.7,210.373002,-19.488426,,,,,,2,2010-01-02T01:45:45.523,55198.07344356,360.0,BF-Ori_388015_2010-01-02T01:37:08.223_S0.4x11_NIR_NOD,ESO-VLT-U2,"ECHELLE,SLIT,NODDING",["388015"],IDP,XS_SFLX_388015_2010-01-02T01:37:08.223_S0.4x11_NIR_NOD.fits,,,true
http://archive.eso.org/datalink/links?ID=ivo://eso.org/ID?ADP.2014-05-13T15:48:44.800,,SPECTRUM,SPECTRUM (FLUX CALIBRATED),XSHOOTER,La Silla Paranal APEX,Non-solar,55198.06741962,2010-01-02T01:37:05.057,360.0,"[gte:533.66, lte:1020.0]",18340.0,,["084.C-0952"],"["OUDMAIJER, R.D."]","ESO, PHASE3",XSHOOTER,BF-Ori,,2014-05-13T00:00:00.000,POSITION J2000 84.30506 -6.58427,84.30506,-6.58427,ADP.2014-05-13T15:48:44.800,1,2011-01-21T13:07:50.010,436032,1319,,379.3,210.373002,-19.488426,,,,,,2,2010-01-02T01:45:42.313,55198.07340638,360.0,BF-Ori_388015_2010-01-02T01:37:05.055_S0.4x11_1x1_VIS_NOD,ESO-VLT-U2,"ECHELLE,SLIT,NODDING",["388015"],IDP,XS_SFLX_388015_2010-01-02T01:37:05.055_S0.4x11_1x1_VIS_NOD.fits,,,true
http://archive.eso.org/datalink/links?ID=ivo://eso.org/ID?ADP.2014-05-13T15:48:44.753,,SPECTRUM,SPECTRUM (FLUX CALIBRATED),XSHOOTER,La Silla Paranal APEX,Non-solar,55198.0673592,2010-01-02T01:36:59.837,360.0,"[gte:298.92, lte:555.98]",9861.0,,["084.C-0952"],"["OUDMAIJER, R.D."]","ESO, PHASE3",XSHOOTER,BF-Ori,,2014-05-13T00:00:00.000,POSITION J2000 84.30506 -6.58427,84.30506,-6.58427,ADP.2014-05-13T15:48:44.753,1,2011-01-21T13:07:49.987,436031,720,,374.8,210.373002,-19.488426,,,,,,2,2010-01-02T01:45:37.143,55198.07334654,360.0,BF-Ori_388015_2010-01-02T01:36:59.835_S0.5x11_1x1_UVB_NOD,ESO-VLT-U2,"ECHELLE,SLIT,NODDING",["388015"],IDP,XS_SFLX_388015_2010-01-02T01:36:59.835_S0.5x11_1x1_UVB_NOD.fits,,,true
http://archive.eso.org/datalink/links?ID=ivo://eso.org/ID?ADP.2014-05-17T12:26:52.790,,SPECTRUM,SPECTRUM (FLUX CALIBRATED),XSHOOTER,La Silla Paranal APEX,Non-solar,56180.39096624,2012-09-10T09:22:59.483,32.0,"[gte:994.02, lte:2478.96]",1029.0,,["088.C-0218"],"["MENDIGUTIA, IGNACIO"]","ESO, PHASE3",XSHOOTER,BF Ori,,2014-05-17T00:00:00.000,POSITION J2000 84.305055 -6.58421,84.305055,-6.58421,ADP.2014-05-17T12:26:52.790,1,2014-01-15T16:58:38.527,458419,1350,,62.2,210.372943,-19.488404,,,,,,2,2012-09-10T09:24:44.800,56180.39218518,32.0,BFOri_763245_2012-09-10T09:22:59.483_S5.0x11_NIR_NOD,ESO-VLT-U2,"ECHELLE,SLIT,NODDING",["763245"],IDP,XS_SFLX_763245_2012-09-10T09:22:59.483_S5.0x11_NIR_NOD.fits,,,true
http://archive.eso.org/datalink/links?ID=ivo://eso.org/ID?ADP.2014-05-17T12:26:52.750,,SPECTRUM,SPECTRUM (FLUX CALIBRATED),XSHOOTER,La Silla Paranal APEX,Non-solar,56180.39094579,2012-09-10T09:22:57.717,32.0,"[gte:533.66, lte:1020.0]",1512.0,,["088.C-0218"],"["MENDIGUTIA, IGNACIO"]","ESO, PHASE3",XSHOOTER,BF Ori,,2014-05-17T00:00:00.000,POSITION J2000 84.305055 -6.58421,84.305055,-6.58421,ADP.2014-05-17T12:26:52.750,1,2014-01-15T16:58:12.630,458416,1321,,184.3,210.372943,-19.488404,,,,,,2,2012-09-10T09:24:42.783,56180.39216185,32.0,BFOri_763245_2012-09-10T09:22:57.717_S5.0x11_2x2_VIS_NOD,ESO-VLT-U2,"ECHELLE,SLIT,NODDING",["763245"],IDP,XS_SFLX_763245_2012-09-10T09:22:57.717_S5.0x11_2x2_VIS_NOD.fits,,,true
http://archive.eso.org/datalink/links?ID=ivo://eso.org/ID?ADP.2014-05-17T12:26:52.683,,SPECTRUM,SPECTRUM (FLUX CALIBRATED),XSHOOTER,La Silla Paranal APEX,Non-solar,56180.39088583,2012-09-10T09:22:52.537,24.0,"[gte:298.92, lte:555.98]",1040.0,,["088.C-0218"],"["MENDIGUTIA, IGNACIO"]","ESO, PHASE3",XSHOOTER,BF Ori,,2014-05-17T00:00:00.000,POSITION J2000 84.305055 -6.58421,84.305055,-6.58421,ADP.2014-05-17T12:26:52.683,1,2014-01-15T16:57:53.997,458417,725,,156.1,210.372943,-19.488403,,,,,,2,2012-09-10T09:24:35.613,56180.39207886,24.0,BFOri_763245_2012-09-10T09:22:52.537_S5.0x11_2x2_UVB_NOD,ESO-VLT-U2,"ECHELLE,SLIT,NODDING",["763245"],IDP,XS_SFLX_763245_2012-09-10T09:22:52.537_S5.0x11_2x2_UVB_NOD.fits,,,true
http://archive.eso.org/datalink/links?ID=ivo://eso.org/ID?ADP.2014-05-17T12:26:52.663,,SPECTRUM,SPECTRUM (FLUX CALIBRATED),XSHOOTER,La Silla Paranal APEX,Non-solar,56180.3873961,2012-09-10T09:17:51.023,64.0,"[gte:994.02, lte:2478.96]",5573.0,,["088.C-0218"],"["MENDIGUTIA, IGNACIO"]","ESO, PHASE3",XSHOOTER,BF Ori,,2014-05-17T00:00:00.000,POSITION J2000 84.305055 -6.58421,84.305055,-6.58421,ADP.2014-05-17T12:26:52.663,1,2014-01-15T16:50:17.247,458415,1350,,79.3,210.372943,-19.488404,,,,,,2,2012-09-10T09:21:19.153,56180.38980501,64.0,BFOri_763245_2012-09-10T09:17:51.023_S0.9x11_NIR_NOD,ESO-VLT-U2,"ECHELLE,SLIT,NODDING",["763245"],IDP,XS_SFLX_763245_2012-09-10T09:17:51.023_S0.9x11_NIR_NOD.fits,,,true
http://archive.eso.org/datalink/links?ID=ivo://eso.org/ID?ADP.2014-05-17T12:26:52.743,,SPECTRUM,SPECTRUM (FLUX CALIBRATED),XSHOOTER,La Silla Paranal APEX,Non-solar,56180.38737131,2012-09-10T09:17:48.880,100.0,"[gte:533.66, lte:1020.0]",8935.0,,["088.C-0218"],"["MENDIGUTIA, IGNACIO"]","ESO, PHASE3",XSHOOTER,BF Ori,,2014-05-17T00:00:00.000,POSITION J2000 84.305055 -6.58421,84.305055,-6.58421,ADP.2014-05-17T12:26:52.743,1,2014-01-15T16:43:34.093,458418,1321,,97.0,210.372943,-19.488404,,,,,,2,2012-09-10T09:21:26.557,56180.3898907,100.0,BFOri_763245_2012-09-10T09:17:48.882_S0.9x11_1x1_VIS_NOD,ESO-VLT-U2,"ECHELLE,SLIT,NODDING",["763245"],IDP,XS_SFLX_763245_2012-09-10T09:17:48.882_S0.9x11_1x1_VIS_NOD.fits,,,true
http://archive.eso.org/datalink/links?ID=ivo://eso.org/ID?ADP.2014-05-17T12:26:52.657,,SPECTRUM,SPECTRUM (FLUX CALIBRATED),XSHOOTER,La Silla Paranal APEX,Non-solar,56180.38731135,2012-09-10T09:17:43.700,52.0,"[gte:298.92, lte:555.98]",3251.0,,["088.C-0218"],"["MENDIGUTIA, IGNACIO"]","ESO, PHASE3",XSHOOTER,BF Ori,,2014-05-17T00:00:00.000,POSITION J2000 84.305055 -6.58421,84.305055,-6.58421,ADP.2014-05-17T12:26:52.657,1,2014-01-15T16:35:58.660,458420,725,,90.3,210.372943,-19.488403,,,,,,2,2012-09-10T09:21:09.397,56180.38969209,52.0,BFOri_763245_2012-09-10T09:17:43.702_S1.6x11_1x1_UVB_NOD,ESO-VLT-U2,"ECHELLE,SLIT,NODDING",["763245"],IDP,XS_SFLX_763245_2012-09-10T09:17:43.702_S1.6x11_1x1_UVB_NOD.fits,,,true
http://archive.eso.org/datalink/links?ID=ivo://eso.org/ID?ADP.2015-01-13T13:15:57.317,,SPECTRUM,SPECTRUM (FLUX CALIBRATED),XSHOOTER,La Silla Paranal APEX,Non-solar,56996.12767222,2014-12-05T03:03:50.880,600.0,"[gte:994.02, lte:2478.96]",11424.0,,["094.C-0233"],"["SCHOELLER, MARKUS"]","ESO, PHASE3",XSHOOTER,BF_Ori,,2015-01-13T00:00:00.000,POSITION J2000 84.305004 -6.58436,84.305004,-6.58436,ADP.2015-01-13T13:15:57.317,1,2015-12-05T03:31:20.870,1780718,1359,,472.0,210.373061,-19.488516,,,,,,2,2014-12-05T03:16:30.667,56996.13646604,600.0,BF_Ori_1129930_2014-12-05T03:03:50.880_S0.4x11_NIR_NOD,ESO-VLT-U2,"ECHELLE,SLIT,NODDING",["1129930"],IDP,XS_SFLX_1129930_2014-12-05T03:03:50.880_S0.4x11_NIR_NOD.fits,,,true
http://archive.eso.org/datalink/links?ID=ivo://eso.org/ID?ADP.2015-01-13T13:15:56.750,,SPECTRUM,SPECTRUM (FLUX CALIBRATED),XSHOOTER,La Silla Paranal APEX,Non-solar,56996.12763958,2014-12-05T03:03:48.060,810.0,"[gte:533.66, lte:1020.0]",18340.0,,["094.C-0233"],"["SCHOELLER, MARKUS"]","ESO, PHASE3",XSHOOTER,BF_Ori,,2015-01-13T00:00:00.000,POSITION J2000 84.305004 -6.58436,84.305004,-6.58436,ADP.2015-01-13T13:15:56.750,1,2015-12-05T03:31:20.870,1780755,1330,,342.6,210.373061,-19.488516,,,,,,2,2014-12-05T03:18:12.980,56996.13765024,810.0,BF_Ori_1129930_2014-12-05T03:03:48.061_S0.4x11_1x1_VIS_NOD,ESO-VLT-U2,"ECHELLE,SLIT,NODDING",["1129930"],IDP,XS_SFLX_1129930_2014-12-05T03:03:48.061_S0.4x11_1x1_VIS_NOD.fits,,,true
http://archive.eso.org/datalink/links?ID=ivo://eso.org/ID?ADP.2015-01-13T13:15:57.470,,SPECTRUM,SPECTRUM (FLUX CALIBRATED),XSHOOTER,La Silla Paranal APEX,Non-solar,56996.12757916,2014-12-05T03:03:42.840,810.0,"[gte:298.92, lte:555.98]",9861.0,,["094.C-0233"],"["SCHOELLER, MARKUS"]","ESO, PHASE3",XSHOOTER,BF_Ori,,2015-01-13T00:00:00.000,POSITION J2000 84.305004 -6.58436,84.305004,-6.58436,ADP.2015-01-13T13:15:57.470,1,2015-12-05T03:31:20.870,1780704,734,,362.5,210.373061,-19.488516,,,,,,2,2014-12-05T03:18:07.810,56996.1375904,810.0,BF_Ori_1129930_2014-12-05T03:03:42.840_S0.5x11_1x1_UVB_NOD,ESO-VLT-U2,"ECHELLE,SLIT,NODDING",["1129930"],IDP,XS_SFLX_1129930_2014-12-05T03:03:42.840_S0.5x11_1x1_UVB_NOD.fits,,,true
http://archive.eso.org/datalink/links?ID=ivo://eso.org/ID?ADP.2015-01-13T13:10:09.007,,SPECTRUM,SPECTRUM (FLUX CALIBRATED),XSHOOTER,La Silla Paranal APEX,Non-solar,56993.13474485,2014-12-02T03:14:01.957,600.0,"[gte:994.02, lte:2478.96]",11424.0,,["094.C-0233"],"["SCHOELLER, MARKUS"]","ESO, PHASE3",XSHOOTER,BF_Ori,,2015-01-13T00:00:00.000,POSITION J2000 84.30495 -6.58436,84.30495,-6.58436,ADP.2015-01-13T13:10:09.007,1,2015-12-02T03:36:25.877,1780561,1359,,447.1,210.373036,-19.488564,,,,,,2,2014-12-02T03:26:40.880,56993.14352871,600.0,BF_Ori_1129924_2014-12-02T03:14:01.955_S0.4x11_NIR_NOD,ESO-VLT-U2,"ECHELLE,SLIT,NODDING",["1129924"],IDP,XS_SFLX_1129924_2014-12-02T03:14:01.955_S0.4x11_NIR_NOD.fits,,,true
http://archive.eso.org/datalink/links?ID=ivo://eso.org/ID?ADP.2015-01-13T13:10:08.920,,SPECTRUM,SPECTRUM (FLUX CALIBRATED),XSHOOTER,La Silla Paranal APEX,Non-solar,56993.13470948,2014-12-02T03:13:58.900,810.0,"[gte:533.66, lte:1020.0]",18340.0,,["094.C-0233"],"["SCHOELLER, MARKUS"]","ESO, PHASE3",XSHOOTER,BF_Ori,,2015-01-13T00:00:00.000,POSITION J2000 84.30495 -6.58436,84.30495,-6.58436,ADP.2015-01-13T13:10:08.920,1,2015-12-02T03:41:15.080,1780596,1330,,448.9,210.373036,-19.488564,,,,,,2,2014-12-02T03:28:23.270,56993.14471376,810.0,BF_Ori_1129924_2014-12-02T03:13:58.899_S0.4x11_1x1_VIS_NOD,ESO-VLT-U2,"ECHELLE,SLIT,NODDING",["1129924"],IDP,XS_SFLX_1129924_2014-12-02T03:13:58.899_S0.4x11_1x1_VIS_NOD.fits,,,true
http://archive.eso.org/datalink/links?ID=ivo://eso.org/ID?ADP.2015-01-13T13:10:08.497,,SPECTRUM,SPECTRUM (FLUX CALIBRATED),XSHOOTER,La Silla Paranal APEX,Non-solar,56993.13464917,2014-12-02T03:13:53.690,810.0,"[gte:298.92, lte:555.98]",9861.0,,["094.C-0233"],"["SCHOELLER, MARKUS"]","ESO, PHASE3",XSHOOTER,BF_Ori,,2015-01-13T00:00:00.000,POSITION J2000 84.30495 -6.58436,84.30495,-6.58436,ADP.2015-01-13T13:10:08.497,1,2015-12-02T03:41:15.080,1780588,734,,484.5,210.373036,-19.488564,,,,,,2,2014-12-02T03:28:18.050,56993.14465334,810.0,BF_Ori_1129924_2014-12-02T03:13:53.689_S0.5x11_1x1_UVB_NOD,ESO-VLT-U2,"ECHELLE,SLIT,NODDING",["1129924"],IDP,XS_SFLX_1129924_2014-12-02T03:13:53.689_S0.5x11_1x1_UVB_NOD.fits,,,true
http://archive.eso.org/datalink/links?ID=ivo://eso.org/ID?ADP.2015-01-13T13:10:09.817,,SPECTRUM,SPECTRUM (FLUX CALIBRATED),XSHOOTER,La Silla Paranal APEX,Non-solar,56993.12377315,2014-12-02T02:58:14.000,600.0,"[gte:994.02, lte:2478.96]",11424.0,,["094.C-0233"],"["SCHOELLER, MARKUS"]","ESO, PHASE3",XSHOOTER,BF_Ori,,2015-01-13T00:00:00.000,POSITION J2000 84.30495 -6.58436,84.30495,-6.58436,ADP.2015-01-13T13:10:09.817,1,2015-12-02T03:26:24.880,1780605,1359,,558.6,210.373036,-19.488564,,,,,,2,2014-12-02T03:10:51.130,56993.13253621,600.0,BF_Ori_1129924_2014-12-02T02:58:14.000_S0.4x11_NIR_NOD,ESO-VLT-U2,"ECHELLE,SLIT,NODDING",["1129924"],IDP,XS_SFLX_1129924_2014-12-02T02:58:14.000_S0.4x11_NIR_NOD.fits,,,true
http://archive.eso.org/datalink/links?ID=ivo://eso.org/ID?ADP.2015-01-13T13:10:09.053,,SPECTRUM,SPECTRUM (FLUX CALIBRATED),XSHOOTER,La Silla Paranal APEX,Non-solar,56993.12373758,2014-12-02T02:58:10.927,810.0,"[gte:533.66, lte:1020.0]",18340.0,,["094.C-0233"],"["SCHOELLER, MARKUS"]","ESO, PHASE3",XSHOOTER,BF_Ori,,2015-01-13T00:00:00.000,POSITION J2000 84.30495 -6.58436,84.30495,-6.58436,ADP.2015-01-13T13:10:09.053,1,2015-12-02T03:26:24.880,1780593,1330,,440.1,210.373036,-19.488564,,,,,,2,2014-12-02T03:12:32.957,56993.13371478,810.0,BF_Ori_1129924_2014-12-02T02:58:10.928_S0.4x11_1x1_VIS_NOD,ESO-VLT-U2,"ECHELLE,SLIT,NODDING",["1129924"],IDP,XS_SFLX_1129924_2014-12-02T02:58:10.928_S0.4x11_1x1_VIS_NOD.fits,,,true
http://archive.eso.org/datalink/links?ID=ivo://eso.org/ID?ADP.2015-01-13T13:10:09.260,,SPECTRUM,SPECTRUM (FLUX CALIBRATED),XSHOOTER,La Silla Paranal APEX,Non-solar,56993.12367716,2014-12-02T02:58:05.707,810.0,"[gte:298.92, lte:555.98]",9861.0,,["094.C-0233"],"["SCHOELLER, MARKUS"]","ESO, PHASE3",XSHOOTER,BF_Ori,,2015-01-13T00:00:00.000,POSITION J2000 84.30495 -6.58436,84.30495,-6.58436,ADP.2015-01-13T13:10:09.260,1,2015-12-02T03:26:24.880,1780560,734,,473.6,210.373036,-19.488564,,,,,,2,2014-12-02T03:12:27.737,56993.13365435,810.0,BF_Ori_1129924_2014-12-02T02:58:05.707_S0.5x11_1x1_UVB_NOD,ESO-VLT-U2,"ECHELLE,SLIT,NODDING",["1129924"],IDP,XS_SFLX_1129924_2014-12-02T02:58:05.707_S0.5x11_1x1_UVB_NOD.fits,,,true
http://archive.eso.org/datalink/links?ID=ivo://eso.org/ID?ADP.2015-01-13T13:12:09.253,,SPECTRUM,SPECTRUM (FLUX CALIBRATED),XSHOOTER,La Silla Paranal APEX,Non-solar,56994.15319192,2014-12-03T03:40:35.783,600.0,"[gte:994.02, lte:2478.96]",11424.0,,["094.C-0233"],"["SCHOELLER, MARKUS"]","ESO, PHASE3",XSHOOTER,BF_Ori,,2015-01-13T00:00:00.000,POSITION J2000 84.305078 -6.58437,84.305078,-6.58437,ADP.2015-01-13T13:12:09.253,1,2015-12-03T04:06:28.850,1780634,1359,,521.5,210.373106,-19.488455,,,,,,2,2014-12-03T03:52:54.287,56994.16173941,600.0,BF_Ori_1129927_2014-12-03T03:40:35.782_S0.4x11_NIR_NOD,ESO-VLT-U2,"ECHELLE,SLIT,NODDING",["1129927"],IDP,XS_SFLX_1129927_2014-12-03T03:40:35.782_S0.4x11_NIR_NOD.fits,,,true
http://archive.eso.org/datalink/links?ID=ivo://eso.org/ID?ADP.2015-01-13T13:12:08.800,,SPECTRUM,SPECTRUM (FLUX CALIBRATED),XSHOOTER,La Silla Paranal APEX,Non-solar,56994.15315385,2014-12-03T03:40:32.493,640.0,"[gte:533.66, lte:1020.0]",18340.0,,["094.C-0233"],"["SCHOELLER, MARKUS"]","ESO, PHASE3",XSHOOTER,BF_Ori,,2015-01-13T00:00:00.000,POSITION J2000 84.305078 -6.58437,84.305078,-6.58437,ADP.2015-01-13T13:12:08.800,1,2015-12-03T04:06:28.850,1780631,1327,,369.1,210.373105,-19.488454,,,,,,2,2014-12-03T03:53:11.440,56994.16193797,640.0,BF_Ori_1129927_2014-12-03T03:40:32.493_S0.4x11_1x1_VIS_NOD,ESO-VLT-U2,"ECHELLE,SLIT,NODDING",["1129927"],IDP,XS_SFLX_1129927_2014-12-03T03:40:32.493_S0.4x11_1x1_VIS_NOD.fits,,,true
http://archive.eso.org/datalink/links?ID=ivo://eso.org/ID?ADP.2015-01-13T13:12:08.947,,SPECTRUM,SPECTRUM (FLUX CALIBRATED),XSHOOTER,La Silla Paranal APEX,Non-solar,56994.153094,2014-12-03T03:40:27.323,810.0,"[gte:298.92, lte:555.98]",9861.0,,["094.C-0233"],"["SCHOELLER, MARKUS"]","ESO, PHASE3",XSHOOTER,BF_Ori,,2015-01-13T00:00:00.000,POSITION J2000 84.305078 -6.58437,84.305078,-6.58437,ADP.2015-01-13T13:12:08.947,1,2015-12-03T04:06:28.850,1780639,731,,446.9,210.373105,-19.488454,,,,,,2,2014-12-03T03:54:31.220,56994.16286135,810.0,BF_Ori_1129927_2014-12-03T03:40:27.322_S0.5x11_1x1_UVB_NOD,ESO-VLT-U2,"ECHELLE,SLIT,NODDING",["1129927"],IDP,XS_SFLX_1129927_2014-12-03T03:40:27.322_S0.5x11_1x1_UVB_NOD.fits,,,true
http://archive.eso.org/datalink/links?ID=ivo://eso.org/ID?ADP.2017-05-12T10:49:36.821,,SPECTRUM,SPECTRUM (FLUX CALIBRATED),XSHOOTER,La Silla Paranal APEX,Non-solar,57401.06659541,2016-01-14T01:35:53.843,480.0,"[gte:994.02, lte:2478.96]",11424.0,,["096.C-0549"],"["SCHOELLER, MARKUS"]","ESO, PHASE3",XSHOOTER,BF Ori,,2017-05-12T12:51:32.000,POSITION J2000 84.305071 -6.58398,84.305071,-6.58398,ADP.2017-05-12T10:49:36.821,1,2017-01-14T01:50:44.483,5829432,1359,,200.9,210.372732,-19.488287,,,,,,2,2016-01-14T01:44:46.850,57401.07276448,480.0,BFOri_1256242_2016-01-14T01:35:53.843_S0.4x11_NIR_NOD,ESO-VLT-U2,"ECHELLE,SLIT,NODDING",["1256242"],IDP,XS_SFLX_1256242_2016-01-14T01:35:53.843_S0.4x11_NIR_NOD.fits,,,true
http://archive.eso.org/datalink/links?ID=ivo://eso.org/ID?ADP.2017-05-12T10:49:36.899,,SPECTRUM,SPECTRUM (FLUX CALIBRATED),XSHOOTER,La Silla Paranal APEX,Non-solar,57401.06656382,2016-01-14T01:35:51.113,480.0,"[gte:533.66, lte:1020.0]",18340.0,,["096.C-0549"],"["SCHOELLER, MARKUS"]","ESO, PHASE3",XSHOOTER,BF Ori,,2017-05-12T12:51:32.000,POSITION J2000 84.305071 -6.58398,84.305071,-6.58398,ADP.2017-05-12T10:49:36.899,1,2017-01-14T01:56:02.210,5829451,1330,,208.7,210.372732,-19.488286,,,,,,2,2016-01-14T01:44:43.640,57401.07272731,480.0,BFOri_1256242_2016-01-14T01:35:51.114_S0.4x11_1x1_VIS_NOD,ESO-VLT-U2,"ECHELLE,SLIT,NODDING",["1256242"],IDP,XS_SFLX_1256242_2016-01-14T01:35:51.114_S0.4x11_1x1_VIS_NOD.fits,,,true
http://archive.eso.org/datalink/links?ID=ivo://eso.org/ID?ADP.2017-05-12T10:49:36.769,,SPECTRUM,SPECTRUM (FLUX CALIBRATED),XSHOOTER,La Silla Paranal APEX,Non-solar,57401.06650339,2016-01-14T01:35:45.893,480.0,"[gte:298.92, lte:555.98]",9861.0,,["096.C-0549"],"["SCHOELLER, MARKUS"]","ESO, PHASE3",XSHOOTER,BF Ori,,2017-05-12T12:51:32.000,POSITION J2000 84.305071 -6.58398,84.305071,-6.58398,ADP.2017-05-12T10:49:36.769,1,2017-01-14T01:56:02.210,5829420,734,,208.5,210.372732,-19.488286,,,,,,2,2016-01-14T01:44:38.410,57401.07266677,480.0,BFOri_1256242_2016-01-14T01:35:45.894_S0.5x11_1x1_UVB_NOD,ESO-VLT-U2,"ECHELLE,SLIT,NODDING",["1256242"],IDP,XS_SFLX_1256242_2016-01-14T01:35:45.894_S0.5x11_1x1_UVB_NOD.fits,,,true
http://archive.eso.org/datalink/links?ID=ivo://eso.org/ID?ADP.2017-05-12T10:49:36.941,,SPECTRUM,SPECTRUM (FLUX CALIBRATED),XSHOOTER,La Silla Paranal APEX,Non-solar,57401.0596431,2016-01-14T01:25:53.163,480.0,"[gte:994.02, lte:2478.96]",11424.0,,["096.C-0549"],"["SCHOELLER, MARKUS"]","ESO, PHASE3",XSHOOTER,BF Ori,,2017-05-12T12:51:32.000,POSITION J2000 84.305071 -6.58398,84.305071,-6.58398,ADP.2017-05-12T10:49:36.941,1,2017-01-14T01:45:42.133,5829460,1359,,187.9,210.372732,-19.488287,,,,,,2,2016-01-14T01:34:45.503,57401.06580445,480.0,BFOri_1256242_2016-01-14T01:25:53.164_S0.4x11_NIR_NOD,ESO-VLT-U2,"ECHELLE,SLIT,NODDING",["1256242"],IDP,XS_SFLX_1256242_2016-01-14T01:25:53.164_S0.4x11_NIR_NOD.fits,,,true
http://archive.eso.org/datalink/links?ID=ivo://eso.org/ID?ADP.2017-05-12T10:49:36.777,,SPECTRUM,SPECTRUM (FLUX CALIBRATED),XSHOOTER,La Silla Paranal APEX,Non-solar,57401.05960532,2016-01-14T01:25:49.900,480.0,"[gte:533.66, lte:1020.0]",18340.0,,["096.C-0549"],"["SCHOELLER, MARKUS"]","ESO, PHASE3",XSHOOTER,BF Ori,,2017-05-12T12:51:32.000,POSITION J2000 84.305071 -6.58398,84.305071,-6.58398,ADP.2017-05-12T10:49:36.777,1,2017-01-14T01:45:42.133,5829422,1330,,196.2,210.372732,-19.488286,,,,,,2,2016-01-14T01:34:42.497,57401.06576963,480.0,BFOri_1256242_2016-01-14T01:25:49.900_S0.4x11_1x1_VIS_NOD,ESO-VLT-U2,"ECHELLE,SLIT,NODDING",["1256242"],IDP,XS_SFLX_1256242_2016-01-14T01:25:49.900_S0.4x11_1x1_VIS_NOD.fits,,,true
http://archive.eso.org/datalink/links?ID=ivo://eso.org/ID?ADP.2017-05-12T10:49:36.760,,SPECTRUM,SPECTRUM (FLUX CALIBRATED),XSHOOTER,La Silla Paranal APEX,Non-solar,57401.05954501,2016-01-14T01:25:44.690,480.0,"[gte:298.92, lte:555.98]",9861.0,,["096.C-0549"],"["SCHOELLER, MARKUS"]","ESO, PHASE3",XSHOOTER,BF Ori,,2017-05-12T12:51:32.000,POSITION J2000 84.305071 -6.58398,84.305071,-6.58398,ADP.2017-05-12T10:49:36.760,1,2017-01-14T01:45:42.133,5829418,734,,196.6,210.372732,-19.488286,,,,,,2,2016-01-14T01:34:37.287,57401.06570932,480.0,BFOri_1256242_2016-01-14T01:25:44.690_S0.5x11_1x1_UVB_NOD,ESO-VLT-U2,"ECHELLE,SLIT,NODDING",["1256242"],IDP,XS_SFLX_1256242_2016-01-14T01:25:44.690_S0.5x11_1x1_UVB_NOD.fits,,,true
http://archive.eso.org/datalink/links?ID=ivo://eso.org/ID?ADP.2015-02-05T13:25:36.103,,SPECTRUM,SPECTRUM (FLUX CALIBRATED),XSHOOTER,La Silla Paranal APEX,Non-solar,57035.10607898,2015-01-13T02:32:45.223,180.0,"[gte:994.02, lte:2478.96]",11424.0,,["094.C-0233"],"["SCHOELLER, MARKUS"]","ESO, PHASE3",XSHOOTER,BF_Ori,,2015-02-05T00:00:00.000,POSITION J2000 84.305368 -6.58405,84.305368,-6.58405,ADP.2015-02-05T13:25:36.103,1,2016-01-13T02:50:58.490,2026805,1359,,319.4,210.372938,-19.488054,,,,,,2,2015-01-13T02:38:18.133,57035.10993208,180.0,BF_Ori_1129933_2015-01-13T02:32:45.224_S0.4x11_NIR_NOD,ESO-VLT-U2,"ECHELLE,SLIT,NODDING",["1129933"],IDP,XS_SFLX_1129933_2015-01-13T02:32:45.224_S0.4x11_NIR_NOD.fits,,,true
http://archive.eso.org/datalink/links?ID=ivo://eso.org/ID?ADP.2015-02-05T13:25:35.977,,SPECTRUM,SPECTRUM (FLUX CALIBRATED),XSHOOTER,La Silla Paranal APEX,Non-solar,57035.10604108,2015-01-13T02:32:41.950,400.0,"[gte:533.66, lte:1020.0]",18340.0,,["094.C-0233"],"["SCHOELLER, MARKUS"]","ESO, PHASE3",XSHOOTER,BF_Ori,,2015-02-05T00:00:00.000,POSITION J2000 84.305368 -6.58405,84.305368,-6.58405,ADP.2015-02-05T13:25:35.977,1,2016-01-13T02:50:58.490,2026781,1330,,371.2,210.372938,-19.488054,,,,,,2,2015-01-13T02:40:05.230,57035.11117165,400.0,BF_Ori_1129933_2015-01-13T02:32:41.950_S0.4x11_1x1_VIS_NOD,ESO-VLT-U2,"ECHELLE,SLIT,NODDING",["1129933"],IDP,XS_SFLX_1129933_2015-01-13T02:32:41.950_S0.4x11_1x1_VIS_NOD.fits,,,true
http://archive.eso.org/datalink/links?ID=ivo://eso.org/ID?ADP.2015-02-05T13:25:36.243,,SPECTRUM,SPECTRUM (FLUX CALIBRATED),XSHOOTER,La Silla Paranal APEX,Non-solar,57035.105981,2015-01-13T02:32:36.760,320.0,"[gte:298.92, lte:555.98]",9861.0,,["094.C-0233"],"["SCHOELLER, MARKUS"]","ESO, PHASE3",XSHOOTER,BF_Ori,,2015-02-05T00:00:00.000,POSITION J2000 84.305368 -6.58405,84.305368,-6.58405,ADP.2015-02-05T13:25:36.243,1,2016-01-13T02:50:58.490,2026814,734,,362.2,210.372938,-19.488054,,,,,,2,2015-01-13T02:39:19.610,57035.11064364,320.0,BF_Ori_1129933_2015-01-13T02:32:36.759_S0.5x11_1x1_UVB_NOD,ESO-VLT-U2,"ECHELLE,SLIT,NODDING",["1129933"],IDP,XS_SFLX_1129933_2015-01-13T02:32:36.759_S0.5x11_1x1_UVB_NOD.fits,,,true
http://archive.eso.org/datalink/links?ID=ivo://eso.org/ID?ADP.2015-02-05T13:25:36.690,,SPECTRUM,SPECTRUM (FLUX CALIBRATED),XSHOOTER,La Silla Paranal APEX,Non-solar,57035.10191823,2015-01-13T02:26:45.737,120.0,"[gte:994.02, lte:2478.96]",11424.0,,["094.C-0233"],"["SCHOELLER, MARKUS"]","ESO, PHASE3",XSHOOTER,BF_Ori,,2015-02-05T00:00:00.000,POSITION J2000 84.305368 -6.58405,84.305368,-6.58405,ADP.2015-02-05T13:25:36.690,1,2016-01-13T02:40:50.603,2026802,1359,,255.2,210.372938,-19.488054,,,,,,2,2015-01-13T02:29:59.327,57035.10415889,120.0,BF_Ori_1129933_2015-01-13T02:26:45.735_S0.4x11_NIR_NOD,ESO-VLT-U2,"ECHELLE,SLIT,NODDING",["1129933"],IDP,XS_SFLX_1129933_2015-01-13T02:26:45.735_S0.4x11_NIR_NOD.fits,,,true
http://archive.eso.org/datalink/links?ID=ivo://eso.org/ID?ADP.2015-02-05T13:25:35.950,,SPECTRUM,SPECTRUM (FLUX CALIBRATED),XSHOOTER,La Silla Paranal APEX,Non-solar,57035.1018877,2015-01-13T02:26:43.097,160.0,"[gte:533.66, lte:1020.0]",18340.0,,["094.C-0233"],"["SCHOELLER, MARKUS"]","ESO, PHASE3",XSHOOTER,BF_Ori,,2015-02-05T00:00:00.000,POSITION J2000 84.305368 -6.58405,84.305368,-6.58405,ADP.2015-02-05T13:25:35.950,1,2016-01-13T02:40:50.603,2026820,1330,,247.7,210.372938,-19.488054,,,,,,2,2015-01-13T02:30:16.590,57035.10435867,160.0,BF_Ori_1129933_2015-01-13T02:26:43.098_S0.4x11_1x1_VIS_NOD,ESO-VLT-U2,"ECHELLE,SLIT,NODDING",["1129933"],IDP,XS_SFLX_1129933_2015-01-13T02:26:43.098_S0.4x11_1x1_VIS_NOD.fits,,,true
http://archive.eso.org/datalink/links?ID=ivo://eso.org/ID?ADP.2015-02-05T13:25:36.003,,SPECTRUM,SPECTRUM (FLUX CALIBRATED),XSHOOTER,La Silla Paranal APEX,Non-solar,57035.10182786,2015-01-13T02:26:37.927,160.0,"[gte:298.92, lte:555.98]",9861.0,,["094.C-0233"],"["SCHOELLER, MARKUS"]","ESO, PHASE3",XSHOOTER,BF_Ori,,2015-02-05T00:00:00.000,POSITION J2000 84.305368 -6.58405,84.305368,-6.58405,ADP.2015-02-05T13:25:36.003,1,2016-01-13T02:40:50.603,2026808,734,,271.3,210.372938,-19.488054,,,,,,2,2015-01-13T02:30:11.380,57035.10429837,160.0,BF_Ori_1129933_2015-01-13T02:26:37.927_S0.5x11_1x1_UVB_NOD,ESO-VLT-U2,"ECHELLE,SLIT,NODDING",["1129933"],IDP,XS_SFLX_1129933_2015-01-13T02:26:37.927_S0.5x11_1x1_UVB_NOD.fits,,,true
http://archive.eso.org/datalink/links?ID=ivo://eso.org/ID?ADP.2017-05-12T11:44:01.974,,SPECTRUM,SPECTRUM (FLUX CALIBRATED),XSHOOTER,La Silla Paranal APEX,Non-solar,57439.99782346,2016-02-21T23:56:51.947,480.0,"[gte:994.02, lte:2478.96]",11424.0,,["096.C-0549"],"["SCHOELLER, MARKUS"]","ESO, PHASE3",XSHOOTER,BF Ori,,2017-05-12T13:44:35.000,POSITION J2000 84.305431 -6.58453,84.305431,-6.58453,ADP.2017-05-12T11:44:01.974,1,2017-02-22T00:11:03.290,5830180,1359,,152.4,210.373424,-19.488212,,,,,,2,2016-02-22T00:05:44.290,57440.00398483,480.0,BFOri_1256257_2016-02-21T23:56:51.947_S0.4x11_NIR_NOD,ESO-VLT-U2,"ECHELLE,SLIT,NODDING",["1256257"],IDP,XS_SFLX_1256257_2016-02-21T23:56:51.947_S0.4x11_NIR_NOD.fits,,,true
http://archive.eso.org/datalink/links?ID=ivo://eso.org/ID?ADP.2017-05-12T11:44:01.964,,SPECTRUM,SPECTRUM (FLUX CALIBRATED),XSHOOTER,La Silla Paranal APEX,Non-solar,57439.99778634,2016-02-21T23:56:48.740,480.0,"[gte:533.66, lte:1020.0]",18340.0,,["096.C-0549"],"["SCHOELLER, MARKUS"]","ESO, PHASE3",XSHOOTER,BF Ori,,2017-05-12T13:44:35.000,POSITION J2000 84.305431 -6.58453,84.305431,-6.58453,ADP.2017-05-12T11:44:01.964,1,2017-02-22T00:11:03.290,5830178,1330,,193.0,210.373423,-19.488212,,,,,,2,2016-02-22T00:05:41.637,57440.00395412,480.0,BFOri_1256257_2016-02-21T23:56:48.740_S0.4x11_1x1_VIS_NOD,ESO-VLT-U2,"ECHELLE,SLIT,NODDING",["1256257"],IDP,XS_SFLX_1256257_2016-02-21T23:56:48.740_S0.4x11_1x1_VIS_NOD.fits,,,true
http://archive.eso.org/datalink/links?ID=ivo://eso.org/ID?ADP.2017-05-12T11:44:01.947,,SPECTRUM,SPECTRUM (FLUX CALIBRATED),XSHOOTER,La Silla Paranal APEX,Non-solar,57439.99772615,2016-02-21T23:56:43.540,480.0,"[gte:298.92, lte:555.98]",9861.0,,["096.C-0549"],"["SCHOELLER, MARKUS"]","ESO, PHASE3",XSHOOTER,BF Ori,,2017-05-12T13:44:35.000,POSITION J2000 84.305431 -6.58453,84.305431,-6.58453,ADP.2017-05-12T11:44:01.947,1,2017-02-22T00:11:03.290,5830174,734,,212.7,210.373423,-19.488212,,,,,,2,2016-02-22T00:05:36.467,57440.00389428,480.0,BFOri_1256257_2016-02-21T23:56:43.539_S0.5x11_1x1_UVB_NOD,ESO-VLT-U2,"ECHELLE,SLIT,NODDING",["1256257"],IDP,XS_SFLX_1256257_2016-02-21T23:56:43.539_S0.5x11_1x1_UVB_NOD.fits,,,true
http://archive.eso.org/datalink/links?ID=ivo://eso.org/ID?ADP.2015-02-05T13:27:19.163,,SPECTRUM,SPECTRUM (FLUX CALIBRATED),XSHOOTER,La Silla Paranal APEX,Non-solar,57036.1067578,2015-01-14T02:33:43.873,600.0,"[gte:994.02, lte:2478.96]",11424.0,,["094.C-0233"],"["SCHOELLER, MARKUS"]","ESO, PHASE3",XSHOOTER,BF_Ori,,2015-02-05T00:00:00.000,POSITION J2000 84.305507 -6.58451,84.305507,-6.58451,ADP.2015-02-05T13:27:19.163,1,2016-01-14T02:55:59.377,2026849,1359,,360.3,210.37344,-19.488136,,,,,,2,2015-01-14T02:46:21.667,57036.11552853,600.0,BF_Ori_1129936_2015-01-14T02:33:43.874_S0.4x11_NIR_NOD,ESO-VLT-U2,"ECHELLE,SLIT,NODDING",["1129936"],IDP,XS_SFLX_1129936_2015-01-14T02:33:43.874_S0.4x11_NIR_NOD.fits,,,true
http://archive.eso.org/datalink/links?ID=ivo://eso.org/ID?ADP.2015-02-05T13:27:19.543,,SPECTRUM,SPECTRUM (FLUX CALIBRATED),XSHOOTER,La Silla Paranal APEX,Non-solar,57036.10672221,2015-01-14T02:33:40.800,810.0,"[gte:533.66, lte:1020.0]",18340.0,,["094.C-0233"],"["SCHOELLER, MARKUS"]","ESO, PHASE3",XSHOOTER,BF_Ori,,2015-02-05T00:00:00.000,POSITION J2000 84.305507 -6.58451,84.305507,-6.58451,ADP.2015-02-05T13:27:19.543,1,2016-01-14T03:01:09.387,2026844,1327,,312.4,210.37344,-19.488135,,,,,,2,2015-01-14T02:48:03.690,57036.11670937,810.0,BF_Ori_1129936_2015-01-14T02:33:40.800_S0.4x11_1x1_VIS_NOD,ESO-VLT-U2,"ECHELLE,SLIT,NODDING",["1129936"],IDP,XS_SFLX_1129936_2015-01-14T02:33:40.800_S0.4x11_1x1_VIS_NOD.fits,,,true
http://archive.eso.org/datalink/links?ID=ivo://eso.org/ID?ADP.2015-02-05T13:27:19.423,,SPECTRUM,SPECTRUM (FLUX CALIBRATED),XSHOOTER,La Silla Paranal APEX,Non-solar,57036.10666167,2015-01-14T02:33:35.570,810.0,"[gte:298.92, lte:555.98]",9861.0,,["094.C-0233"],"["SCHOELLER, MARKUS"]","ESO, PHASE3",XSHOOTER,BF_Ori,,2015-02-05T00:00:00.000,POSITION J2000 84.305507 -6.58451,84.305507,-6.58451,ADP.2015-02-05T13:27:19.423,1,2016-01-14T03:01:09.387,2026851,731,,350.8,210.37344,-19.488135,,,,,,2,2015-01-14T02:47:58.470,57036.11664895,810.0,BF_Ori_1129936_2015-01-14T02:33:35.569_S0.5x11_1x1_UVB_NOD,ESO-VLT-U2,"ECHELLE,SLIT,NODDING",["1129936"],IDP,XS_SFLX_1129936_2015-01-14T02:33:35.569_S0.5x11_1x1_UVB_NOD.fits,,,true
http://archive.eso.org/datalink/links?ID=ivo://eso.org/ID?ADP.2015-02-05T13:27:18.957,,SPECTRUM,SPECTRUM (FLUX CALIBRATED),XSHOOTER,La Silla Paranal APEX,Non-solar,57036.11946978,2015-01-14T02:52:02.190,1200.0,"[gte:994.02, lte:2478.96]",11424.0,,["094.C-0233"],"["SCHOELLER, MARKUS"]","ESO, PHASE3",XSHOOTER,BF_Ori,,2015-02-05T00:00:00.000,POSITION J2000 84.30569 -6.58443,84.30569,-6.58443,ADP.2015-02-05T13:27:18.957,1,2016-01-14T03:26:01.287,2026833,1359,,314.9,210.37345,-19.487937,,,,,,2,2015-01-14T03:13:45.070,57036.13454943,1200.0,BF_Ori_1129936_2015-01-14T02:52:02.189_S0.4x11_NIR_NOD,ESO-VLT-U2,"ECHELLE,SLIT,NODDING",["1129936"],IDP,XS_SFLX_1129936_2015-01-14T02:52:02.189_S0.4x11_NIR_NOD.fits,,,true
http://archive.eso.org/datalink/links?ID=ivo://eso.org/ID?ADP.2015-02-05T13:27:19.623,,SPECTRUM,SPECTRUM (FLUX CALIBRATED),XSHOOTER,La Silla Paranal APEX,Non-solar,57036.11943433,2015-01-14T02:51:59.127,1300.0,"[gte:533.66, lte:1020.0]",18340.0,,["094.C-0233"],"["SCHOELLER, MARKUS"]","ESO, PHASE3",XSHOOTER,BF_Ori,,2015-02-05T00:00:00.000,POSITION J2000 84.30569 -6.58443,84.30569,-6.58443,ADP.2015-02-05T13:27:19.623,1,2016-01-14T03:31:24.917,2026831,1327,,381.8,210.37345,-19.487937,,,,,,2,2015-01-14T03:14:32.247,57036.13509546,1300.0,BF_Ori_1129936_2015-01-14T02:51:59.126_S0.4x11_1x1_VIS_NOD,ESO-VLT-U2,"ECHELLE,SLIT,NODDING",["1129936"],IDP,XS_SFLX_1129936_2015-01-14T02:51:59.126_S0.4x11_1x1_VIS_NOD.fits,,,true
http://archive.eso.org/datalink/links?ID=ivo://eso.org/ID?ADP.2015-02-05T13:27:19.383,,SPECTRUM,SPECTRUM (FLUX CALIBRATED),XSHOOTER,La Silla Paranal APEX,Non-solar,57036.11937449,2015-01-14T02:51:53.957,1300.0,"[gte:298.92, lte:555.98]",9861.0,,["094.C-0233"],"["SCHOELLER, MARKUS"]","ESO, PHASE3",XSHOOTER,BF_Ori,,2015-02-05T00:00:00.000,POSITION J2000 84.30569 -6.58443,84.30569,-6.58443,ADP.2015-02-05T13:27:19.383,1,2016-01-14T03:31:24.917,2026832,731,,414.9,210.37345,-19.487937,,,,,,2,2015-01-14T03:14:27.037,57036.13503516,1300.0,BF_Ori_1129936_2015-01-14T02:51:53.956_S0.5x11_1x1_UVB_NOD,ESO-VLT-U2,"ECHELLE,SLIT,NODDING",["1129936"],IDP,XS_SFLX_1129936_2015-01-14T02:51:53.956_S0.5x11_1x1_UVB_NOD.fits,,,true
http://archive.eso.org/datalink/links?ID=ivo://eso.org/ID?ADP.2014-05-13T15:48:45.247,,SPECTRUM,SPECTRUM (FLUX CALIBRATED),XSHOOTER,La Silla Paranal APEX,Non-solar,55198.06588121,2010-01-02T01:34:52.137,1.0,"[gte:994.02, lte:2478.96]",11424.0,,["084.C-0952"],"["OUDMAIJER, R.D."]","ESO, PHASE3",XSHOOTER,BF-Ori,,2014-05-13T00:00:00.000,POSITION J2000 84.305613 -6.58388,84.305613,-6.58388,ADP.2014-05-13T15:48:45.247,1,2011-01-21T13:07:49.963,436040,1350,,9.2,210.372892,-19.48776,,,,,,2,2010-01-02T01:34:53.137,55198.06589278,1.0,BF-Ori_388015_2010-01-02T01:34:52.137_S0.4x11_NIR_STA,ESO-VLT-U2,"ECHELLE,SLIT,STARE",["388015"],IDP,XS_SFLX_388015_2010-01-02T01:34:52.137_S0.4x11_NIR_STA.fits,,,true
http://archive.eso.org/datalink/links?ID=ivo://eso.org/ID?ADP.2014-05-13T15:48:44.713,,SPECTRUM,SPECTRUM (FLUX CALIBRATED),XSHOOTER,La Silla Paranal APEX,Non-solar,55198.06584217,2010-01-02T01:34:48.763,10.0,"[gte:533.66, lte:1020.0]",18340.0,,["084.C-0952"],"["OUDMAIJER, R.D."]","ESO, PHASE3",XSHOOTER,BF-Ori,,2014-05-13T00:00:00.000,POSITION J2000 84.305613 -6.58388,84.305613,-6.58388,ADP.2014-05-13T15:48:44.713,1,2011-01-21T13:07:49.960,436025,1319,,66.9,210.372892,-19.48776,,,,,,2,2010-01-02T01:34:58.763,55198.06595791,10.0,BF-Ori_388015_2010-01-02T01:34:48.763_S0.4x11_1x1_VIS_STA,ESO-VLT-U2,"ECHELLE,SLIT,STARE",["388015"],IDP,XS_SFLX_388015_2010-01-02T01:34:48.763_S0.4x11_1x1_VIS_STA.fits,,,true
http://archive.eso.org/datalink/links?ID=ivo://eso.org/ID?ADP.2014-05-13T15:48:44.373,,SPECTRUM,SPECTRUM (FLUX CALIBRATED),XSHOOTER,La Silla Paranal APEX,Non-solar,55198.06578198,2010-01-02T01:34:43.563,10.0,"[gte:298.92, lte:555.98]",9861.0,,["084.C-0952"],"["OUDMAIJER, R.D."]","ESO, PHASE3",XSHOOTER,BF-Ori,,2014-05-13T00:00:00.000,POSITION J2000 84.305613 -6.58388,84.305613,-6.58388,ADP.2014-05-13T15:48:44.373,1,2011-01-21T13:07:49.953,436022,722,,68.8,210.372892,-19.48776,,,,,,2,2010-01-02T01:34:53.563,55198.06589772,10.0,BF-Ori_388015_2010-01-02T01:34:43.563_S0.5x11_1x1_UVB_STA,ESO-VLT-U2,"ECHELLE,SLIT,STARE",["388015"],IDP,XS_SFLX_388015_2010-01-02T01:34:43.563_S0.5x11_1x1_UVB_STA.fits,,,true
http://archive.eso.org/datalink/links?ID=ivo://eso.org/ID?ADP.2015-02-05T13:35:26.520,,SPECTRUM,SPECTRUM (FLUX CALIBRATED),XSHOOTER,La Silla Paranal APEX,Non-solar,57044.09967633,2015-01-22T02:23:32.037,600.0,"[gte:994.02, lte:2478.96]",11424.0,,["094.C-0233"],"["SCHOELLER, MARKUS"]","ESO, PHASE3",XSHOOTER,BF_Ori,,2015-02-05T00:00:00.000,POSITION J2000 84.305649 -6.58394,84.305649,-6.58394,ADP.2015-02-05T13:35:26.520,1,2016-01-22T02:51:02.767,2027030,1359,,444.4,210.372966,-19.487755,,,,,,2,2015-01-22T02:36:10.490,57044.10845475,600.0,BF_Ori_1129942_2015-01-22T02:23:32.035_S0.4x11_NIR_NOD,ESO-VLT-U2,"ECHELLE,SLIT,NODDING",["1129942"],IDP,XS_SFLX_1129942_2015-01-22T02:23:32.035_S0.4x11_NIR_NOD.fits,,,true
http://archive.eso.org/datalink/links?ID=ivo://eso.org/ID?ADP.2015-02-05T13:35:25.697,,SPECTRUM,SPECTRUM (FLUX CALIBRATED),XSHOOTER,La Silla Paranal APEX,Non-solar,57044.09964127,2015-01-22T02:23:29.007,810.0,"[gte:533.66, lte:1020.0]",18340.0,,["094.C-0233"],"["SCHOELLER, MARKUS"]","ESO, PHASE3",XSHOOTER,BF_Ori,,2015-02-05T00:00:00.000,POSITION J2000 84.305649 -6.58394,84.305649,-6.58394,ADP.2015-02-05T13:35:25.697,1,2016-01-22T02:56:19.553,2027029,1330,,404.4,210.372965,-19.487755,,,,,,2,2015-01-22T02:37:52.637,57044.10963699,810.0,BF_Ori_1129942_2015-01-22T02:23:29.006_S0.4x11_1x1_VIS_NOD,ESO-VLT-U2,"ECHELLE,SLIT,NODDING",["1129942"],IDP,XS_SFLX_1129942_2015-01-22T02:23:29.006_S0.4x11_1x1_VIS_NOD.fits,,,true
http://archive.eso.org/datalink/links?ID=ivo://eso.org/ID?ADP.2015-02-05T13:35:26.080,,SPECTRUM,SPECTRUM (FLUX CALIBRATED),XSHOOTER,La Silla Paranal APEX,Non-solar,57044.09958084,2015-01-22T02:23:23.787,810.0,"[gte:298.92, lte:555.98]",9861.0,,["094.C-0233"],"["SCHOELLER, MARKUS"]","ESO, PHASE3",XSHOOTER,BF_Ori,,2015-02-05T00:00:00.000,POSITION J2000 84.305649 -6.58394,84.305649,-6.58394,ADP.2015-02-05T13:35:26.080,1,2016-01-22T02:51:02.767,2026994,734,,462.8,210.372965,-19.487755,,,,,,2,2015-01-22T02:37:47.477,57044.10957727,810.0,BF_Ori_1129942_2015-01-22T02:23:23.785_S0.5x11_1x1_UVB_NOD,ESO-VLT-U2,"ECHELLE,SLIT,NODDING",["1129942"],IDP,XS_SFLX_1129942_2015-01-22T02:23:23.785_S0.5x11_1x1_UVB_NOD.fits,,,true
http://archive.eso.org/datalink/links?ID=ivo://eso.org/ID?ADP.2015-02-05T13:41:27.377,,SPECTRUM,SPECTRUM (FLUX CALIBRATED),XSHOOTER,La Silla Paranal APEX,Non-solar,57048.09672067,2015-01-26T02:19:16.667,600.0,"[gte:994.02, lte:2478.96]",11424.0,,["094.C-0233"],"["SCHOELLER, MARKUS"]","ESO, PHASE3",XSHOOTER,BF_Ori,,2015-02-05T00:00:00.000,POSITION J2000 84.305788 -6.58432,84.305788,-6.58432,ADP.2015-02-05T13:41:27.377,1,2016-01-26T02:41:32.977,2027164,1359,,391.8,210.373392,-19.487801,,,,,,2,2015-01-26T02:31:54.457,57048.1054914,600.0,BF_Ori_1129948_2015-01-26T02:19:16.666_S0.4x11_NIR_NOD,ESO-VLT-U2,"ECHELLE,SLIT,NODDING",["1129948"],IDP,XS_SFLX_1129948_2015-01-26T02:19:16.666_S0.4x11_NIR_NOD.fits,,,true
http://archive.eso.org/datalink/links?ID=ivo://eso.org/ID?ADP.2015-02-05T13:41:27.530,,SPECTRUM,SPECTRUM (FLUX CALIBRATED),XSHOOTER,La Silla Paranal APEX,Non-solar,57048.09668279,2015-01-26T02:19:13.393,810.0,"[gte:533.66, lte:1020.0]",18340.0,,["094.C-0233"],"["SCHOELLER, MARKUS"]","ESO, PHASE3",XSHOOTER,BF_Ori,,2015-02-05T00:00:00.000,POSITION J2000 84.305788 -6.58432,84.305788,-6.58432,ADP.2015-02-05T13:41:27.530,1,2016-01-26T02:41:32.977,2027169,1330,,338.4,210.373392,-19.487801,,,,,,2,2015-01-26T02:33:36.393,57048.10667122,810.0,BF_Ori_1129948_2015-01-26T02:19:13.393_S0.4x11_1x1_VIS_NOD,ESO-VLT-U2,"ECHELLE,SLIT,NODDING",["1129948"],IDP,XS_SFLX_1129948_2015-01-26T02:19:13.393_S0.4x11_1x1_VIS_NOD.fits,,,true
http://archive.eso.org/datalink/links?ID=ivo://eso.org/ID?ADP.2015-02-05T13:41:27.957,,SPECTRUM,SPECTRUM (FLUX CALIBRATED),XSHOOTER,La Silla Paranal APEX,Non-solar,57048.09662294,2015-01-26T02:19:08.223,810.0,"[gte:298.92, lte:555.98]",9861.0,,["094.C-0233"],"["SCHOELLER, MARKUS"]","ESO, PHASE3",XSHOOTER,BF_Ori,,2015-02-05T00:00:00.000,POSITION J2000 84.305788 -6.58432,84.305788,-6.58432,ADP.2015-02-05T13:41:27.957,1,2016-01-26T02:41:32.977,2027148,734,,380.1,210.373392,-19.487801,,,,,,2,2015-01-26T02:33:31.173,57048.1066108,810.0,BF_Ori_1129948_2015-01-26T02:19:08.223_S0.5x11_1x1_UVB_NOD,ESO-VLT-U2,"ECHELLE,SLIT,NODDING",["1129948"],IDP,XS_SFLX_1129948_2015-01-26T02:19:08.223_S0.5x11_1x1_UVB_NOD.fits,,,true
http://archive.eso.org/datalink/links?ID=ivo://eso.org/ID?ADP.2015-02-05T13:39:17.057,,SPECTRUM,SPECTRUM (FLUX CALIBRATED),XSHOOTER,La Silla Paranal APEX,Non-solar,57046.10029557,2015-01-24T02:24:25.537,600.0,"[gte:994.02, lte:2478.96]",11424.0,,["094.C-0233"],"["SCHOELLER, MARKUS"]","ESO, PHASE3",XSHOOTER,BF_Ori,,2015-02-05T00:00:00.000,POSITION J2000 84.305744 -6.5839,84.305744,-6.5839,ADP.2015-02-05T13:39:17.057,1,2016-01-24T02:51:22.530,2027122,1359,,448.9,210.372973,-19.487653,,,,,,2,2015-01-24T02:37:03.327,57046.1090663,600.0,BF_Ori_1129945_2015-01-24T02:24:25.537_S0.4x11_NIR_NOD,ESO-VLT-U2,"ECHELLE,SLIT,NODDING",["1129945"],IDP,XS_SFLX_1129945_2015-01-24T02:24:25.537_S0.4x11_NIR_NOD.fits,,,true
http://archive.eso.org/datalink/links?ID=ivo://eso.org/ID?ADP.2015-02-05T13:39:16.267,,SPECTRUM,SPECTRUM (FLUX CALIBRATED),XSHOOTER,La Silla Paranal APEX,Non-solar,57046.10025747,2015-01-24T02:24:22.247,810.0,"[gte:533.66, lte:1020.0]",18340.0,,["094.C-0233"],"["SCHOELLER, MARKUS"]","ESO, PHASE3",XSHOOTER,BF_Ori,,2015-02-05T00:00:00.000,POSITION J2000 84.305744 -6.5839,84.305744,-6.5839,ADP.2015-02-05T13:39:16.267,1,2016-01-24T02:51:22.530,2027129,1330,,380.1,210.372972,-19.487652,,,,,,2,2015-01-24T02:38:45.097,57046.11024417,810.0,BF_Ori_1129945_2015-01-24T02:24:22.246_S0.4x11_1x1_VIS_NOD,ESO-VLT-U2,"ECHELLE,SLIT,NODDING",["1129945"],IDP,XS_SFLX_1129945_2015-01-24T02:24:22.246_S0.4x11_1x1_VIS_NOD.fits,,,true
http://archive.eso.org/datalink/links?ID=ivo://eso.org/ID?ADP.2015-02-05T13:39:16.200,,SPECTRUM,SPECTRUM (FLUX CALIBRATED),XSHOOTER,La Silla Paranal APEX,Non-solar,57046.10019717,2015-01-24T02:24:17.037,810.0,"[gte:298.92, lte:555.98]",9861.0,,["094.C-0233"],"["SCHOELLER, MARKUS"]","ESO, PHASE3",XSHOOTER,BF_Ori,,2015-02-05T00:00:00.000,POSITION J2000 84.305744 -6.5839,84.305744,-6.5839,ADP.2015-02-05T13:39:16.200,1,2016-01-24T02:51:22.530,2027114,734,,406.1,210.372972,-19.487652,,,,,,2,2015-01-24T02:38:39.877,57046.11018375,810.0,BF_Ori_1129945_2015-01-24T02:24:17.035_S0.5x11_1x1_UVB_NOD,ESO-VLT-U2,"ECHELLE,SLIT,NODDING",["1129945"],IDP,XS_SFLX_1129945_2015-01-24T02:24:17.035_S0.5x11_1x1_UVB_NOD.fits,,,true
http://archive.eso.org/datalink/links?ID=ivo://eso.org/ID?ADP.2017-05-12T09:11:33.474,,SPECTRUM,SPECTRUM (FLUX CALIBRATED),XSHOOTER,La Silla Paranal APEX,Non-solar,57320.35889476,2015-10-25T08:36:48.507,480.0,"[gte:994.02, lte:2478.96]",11424.0,,["096.C-0549"],"["SCHOELLER, MARKUS"]","ESO, PHASE3",XSHOOTER,BF Ori,,2017-05-12T11:12:24.000,POSITION J2000 84.305795 -6.58384,84.305795,-6.58384,ADP.2017-05-12T09:11:33.474,1,2016-10-25T08:51:20.807,5828088,1359,,302.2,210.37294,-19.487581,,,,,,2,2015-10-25T08:45:41.517,57320.36506383,480.0,BFOri_1256238_2015-10-25T08:36:48.507_S0.4x11_NIR_NOD,ESO-VLT-U2,"ECHELLE,SLIT,NODDING",["1256238"],IDP,XS_SFLX_1256238_2015-10-25T08:36:48.507_S0.4x11_NIR_NOD.fits,,,true
http://archive.eso.org/datalink/links?ID=ivo://eso.org/ID?ADP.2017-05-12T09:11:33.399,,SPECTRUM,SPECTRUM (FLUX CALIBRATED),XSHOOTER,La Silla Paranal APEX,Non-solar,57320.35885611,2015-10-25T08:36:45.170,480.0,"[gte:533.66, lte:1020.0]",18340.0,,["096.C-0549"],"["SCHOELLER, MARKUS"]","ESO, PHASE3",XSHOOTER,BF Ori,,2017-05-12T11:12:24.000,POSITION J2000 84.305795 -6.58384,84.305795,-6.58384,ADP.2017-05-12T09:11:33.399,1,2016-10-25T08:56:16.037,5828071,1330,,387.7,210.372939,-19.48758,,,,,,2,2015-10-25T08:45:38.433,57320.36502815,480.0,BFOri_1256238_2015-10-25T08:36:45.169_S0.4x11_1x1_VIS_NOD,ESO-VLT-U2,"ECHELLE,SLIT,NODDING",["1256238"],IDP,XS_SFLX_1256238_2015-10-25T08:36:45.169_S0.4x11_1x1_VIS_NOD.fits,,,true
http://archive.eso.org/datalink/links?ID=ivo://eso.org/ID?ADP.2017-05-12T09:11:33.404,,SPECTRUM,SPECTRUM (FLUX CALIBRATED),XSHOOTER,La Silla Paranal APEX,Non-solar,57320.35879558,2015-10-25T08:36:39.937,480.0,"[gte:298.92, lte:555.98]",9861.0,,["096.C-0549"],"["SCHOELLER, MARKUS"]","ESO, PHASE3",XSHOOTER,BF Ori,,2017-05-12T11:12:24.000,POSITION J2000 84.305795 -6.58384,84.305795,-6.58384,ADP.2017-05-12T09:11:33.404,1,2016-10-25T08:51:20.807,5828072,734,,415.5,210.372939,-19.48758,,,,,,2,2015-10-25T08:45:33.213,57320.36496772,480.0,BFOri_1256238_2015-10-25T08:36:39.938_S0.5x11_1x1_UVB_NOD,ESO-VLT-U2,"ECHELLE,SLIT,NODDING",["1256238"],IDP,XS_SFLX_1256238_2015-10-25T08:36:39.938_S0.5x11_1x1_UVB_NOD.fits,,,true
http://archive.eso.org/datalink/links?ID=ivo://eso.org/ID?ADP.2015-02-05T13:33:38.193,,SPECTRUM,SPECTRUM (FLUX CALIBRATED),XSHOOTER,La Silla Paranal APEX,Non-solar,57043.11898872,2015-01-21T02:51:20.627,810.0,"[gte:533.66, lte:1020.0]",18340.0,,["094.C-0233"],"["SCHOELLER, MARKUS"]","ESO, PHASE3",XSHOOTER,BF_Ori,,2015-02-05T00:00:00.000,POSITION J2000 84.305827 -6.58381,84.305827,-6.58381,ADP.2015-02-05T13:33:38.193,1,2016-01-21T03:15:56.343,2026992,1330,,402.1,210.372926,-19.487538,,,,,,2,2015-01-21T03:05:43.667,57043.12897762,810.0,BF_Ori_1129939_2015-01-21T02:51:20.626_S0.4x11_1x1_VIS_NOD,ESO-VLT-U2,"ECHELLE,SLIT,NODDING",["1129939"],IDP,XS_SFLX_1129939_2015-01-21T02:51:20.626_S0.4x11_1x1_VIS_NOD.fits,,,true
http://archive.eso.org/datalink/links?ID=ivo://eso.org/ID?ADP.2015-02-05T13:33:38.293,,SPECTRUM,SPECTRUM (FLUX CALIBRATED),XSHOOTER,La Silla Paranal APEX,Non-solar,57043.11892876,2015-01-21T02:51:15.447,810.0,"[gte:298.92, lte:555.98]",9861.0,,["094.C-0233"],"["SCHOELLER, MARKUS"]","ESO, PHASE3",XSHOOTER,BF_Ori,,2015-02-05T00:00:00.000,POSITION J2000 84.305827 -6.58381,84.305827,-6.58381,ADP.2015-02-05T13:33:38.293,1,2016-01-21T03:11:13.483,2026979,734,,448.5,210.372926,-19.487538,,,,,,2,2015-01-21T03:05:38.507,57043.12891789,810.0,BF_Ori_1129939_2015-01-21T02:51:15.446_S0.5x11_1x1_UVB_NOD,ESO-VLT-U2,"ECHELLE,SLIT,NODDING",["1129939"],IDP,XS_SFLX_1129939_2015-01-21T02:51:15.446_S0.5x11_1x1_UVB_NOD.fits,,,true
http://archive.eso.org/datalink/links?ID=ivo://eso.org/ID?ADP.2015-02-05T13:33:37.753,,SPECTRUM,SPECTRUM (FLUX CALIBRATED),XSHOOTER,La Silla Paranal APEX,Non-solar,57043.11902376,2015-01-21T02:51:23.653,600.0,"[gte:994.02, lte:2478.96]",11424.0,,["094.C-0233"],"["SCHOELLER, MARKUS"]","ESO, PHASE3",XSHOOTER,BF_Ori,,2015-02-05T00:00:00.000,POSITION J2000 84.305828 -6.58381,84.305828,-6.58381,ADP.2015-02-05T13:33:37.753,1,2016-01-21T03:11:13.483,2026974,1359,,469.7,210.372927,-19.487538,,,,,,2,2015-01-21T03:04:01.443,57043.12779449,600.0,BF_Ori_1129939_2015-01-21T02:51:23.653_S0.4x11_NIR_NOD,ESO-VLT-U2,"ECHELLE,SLIT,NODDING",["1129939"],IDP,XS_SFLX_1129939_2015-01-21T02:51:23.653_S0.4x11_NIR_NOD.fits,,,true
http://archive.eso.org/datalink/links?ID=ivo://eso.org/ID?ADP.2017-05-12T11:25:47.894,,SPECTRUM,SPECTRUM (FLUX CALIBRATED),XSHOOTER,La Silla Paranal APEX,Non-solar,57433.0765515,2016-02-15T01:50:14.050,480.0,"[gte:994.02, lte:2478.96]",11424.0,,["096.C-0549"],"["SCHOELLER, MARKUS"]","ESO, PHASE3",XSHOOTER,BF Ori,,2017-05-12T13:30:42.000,POSITION J2000 84.305985 -6.58407,84.305985,-6.58407,ADP.2017-05-12T11:25:47.894,1,2017-02-15T02:11:09.407,5829929,1359,,189.5,210.373247,-19.487514,,,,,,2,2016-02-15T01:59:06.390,57433.08271284,480.0,BFOri_1256248_2016-02-15T01:50:14.050_S0.4x11_NIR_NOD,ESO-VLT-U2,"ECHELLE,SLIT,NODDING",["1256248"],IDP,XS_SFLX_1256248_2016-02-15T01:50:14.050_S0.4x11_NIR_NOD.fits,,,true
http://archive.eso.org/datalink/links?ID=ivo://eso.org/ID?ADP.2017-05-12T11:25:47.950,,SPECTRUM,SPECTRUM (FLUX CALIBRATED),XSHOOTER,La Silla Paranal APEX,Non-solar,57433.07651944,2016-02-15T01:50:11.280,480.0,"[gte:533.66, lte:1020.0]",18340.0,,["096.C-0549"],"["SCHOELLER, MARKUS"]","ESO, PHASE3",XSHOOTER,BF Ori,,2017-05-12T13:30:42.000,POSITION J2000 84.305985 -6.58407,84.305985,-6.58407,ADP.2017-05-12T11:25:47.950,1,2017-02-15T02:11:09.407,5829942,1330,,219.6,210.373247,-19.487514,,,,,,2,2016-02-15T01:59:03.297,57433.08267704,480.0,BFOri_1256248_2016-02-15T01:50:11.280_S0.4x11_1x1_VIS_NOD,ESO-VLT-U2,"ECHELLE,SLIT,NODDING",["1256248"],IDP,XS_SFLX_1256248_2016-02-15T01:50:11.280_S0.4x11_1x1_VIS_NOD.fits,,,true
http://archive.eso.org/datalink/links?ID=ivo://eso.org/ID?ADP.2017-05-12T11:25:47.928,,SPECTRUM,SPECTRUM (FLUX CALIBRATED),XSHOOTER,La Silla Paranal APEX,Non-solar,57433.07645902,2016-02-15T01:50:06.060,480.0,"[gte:298.92, lte:555.98]",9861.0,,["096.C-0549"],"["SCHOELLER, MARKUS"]","ESO, PHASE3",XSHOOTER,BF Ori,,2017-05-12T13:30:42.000,POSITION J2000 84.305985 -6.58407,84.305985,-6.58407,ADP.2017-05-12T11:25:47.928,1,2017-02-15T02:11:09.407,5829937,734,,222.6,210.373247,-19.487514,,,,,,2,2016-02-15T01:58:58.067,57433.0826165,480.0,BFOri_1256248_2016-02-15T01:50:06.059_S0.5x11_1x1_UVB_NOD,ESO-VLT-U2,"ECHELLE,SLIT,NODDING",["1256248"],IDP,XS_SFLX_1256248_2016-02-15T01:50:06.059_S0.5x11_1x1_UVB_NOD.fits,,,true
http://archive.eso.org/datalink/links?ID=ivo://eso.org/ID?ADP.2017-05-11T10:01:19.957,,SPECTRUM,SPECTRUM (FLUX CALIBRATED),XSHOOTER,La Silla Paranal APEX,Non-solar,57119.04716342,2015-04-07T01:07:54.920,600.0,"[gte:994.02, lte:2478.96]",11424.0,,["094.C-0233"],"["SCHOELLER, MARKUS"]","ESO, PHASE3",XSHOOTER,BF_Ori,,2017-05-11T12:06:16.000,POSITION J2000 84.30604 -6.58392,84.30604,-6.58392,ADP.2017-05-11T10:01:19.957,1,2016-04-07T01:25:39.100,5823791,1359,,442.2,210.373131,-19.487399,,,,,,2,2015-04-07T01:20:32.047,57119.05592645,600.0,BF_Ori_1129954_2015-04-07T01:07:54.919_S0.4x11_NIR_NOD,ESO-VLT-U2,"ECHELLE,SLIT,NODDING",["1129954"],IDP,XS_SFLX_1129954_2015-04-07T01:07:54.919_S0.4x11_NIR_NOD.fits,,,true
http://archive.eso.org/datalink/links?ID=ivo://eso.org/ID?ADP.2017-05-11T10:01:19.534,,SPECTRUM,SPECTRUM (FLUX CALIBRATED),XSHOOTER,La Silla Paranal APEX,Non-solar,57119.04712497,2015-04-07T01:07:51.597,810.0,"[gte:533.66, lte:1020.0]",18340.0,,["094.C-0233"],"["SCHOELLER, MARKUS"]","ESO, PHASE3",XSHOOTER,BF_Ori,,2017-05-11T12:06:16.000,POSITION J2000 84.30604 -6.58392,84.30604,-6.58392,ADP.2017-05-11T10:01:19.534,1,2016-04-07T01:30:48.163,5823694,1330,,376.7,210.37313,-19.487398,,,,,,2,2015-04-07T01:22:13.760,57119.05710369,810.0,BF_Ori_1129954_2015-04-07T01:07:51.598_S0.4x11_1x1_VIS_NOD,ESO-VLT-U2,"ECHELLE,SLIT,NODDING",["1129954"],IDP,XS_SFLX_1129954_2015-04-07T01:07:51.598_S0.4x11_1x1_VIS_NOD.fits,,,true
http://archive.eso.org/datalink/links?ID=ivo://eso.org/ID?ADP.2017-05-11T10:01:19.669,,SPECTRUM,SPECTRUM (FLUX CALIBRATED),XSHOOTER,La Silla Paranal APEX,Non-solar,57119.04706455,2015-04-07T01:07:46.377,810.0,"[gte:298.92, lte:555.98]",9861.0,,["094.C-0233"],"["SCHOELLER, MARKUS"]","ESO, PHASE3",XSHOOTER,BF_Ori,,2017-05-11T12:06:16.000,POSITION J2000 84.30604 -6.58392,84.30604,-6.58392,ADP.2017-05-11T10:01:19.669,1,2016-04-07T01:30:48.163,5823724,734,,372.0,210.37313,-19.487398,,,,,,2,2015-04-07T01:22:08.530,57119.05704316,810.0,BF_Ori_1129954_2015-04-07T01:07:46.378_S0.5x11_1x1_UVB_NOD,ESO-VLT-U2,"ECHELLE,SLIT,NODDING",["1129954"],IDP,XS_SFLX_1129954_2015-04-07T01:07:46.378_S0.5x11_1x1_UVB_NOD.fits,,,true
http://archive.eso.org/datalink/links?ID=ivo://eso.org/ID?ADP.2014-05-17T08:55:42.613,,SPECTRUM,SPECTRUM (FLUX CALIBRATED),XSHOOTER,La Silla Paranal APEX,Non-solar,55980.06556065,2012-02-23T01:34:24.440,32.0,"[gte:994.02, lte:2478.96]",1029.0,,["088.C-0218"],"["MENDIGUTIA, IGNACIO"]","ESO, PHASE3",XSHOOTER,BF-Ori,,2014-05-17T00:00:00.000,POSITION J2000 84.306019 -6.58383,84.306019,-6.58383,ADP.2014-05-17T08:55:42.613,1,2013-04-20T14:22:08.607,455417,1347,,55.2,210.373035,-19.487377,,,,,,2,2012-02-23T01:36:10.423,55980.06678731,32.0,BF-Ori_586464_2012-02-23T01:34:24.440_S5.0x11_NIR_NOD,ESO-VLT-U2,"ECHELLE,SLIT,NODDING",["586464"],IDP,XS_SFLX_586464_2012-02-23T01:34:24.440_S5.0x11_NIR_NOD.fits,,,true
http://archive.eso.org/datalink/links?ID=ivo://eso.org/ID?ADP.2014-05-17T08:55:42.180,,SPECTRUM,SPECTRUM (FLUX CALIBRATED),XSHOOTER,La Silla Paranal APEX,Non-solar,55980.06552428,2012-02-23T01:34:21.297,32.0,"[gte:533.66, lte:1020.0]",1512.0,,["088.C-0218"],"["MENDIGUTIA, IGNACIO"]","ESO, PHASE3",XSHOOTER,BF-Ori,,2014-05-17T00:00:00.000,POSITION J2000 84.306019 -6.58383,84.306019,-6.58383,ADP.2014-05-17T08:55:42.180,1,2013-04-20T14:22:08.607,455415,1319,,167.2,210.373035,-19.487377,,,,,,2,2012-02-23T01:36:07.227,55980.0667503,32.0,BF-Ori_586464_2012-02-23T01:34:21.298_S5.0x11_2x2_VIS_NOD,ESO-VLT-U2,"ECHELLE,SLIT,NODDING",["586464"],IDP,XS_SFLX_586464_2012-02-23T01:34:21.298_S5.0x11_2x2_VIS_NOD.fits,,,true
http://archive.eso.org/datalink/links?ID=ivo://eso.org/ID?ADP.2014-05-17T08:55:42.127,,SPECTRUM,SPECTRUM (FLUX CALIBRATED),XSHOOTER,La Silla Paranal APEX,Non-solar,55980.06546467,2012-02-23T01:34:16.147,24.0,"[gte:298.92, lte:555.98]",1040.0,,["088.C-0218"],"["MENDIGUTIA, IGNACIO"]","ESO, PHASE3",XSHOOTER,BF-Ori,,2014-05-17T00:00:00.000,POSITION J2000 84.306019 -6.58383,84.306019,-6.58383,ADP.2014-05-17T08:55:42.127,1,2013-04-20T14:22:08.607,455422,722,,136.2,210.373035,-19.487377,,,,,,2,2012-02-23T01:36:00.077,55980.06666754,24.0,BF-Ori_586464_2012-02-23T01:34:16.147_S5.0x11_2x2_UVB_NOD,ESO-VLT-U2,"ECHELLE,SLIT,NODDING",["586464"],IDP,XS_SFLX_586464_2012-02-23T01:34:16.147_S5.0x11_2x2_UVB_NOD.fits,,,true
http://archive.eso.org/datalink/links?ID=ivo://eso.org/ID?ADP.2014-05-17T08:55:41.960,,SPECTRUM,SPECTRUM (FLUX CALIBRATED),XSHOOTER,La Silla Paranal APEX,Non-solar,55980.06202203,2012-02-23T01:29:18.703,64.0,"[gte:994.02, lte:2478.96]",5573.0,,["088.C-0218"],"["MENDIGUTIA, IGNACIO"]","ESO, PHASE3",XSHOOTER,BF-Ori,,2014-05-17T00:00:00.000,POSITION J2000 84.306019 -6.58383,84.306019,-6.58383,ADP.2014-05-17T08:55:41.960,1,2013-04-20T14:22:08.607,455401,1347,,99.7,210.373035,-19.487377,,,,,,2,2012-02-23T01:32:47.497,55980.06443862,64.0,BF-Ori_586464_2012-02-23T01:29:18.703_S0.9x11_NIR_NOD,ESO-VLT-U2,"ECHELLE,SLIT,NODDING",["586464"],IDP,XS_SFLX_586464_2012-02-23T01:29:18.703_S0.9x11_NIR_NOD.fits,,,true
http://archive.eso.org/datalink/links?ID=ivo://eso.org/ID?ADP.2014-05-17T08:55:41.980,,SPECTRUM,SPECTRUM (FLUX CALIBRATED),XSHOOTER,La Silla Paranal APEX,Non-solar,55980.06198348,2012-02-23T01:29:15.373,100.0,"[gte:533.66, lte:1020.0]",8935.0,,["088.C-0218"],"["MENDIGUTIA, IGNACIO"]","ESO, PHASE3",XSHOOTER,BF-Ori,,2014-05-17T00:00:00.000,POSITION J2000 84.306019 -6.58383,84.306019,-6.58383,ADP.2014-05-17T08:55:41.980,1,2013-04-20T14:22:08.607,455411,1319,,122.0,210.373035,-19.487377,,,,,,2,2012-02-23T01:32:53.370,55980.06450658,100.0,BF-Ori_586464_2012-02-23T01:29:15.374_S0.9x11_1x1_VIS_NOD,ESO-VLT-U2,"ECHELLE,SLIT,NODDING",["586464"],IDP,XS_SFLX_586464_2012-02-23T01:29:15.374_S0.9x11_1x1_VIS_NOD.fits,,,true
http://archive.eso.org/datalink/links?ID=ivo://eso.org/ID?ADP.2014-05-17T08:55:42.447,,SPECTRUM,SPECTRUM (FLUX CALIBRATED),XSHOOTER,La Silla Paranal APEX,Non-solar,55980.06192318,2012-02-23T01:29:10.163,52.0,"[gte:298.92, lte:555.98]",3251.0,,["088.C-0218"],"["MENDIGUTIA, IGNACIO"]","ESO, PHASE3",XSHOOTER,BF-Ori,,2014-05-17T00:00:00.000,POSITION J2000 84.306019 -6.58383,84.306019,-6.58383,ADP.2014-05-17T08:55:42.447,1,2013-04-20T14:22:08.607,455413,722,,90.8,210.373035,-19.487377,,,,,,2,2012-02-23T01:32:36.147,55980.06430727,52.0,BF-Ori_586464_2012-02-23T01:29:10.163_S1.6x11_1x1_UVB_NOD,ESO-VLT-U2,"ECHELLE,SLIT,NODDING",["586464"],IDP,XS_SFLX_586464_2012-02-23T01:29:10.163_S1.6x11_1x1_UVB_NOD.fits,,,true
http://archive.eso.org/datalink/links?ID=ivo://eso.org/ID?ADP.2017-05-12T11:36:06.532,,SPECTRUM,SPECTRUM (FLUX CALIBRATED),XSHOOTER,La Silla Paranal APEX,Non-solar,57437.11148812,2016-02-19T02:40:32.573,480.0,"[gte:994.02, lte:2478.96]",11424.0,,["096.C-0549"],"["SCHOELLER, MARKUS"]","ESO, PHASE3",XSHOOTER,BF Ori,,2017-05-12T13:44:35.000,POSITION J2000 84.306056 -6.58392,84.306056,-6.58392,ADP.2017-05-12T11:36:06.532,1,2017-02-19T02:56:00.577,5830053,1359,,185.6,210.373138,-19.487384,,,,,,2,2016-02-19T02:49:25.580,57437.11765718,480.0,BFOri_1256251_2016-02-19T02:40:32.574_S0.4x11_NIR_NOD,ESO-VLT-U2,"ECHELLE,SLIT,NODDING",["1256251"],IDP,XS_SFLX_1256251_2016-02-19T02:40:32.574_S0.4x11_NIR_NOD.fits,,,true
http://archive.eso.org/datalink/links?ID=ivo://eso.org/ID?ADP.2017-05-12T11:36:06.745,,SPECTRUM,SPECTRUM (FLUX CALIBRATED),XSHOOTER,La Silla Paranal APEX,Non-solar,57437.11145195,2016-02-19T02:40:29.450,480.0,"[gte:533.66, lte:1020.0]",18340.0,,["096.C-0549"],"["SCHOELLER, MARKUS"]","ESO, PHASE3",XSHOOTER,BF Ori,,2017-05-12T13:44:35.000,POSITION J2000 84.306056 -6.58392,84.306056,-6.58392,ADP.2017-05-12T11:36:06.745,1,2017-02-19T03:06:04.313,5830102,1330,,228.7,210.373138,-19.487384,,,,,,2,2016-02-19T02:49:22.867,57437.11762575,480.0,BFOri_1256251_2016-02-19T02:40:29.449_S0.4x11_1x1_VIS_NOD,ESO-VLT-U2,"ECHELLE,SLIT,NODDING",["1256251"],IDP,XS_SFLX_1256251_2016-02-19T02:40:29.449_S0.4x11_1x1_VIS_NOD.fits,,,true
http://archive.eso.org/datalink/links?ID=ivo://eso.org/ID?ADP.2017-05-12T11:36:06.702,,SPECTRUM,SPECTRUM (FLUX CALIBRATED),XSHOOTER,La Silla Paranal APEX,Non-solar,57437.11139211,2016-02-19T02:40:24.277,480.0,"[gte:298.92, lte:555.98]",9861.0,,["096.C-0549"],"["SCHOELLER, MARKUS"]","ESO, PHASE3",XSHOOTER,BF Ori,,2017-05-12T13:44:35.000,POSITION J2000 84.306056 -6.58392,84.306056,-6.58392,ADP.2017-05-12T11:36:06.702,1,2017-02-19T03:06:04.313,5830092,734,,236.9,210.373138,-19.487384,,,,,,2,2016-02-19T02:49:17.667,57437.11756556,480.0,BFOri_1256251_2016-02-19T02:40:24.278_S0.5x11_1x1_UVB_NOD,ESO-VLT-U2,"ECHELLE,SLIT,NODDING",["1256251"],IDP,XS_SFLX_1256251_2016-02-19T02:40:24.278_S0.5x11_1x1_UVB_NOD.fits,,,true
http://archive.eso.org/datalink/links?ID=ivo://eso.org/ID?ADP.2017-05-12T11:42:39.370,,SPECTRUM,SPECTRUM (FLUX CALIBRATED),XSHOOTER,La Silla Paranal APEX,Non-solar,57439.05240127,2016-02-21T01:15:27.470,480.0,"[gte:994.02, lte:2478.96]",11424.0,,["096.C-0549"],"["SCHOELLER, MARKUS"]","ESO, PHASE3",XSHOOTER,BF Ori,,2017-05-12T13:44:35.000,POSITION J2000 84.305961 -6.58362,84.305961,-6.58362,ADP.2017-05-12T11:42:39.370,1,2017-02-21T01:30:39.413,5830173,1359,,193.3,210.372809,-19.487335,,,,,,2,2016-02-21T01:24:19.810,57439.05856262,480.0,BFOri_1256257_2016-02-21T01:15:27.470_S0.4x11_NIR_NOD,ESO-VLT-U2,"ECHELLE,SLIT,NODDING",["1256257"],IDP,XS_SFLX_1256257_2016-02-21T01:15:27.470_S0.4x11_NIR_NOD.fits,,,true
http://archive.eso.org/datalink/links?ID=ivo://eso.org/ID?ADP.2017-05-12T11:42:39.365,,SPECTRUM,SPECTRUM (FLUX CALIBRATED),XSHOOTER,La Silla Paranal APEX,Non-solar,57439.05236453,2016-02-21T01:15:24.297,480.0,"[gte:533.66, lte:1020.0]",18340.0,,["096.C-0549"],"["SCHOELLER, MARKUS"]","ESO, PHASE3",XSHOOTER,BF Ori,,2017-05-12T13:44:35.000,POSITION J2000 84.305961 -6.58362,84.305961,-6.58362,ADP.2017-05-12T11:42:39.365,1,2017-02-21T01:30:39.413,5830172,1330,,212.3,210.372808,-19.487335,,,,,,2,2016-02-21T01:24:16.883,57439.05852873,480.0,BFOri_1256257_2016-02-21T01:15:24.296_S0.4x11_1x1_VIS_NOD,ESO-VLT-U2,"ECHELLE,SLIT,NODDING",["1256257"],IDP,XS_SFLX_1256257_2016-02-21T01:15:24.296_S0.4x11_1x1_VIS_NOD.fits,,,true
http://archive.eso.org/datalink/links?ID=ivo://eso.org/ID?ADP.2017-05-12T11:42:39.361,,SPECTRUM,SPECTRUM (FLUX CALIBRATED),XSHOOTER,La Silla Paranal APEX,Non-solar,57439.05229995,2016-02-21T01:15:18.717,480.0,"[gte:298.92, lte:555.98]",9861.0,,["096.C-0549"],"["SCHOELLER, MARKUS"]","ESO, PHASE3",XSHOOTER,BF Ori,,2017-05-12T13:44:35.000,POSITION J2000 84.305961 -6.58362,84.305961,-6.58362,ADP.2017-05-12T11:42:39.361,1,2017-02-21T01:30:39.413,5830171,734,,209.3,210.372808,-19.487335,,,,,,2,2016-02-21T01:24:11.693,57439.05846866,480.0,BFOri_1256257_2016-02-21T01:15:18.716_S0.5x11_1x1_UVB_NOD,ESO-VLT-U2,"ECHELLE,SLIT,NODDING",["1256257"],IDP,XS_SFLX_1256257_2016-02-21T01:15:18.716_S0.5x11_1x1_UVB_NOD.fits,,,true
http://archive.eso.org/datalink/links?ID=ivo://eso.org/ID?ADP.2017-05-12T11:00:14.112,,SPECTRUM,SPECTRUM (FLUX CALIBRATED),XSHOOTER,La Silla Paranal APEX,Non-solar,57414.12296501,2016-01-27T02:57:04.177,480.0,"[gte:994.02, lte:2478.96]",11424.0,,["096.C-0549"],"["SCHOELLER, MARKUS"]","ESO, PHASE3",XSHOOTER,BF Ori,,2017-05-12T13:02:03.000,POSITION J2000 84.305998 -6.58367,84.305998,-6.58367,ADP.2017-05-12T11:00:14.112,1,2017-01-27T03:20:54.200,5829589,1359,,220.8,210.372874,-19.487324,,,,,,2,2016-01-27T03:05:57.850,57414.12914177,480.0,BFOri_1256245_2016-01-27T02:57:04.177_S0.4x11_NIR_NOD,ESO-VLT-U2,"ECHELLE,SLIT,NODDING",["1256245"],IDP,XS_SFLX_1256245_2016-01-27T02:57:04.177_S0.4x11_NIR_NOD.fits,,,true
http://archive.eso.org/datalink/links?ID=ivo://eso.org/ID?ADP.2017-05-12T11:00:14.171,,SPECTRUM,SPECTRUM (FLUX CALIBRATED),XSHOOTER,La Silla Paranal APEX,Non-solar,57414.12292936,2016-01-27T02:57:01.097,480.0,"[gte:533.66, lte:1020.0]",18340.0,,["096.C-0549"],"["SCHOELLER, MARKUS"]","ESO, PHASE3",XSHOOTER,BF Ori,,2017-05-12T13:02:03.000,POSITION J2000 84.305998 -6.58367,84.305998,-6.58367,ADP.2017-05-12T11:00:14.171,1,2017-01-27T03:20:54.200,5829603,1330,,267.9,210.372873,-19.487324,,,,,,2,2016-01-27T03:05:54.723,57414.12910559,480.0,BFOri_1256245_2016-01-27T02:57:01.098_S0.4x11_1x1_VIS_NOD,ESO-VLT-U2,"ECHELLE,SLIT,NODDING",["1256245"],IDP,XS_SFLX_1256245_2016-01-27T02:57:01.098_S0.4x11_1x1_VIS_NOD.fits,,,true
http://archive.eso.org/datalink/links?ID=ivo://eso.org/ID?ADP.2017-05-12T11:00:14.314,,SPECTRUM,SPECTRUM (FLUX CALIBRATED),XSHOOTER,La Silla Paranal APEX,Non-solar,57414.12286894,2016-01-27T02:56:55.877,480.0,"[gte:298.92, lte:555.98]",9861.0,,["096.C-0549"],"["SCHOELLER, MARKUS"]","ESO, PHASE3",XSHOOTER,BF Ori,,2017-05-12T13:02:03.000,POSITION J2000 84.305998 -6.58367,84.305998,-6.58367,ADP.2017-05-12T11:00:14.314,1,2017-01-27T03:20:54.200,5829636,734,,282.6,210.372873,-19.487324,,,,,,2,2016-01-27T03:05:49.503,57414.12904517,480.0,BFOri_1256245_2016-01-27T02:56:55.876_S0.5x11_1x1_UVB_NOD,ESO-VLT-U2,"ECHELLE,SLIT,NODDING",["1256245"],IDP,XS_SFLX_1256245_2016-01-27T02:56:55.876_S0.5x11_1x1_UVB_NOD.fits,,,true
http://archive.eso.org/datalink/links?ID=ivo://eso.org/ID?ADP.2014-05-17T09:02:22.237,,SPECTRUM,SPECTRUM (FLUX CALIBRATED),XSHOOTER,La Silla Paranal APEX,Non-solar,55986.06814491,2012-02-29T01:38:07.720,32.0,"[gte:994.02, lte:2478.96]",1029.0,,["088.C-0218"],"["MENDIGUTIA, IGNACIO"]","ESO, PHASE3",XSHOOTER,BF-Ori,,2014-05-17T00:00:00.000,POSITION J2000 84.305974 -6.58358,84.305974,-6.58358,ADP.2014-05-17T09:02:22.237,1,2013-04-20T14:22:18.773,455484,1347,,70.0,210.372777,-19.487306,,,,,,2,2012-02-29T01:39:53.037,55986.06936383,32.0,BF-Ori_586493_2012-02-29T01:38:07.720_S5.0x11_NIR_NOD,ESO-VLT-U2,"ECHELLE,SLIT,NODDING",["586493"],IDP,XS_SFLX_586493_2012-02-29T01:38:07.720_S5.0x11_NIR_NOD.fits,,,true
http://archive.eso.org/datalink/links?ID=ivo://eso.org/ID?ADP.2014-05-17T09:02:22.513,,SPECTRUM,SPECTRUM (FLUX CALIBRATED),XSHOOTER,La Silla Paranal APEX,Non-solar,55986.06811395,2012-02-29T01:38:05.047,32.0,"[gte:533.66, lte:1020.0]",1512.0,,["088.C-0218"],"["MENDIGUTIA, IGNACIO"]","ESO, PHASE3",XSHOOTER,BF-Ori,,2014-05-17T00:00:00.000,POSITION J2000 84.305974 -6.58358,84.305974,-6.58358,ADP.2014-05-17T09:02:22.513,1,2013-04-20T14:22:18.773,455492,1319,,262.4,210.372777,-19.487306,,,,,,2,2012-02-29T01:39:49.803,55986.06932643,32.0,BF-Ori_586493_2012-02-29T01:38:05.046_S5.0x11_2x2_VIS_NOD,ESO-VLT-U2,"ECHELLE,SLIT,NODDING",["586493"],IDP,XS_SFLX_586493_2012-02-29T01:38:05.046_S5.0x11_2x2_VIS_NOD.fits,,,true
http://archive.eso.org/datalink/links?ID=ivo://eso.org/ID?ADP.2014-05-17T09:02:22.290,,SPECTRUM,SPECTRUM (FLUX CALIBRATED),XSHOOTER,La Silla Paranal APEX,Non-solar,55986.06805434,2012-02-29T01:37:59.897,24.0,"[gte:298.92, lte:555.98]",1040.0,,["088.C-0218"],"["MENDIGUTIA, IGNACIO"]","ESO, PHASE3",XSHOOTER,BF-Ori,,2014-05-17T00:00:00.000,POSITION J2000 84.305974 -6.58358,84.305974,-6.58358,ADP.2014-05-17T09:02:22.290,1,2013-04-20T14:22:18.773,455501,722,,224.1,210.372776,-19.487305,,,,,,2,2012-02-29T01:39:42.623,55986.06924332,24.0,BF-Ori_586493_2012-02-29T01:37:59.896_S5.0x11_2x2_UVB_NOD,ESO-VLT-U2,"ECHELLE,SLIT,NODDING",["586493"],IDP,XS_SFLX_586493_2012-02-29T01:37:59.896_S5.0x11_2x2_UVB_NOD.fits,,,true
http://archive.eso.org/datalink/links?ID=ivo://eso.org/ID?ADP.2014-05-17T09:02:22.933,,SPECTRUM,SPECTRUM (FLUX CALIBRATED),XSHOOTER,La Silla Paranal APEX,Non-solar,55986.06455095,2012-02-29T01:32:57.203,64.0,"[gte:994.02, lte:2478.96]",5573.0,,["088.C-0218"],"["MENDIGUTIA, IGNACIO"]","ESO, PHASE3",XSHOOTER,BF-Ori,,2014-05-17T00:00:00.000,POSITION J2000 84.305974 -6.58358,84.305974,-6.58358,ADP.2014-05-17T09:02:22.933,1,2013-04-20T14:22:18.773,455506,1347,,106.2,210.372777,-19.487306,,,,,,2,2012-02-29T01:36:25.333,55986.06695989,64.0,BF-Ori_586493_2012-02-29T01:32:57.202_S0.9x11_NIR_NOD,ESO-VLT-U2,"ECHELLE,SLIT,NODDING",["586493"],IDP,XS_SFLX_586493_2012-02-29T01:32:57.202_S0.9x11_NIR_NOD.fits,,,true
http://archive.eso.org/datalink/links?ID=ivo://eso.org/ID?ADP.2014-05-17T09:02:22.520,,SPECTRUM,SPECTRUM (FLUX CALIBRATED),XSHOOTER,La Silla Paranal APEX,Non-solar,55986.06451355,2012-02-29T01:32:53.970,100.0,"[gte:533.66, lte:1020.0]",8935.0,,["088.C-0218"],"["MENDIGUTIA, IGNACIO"]","ESO, PHASE3",XSHOOTER,BF-Ori,,2014-05-17T00:00:00.000,POSITION J2000 84.305974 -6.58358,84.305974,-6.58358,ADP.2014-05-17T09:02:22.520,1,2013-04-20T14:22:18.773,455509,1319,,159.2,210.372777,-19.487306,,,,,,2,2012-02-29T01:36:31.197,55986.06702773,100.0,BF-Ori_586493_2012-02-29T01:32:53.971_S0.9x11_1x1_VIS_NOD,ESO-VLT-U2,"ECHELLE,SLIT,NODDING",["586493"],IDP,XS_SFLX_586493_2012-02-29T01:32:53.971_S0.9x11_1x1_VIS_NOD.fits,,,true
http://archive.eso.org/datalink/links?ID=ivo://eso.org/ID?ADP.2014-05-17T09:02:22.833,,SPECTRUM,SPECTRUM (FLUX CALIBRATED),XSHOOTER,La Silla Paranal APEX,Non-solar,55986.06445324,2012-02-29T01:32:48.760,52.0,"[gte:298.92, lte:555.98]",3251.0,,["088.C-0218"],"["MENDIGUTIA, IGNACIO"]","ESO, PHASE3",XSHOOTER,BF-Ori,,2014-05-17T00:00:00.000,POSITION J2000 84.305974 -6.58358,84.305974,-6.58358,ADP.2014-05-17T09:02:22.833,1,2013-04-20T14:22:18.773,455493,722,,150.5,210.372776,-19.487305,,,,,,2,2012-02-29T01:36:13.937,55986.06682796,52.0,BF-Ori_586493_2012-02-29T01:32:48.760_S1.6x11_1x1_UVB_NOD,ESO-VLT-U2,"ECHELLE,SLIT,NODDING",["586493"],IDP,XS_SFLX_586493_2012-02-29T01:32:48.760_S1.6x11_1x1_UVB_NOD.fits,,,true
http://archive.eso.org/datalink/links?ID=ivo://eso.org/ID?ADP.2014-05-17T08:52:25.787,,SPECTRUM,SPECTRUM (FLUX CALIBRATED),XSHOOTER,La Silla Paranal APEX,Non-solar,55978.11064247,2012-02-21T02:39:19.510,32.0,"[gte:994.02, lte:2478.96]",1029.0,,["088.C-0218"],"["MENDIGUTIA, IGNACIO"]","ESO, PHASE3",XSHOOTER,BF-Ori,,2014-05-17T00:00:00.000,POSITION J2000 84.306053 -6.58371,84.306053,-6.58371,ADP.2014-05-17T08:52:25.787,1,2013-04-20T14:21:54.637,455355,1347,,54.5,210.372937,-19.487293,,,,,,2,2012-02-21T02:41:05.493,55978.11186913,32.0,BF-Ori_586435_2012-02-21T02:39:19.509_S5.0x11_NIR_NOD,ESO-VLT-U2,"ECHELLE,SLIT,NODDING",["586435"],IDP,XS_SFLX_586435_2012-02-21T02:39:19.509_S5.0x11_NIR_NOD.fits,,,true
http://archive.eso.org/datalink/links?ID=ivo://eso.org/ID?ADP.2014-05-17T08:52:26.593,,SPECTRUM,SPECTRUM (FLUX CALIBRATED),XSHOOTER,La Silla Paranal APEX,Non-solar,55978.11060625,2012-02-21T02:39:16.380,32.0,"[gte:533.66, lte:1020.0]",1512.0,,["088.C-0218"],"["MENDIGUTIA, IGNACIO"]","ESO, PHASE3",XSHOOTER,BF-Ori,,2014-05-17T00:00:00.000,POSITION J2000 84.306053 -6.58371,84.306053,-6.58371,ADP.2014-05-17T08:52:26.593,1,2013-04-20T14:21:54.637,455375,1319,,172.8,210.372937,-19.487293,,,,,,2,2012-02-21T02:41:02.717,55978.11183701,32.0,BF-Ori_586435_2012-02-21T02:39:16.380_S5.0x11_2x2_VIS_NOD,ESO-VLT-U2,"ECHELLE,SLIT,NODDING",["586435"],IDP,XS_SFLX_586435_2012-02-21T02:39:16.380_S5.0x11_2x2_VIS_NOD.fits,,,true
http://archive.eso.org/datalink/links?ID=ivo://eso.org/ID?ADP.2014-05-17T08:52:26.247,,SPECTRUM,SPECTRUM (FLUX CALIBRATED),XSHOOTER,La Silla Paranal APEX,Non-solar,55978.11054641,2012-02-21T02:39:11.210,24.0,"[gte:298.92, lte:555.98]",1040.0,,["088.C-0218"],"["MENDIGUTIA, IGNACIO"]","ESO, PHASE3",XSHOOTER,BF-Ori,,2014-05-17T00:00:00.000,POSITION J2000 84.306053 -6.58371,84.306053,-6.58371,ADP.2014-05-17T08:52:26.247,1,2013-04-20T14:21:54.637,455350,722,,140.3,210.372937,-19.487293,,,,,,2,2012-02-21T02:40:55.547,55978.11175402,24.0,BF-Ori_586435_2012-02-21T02:39:11.210_S5.0x11_2x2_UVB_NOD,ESO-VLT-U2,"ECHELLE,SLIT,NODDING",["586435"],IDP,XS_SFLX_586435_2012-02-21T02:39:11.210_S5.0x11_2x2_UVB_NOD.fits,,,true
http://archive.eso.org/datalink/links?ID=ivo://eso.org/ID?ADP.2014-05-17T08:52:26.900,,SPECTRUM,SPECTRUM (FLUX CALIBRATED),XSHOOTER,La Silla Paranal APEX,Non-solar,55978.1070801,2012-02-21T02:34:11.720,64.0,"[gte:994.02, lte:2478.96]",5573.0,,["088.C-0218"],"["MENDIGUTIA, IGNACIO"]","ESO, PHASE3",XSHOOTER,BF-Ori,,2014-05-17T00:00:00.000,POSITION J2000 84.306053 -6.58371,84.306053,-6.58371,ADP.2014-05-17T08:52:26.900,1,2013-04-20T14:21:54.637,455365,1347,,98.4,210.372937,-19.487293,,,,,,2,2012-02-21T02:37:41.180,55978.10950441,64.0,BF-Ori_586435_2012-02-21T02:34:11.721_S0.9x11_NIR_NOD,ESO-VLT-U2,"ECHELLE,SLIT,NODDING",["586435"],IDP,XS_SFLX_586435_2012-02-21T02:34:11.721_S0.9x11_NIR_NOD.fits,,,true
http://archive.eso.org/datalink/links?ID=ivo://eso.org/ID?ADP.2014-05-17T08:52:26.420,,SPECTRUM,SPECTRUM (FLUX CALIBRATED),XSHOOTER,La Silla Paranal APEX,Non-solar,55978.10704531,2012-02-21T02:34:08.717,100.0,"[gte:533.66, lte:1020.0]",8935.0,,["088.C-0218"],"["MENDIGUTIA, IGNACIO"]","ESO, PHASE3",XSHOOTER,BF-Ori,,2014-05-17T00:00:00.000,POSITION J2000 84.306053 -6.58371,84.306053,-6.58371,ADP.2014-05-17T08:52:26.420,1,2013-04-20T14:21:54.637,455359,1319,,121.3,210.372937,-19.487293,,,,,,2,2012-02-21T02:37:47.340,55978.1095757,100.0,BF-Ori_586435_2012-02-21T02:34:08.715_S0.9x11_1x1_VIS_NOD,ESO-VLT-U2,"ECHELLE,SLIT,NODDING",["586435"],IDP,XS_SFLX_586435_2012-02-21T02:34:08.715_S0.9x11_1x1_VIS_NOD.fits,,,true
http://archive.eso.org/datalink/links?ID=ivo://eso.org/ID?ADP.2014-05-17T08:52:26.133,,SPECTRUM,SPECTRUM (FLUX CALIBRATED),XSHOOTER,La Silla Paranal APEX,Non-solar,55978.10698268,2012-02-21T02:34:03.303,52.0,"[gte:298.92, lte:555.98]",3251.0,,["088.C-0218"],"["MENDIGUTIA, IGNACIO"]","ESO, PHASE3",XSHOOTER,BF-Ori,,2014-05-17T00:00:00.000,POSITION J2000 84.306053 -6.58371,84.306053,-6.58371,ADP.2014-05-17T08:52:26.133,1,2013-04-20T14:21:54.637,455371,722,,93.6,210.372937,-19.487293,,,,,,2,2012-02-21T02:37:30.170,55978.10937697,52.0,BF-Ori_586435_2012-02-21T02:34:03.304_S1.6x11_1x1_UVB_NOD,ESO-VLT-U2,"ECHELLE,SLIT,NODDING",["586435"],IDP,XS_SFLX_586435_2012-02-21T02:34:03.304_S1.6x11_1x1_UVB_NOD.fits,,,true
http://archive.eso.org/datalink/links?ID=ivo://eso.org/ID?ADP.2015-02-05T13:47:43.030,,SPECTRUM,SPECTRUM (FLUX CALIBRATED),XSHOOTER,La Silla Paranal APEX,Non-solar,57054.15054898,2015-02-01T03:36:47.433,400.0,"[gte:994.02, lte:2478.96]",11424.0,,["094.C-0233"],"["SCHOELLER, MARKUS"]","ESO, PHASE3",XSHOOTER,BF_Ori,,2015-02-05T00:00:00.000,POSITION J2000 84.306037 -6.58346,84.306037,-6.58346,ADP.2015-02-05T13:47:43.030,1,2016-02-01T04:56:05.030,2027302,1359,,367.5,210.372693,-19.487196,,,,,,2,2015-02-01T03:46:00.267,57054.15694755,400.0,BF_Ori_1129951_2015-02-01T03:36:47.432_S0.4x11_NIR_NOD,ESO-VLT-U2,"ECHELLE,SLIT,NODDING",["1129951"],IDP,XS_SFLX_1129951_2015-02-01T03:36:47.432_S0.4x11_NIR_NOD.fits,,,true
http://archive.eso.org/datalink/links?ID=ivo://eso.org/ID?ADP.2015-02-05T13:47:43.423,,SPECTRUM,SPECTRUM (FLUX CALIBRATED),XSHOOTER,La Silla Paranal APEX,Non-solar,57054.15051596,2015-02-01T03:36:44.580,600.0,"[gte:533.66, lte:1020.0]",18340.0,,["094.C-0233"],"["SCHOELLER, MARKUS"]","ESO, PHASE3",XSHOOTER,BF_Ori,,2015-02-05T00:00:00.000,POSITION J2000 84.306037 -6.58346,84.306037,-6.58346,ADP.2015-02-05T13:47:43.423,1,2016-02-01T05:00:57.397,2027293,1330,,345.6,210.372692,-19.487196,,,,,,2,2015-02-01T03:47:37.310,57054.15807073,600.0,BF_Ori_1129951_2015-02-01T03:36:44.579_S0.4x11_1x1_VIS_NOD,ESO-VLT-U2,"ECHELLE,SLIT,NODDING",["1129951"],IDP,XS_SFLX_1129951_2015-02-01T03:36:44.579_S0.4x11_1x1_VIS_NOD.fits,,,true
http://archive.eso.org/datalink/links?ID=ivo://eso.org/ID?ADP.2015-02-05T13:47:43.183,,SPECTRUM,SPECTRUM (FLUX CALIBRATED),XSHOOTER,La Silla Paranal APEX,Non-solar,57054.150456,2015-02-01T03:36:39.400,600.0,"[gte:298.92, lte:555.98]",9861.0,,["094.C-0233"],"["SCHOELLER, MARKUS"]","ESO, PHASE3",XSHOOTER,BF_Ori,,2015-02-05T00:00:00.000,POSITION J2000 84.306037 -6.58346,84.306037,-6.58346,ADP.2015-02-05T13:47:43.183,1,2016-02-01T05:00:57.397,2027327,734,,362.8,210.372692,-19.487196,,,,,,2,2015-02-01T03:47:32.090,57054.1580103,600.0,BF_Ori_1129951_2015-02-01T03:36:39.399_S0.5x11_1x1_UVB_NOD,ESO-VLT-U2,"ECHELLE,SLIT,NODDING",["1129951"],IDP,XS_SFLX_1129951_2015-02-01T03:36:39.399_S0.5x11_1x1_UVB_NOD.fits,,,true
http://archive.eso.org/datalink/links?ID=ivo://eso.org/ID?ADP.2017-05-12T11:39:46.860,,SPECTRUM,SPECTRUM (FLUX CALIBRATED),XSHOOTER,La Silla Paranal APEX,Non-solar,57438.1594441,2016-02-20T03:49:35.970,480.0,"[gte:994.02, lte:2478.96]",11424.0,,["096.C-0549"],"["SCHOELLER, MARKUS"]","ESO, PHASE3",XSHOOTER,BF Ori,,2017-05-12T13:44:35.000,POSITION J2000 84.306 -6.58329,84.306,-6.58329,ADP.2017-05-12T11:39:46.860,1,2017-02-20T04:10:47.737,5830144,1359,,195.1,210.372514,-19.487153,,,,,,2,2016-02-20T03:58:30.307,57438.16562857,480.0,BFOri_1256254_2016-02-20T03:49:35.970_S0.4x11_NIR_NOD,ESO-VLT-U2,"ECHELLE,SLIT,NODDING",["1256254"],IDP,XS_SFLX_1256254_2016-02-20T03:49:35.970_S0.4x11_NIR_NOD.fits,,,true
http://archive.eso.org/datalink/links?ID=ivo://eso.org/ID?ADP.2017-05-12T11:39:46.885,,SPECTRUM,SPECTRUM (FLUX CALIBRATED),XSHOOTER,La Silla Paranal APEX,Non-solar,57438.15940293,2016-02-20T03:49:32.413,480.0,"[gte:533.66, lte:1020.0]",18340.0,,["096.C-0549"],"["SCHOELLER, MARKUS"]","ESO, PHASE3",XSHOOTER,BF Ori,,2017-05-12T13:44:35.000,POSITION J2000 84.306 -6.58329,84.306,-6.58329,ADP.2017-05-12T11:39:46.885,1,2017-02-20T04:10:47.737,5830150,1330,,221.9,210.372513,-19.487153,,,,,,2,2016-02-20T03:58:27.270,57438.16559341,480.0,BFOri_1256254_2016-02-20T03:49:32.413_S0.4x11_1x1_VIS_NOD,ESO-VLT-U2,"ECHELLE,SLIT,NODDING",["1256254"],IDP,XS_SFLX_1256254_2016-02-20T03:49:32.413_S0.4x11_1x1_VIS_NOD.fits,,,truehttp://archive.eso.org/datalink/links?ID=ivo://eso.org/ID?ADP.2014-05-15T09:01:31.407,,SPECTRUM,SPECTRUM (FLUX CALIBRATED),XSHOOTER,La Silla Paranal APEX,Non-solar,55232.10569806,2010-02-05T02:32:12.313,160.0,"[gte:994.02, lte:2478.96]",11424.0,,["084.C-0952"],"["OUDMAIJER, R.D."]","ESO, PHASE3",XSHOOTER,KMS-27,,2014-05-15T00:00:00.000,POSITION J2000 84.446835 -6.70882,84.446835,-6.70882,ADP.2014-05-15T09:01:31.407,1,2011-04-09T13:14:31.537,437074,1347,,170.1,210.557812,-19.417878,,,,,,2,2010-02-05T02:38:39.767,55232.11018249,160.0,KMS-27_388013_2010-02-05T02:32:12.312_S0.4x11_NIR_NOD,ESO-VLT-U2,"ECHELLE,SLIT,NODDING",["388013"],IDP,XS_SFLX_388013_2010-02-05T02:32:12.312_S0.4x11_NIR_NOD.fits,,,true
http://archive.eso.org/datalink/links?ID=ivo://eso.org/ID?ADP.2014-05-15T09:01:30.907,,SPECTRUM,SPECTRUM (FLUX CALIBRATED),XSHOOTER,La Silla Paranal APEX,Non-solar,55232.1056599,2010-02-05T02:32:09.017,80.0,"[gte:533.66, lte:1020.0]",18340.0,,["084.C-0952"],"["OUDMAIJER, R.D."]","ESO, PHASE3",XSHOOTER,KMS-27,,2014-05-15T00:00:00.000,POSITION J2000 84.446835 -6.70882,84.446835,-6.70882,ADP.2014-05-15T09:01:30.907,1,2011-04-09T13:14:31.937,437046,1319,,243.0,210.557812,-19.417877,,,,,,2,2010-02-05T02:39:02.120,55232.1104412,80.0,KMS-27_388013_2010-02-05T02:32:09.015_S0.4x11_1x1_VIS_NOD,ESO-VLT-U2,"ECHELLE,SLIT,NODDING",["388013"],IDP,XS_SFLX_388013_2010-02-05T02:32:09.015_S0.4x11_1x1_VIS_NOD.fits,,,true
http://archive.eso.org/datalink/links?ID=ivo://eso.org/ID?ADP.2014-05-15T09:01:30.457,,SPECTRUM,SPECTRUM (FLUX CALIBRATED),XSHOOTER,La Silla Paranal APEX,Non-solar,55232.10560018,2010-02-05T02:32:03.857,80.0,"[gte:298.92, lte:555.98]",9861.0,,["084.C-0952"],"["OUDMAIJER, R.D."]","ESO, PHASE3",XSHOOTER,KMS-27,,2014-05-15T00:00:00.000,POSITION J2000 84.446835 -6.70882,84.446835,-6.70882,ADP.2014-05-15T09:01:30.457,1,2011-04-09T13:14:31.767,437053,722,,281.4,210.557812,-19.417877,,,,,,2,2010-02-05T02:38:55.920,55232.11036944,80.0,KMS-27_388013_2010-02-05T02:32:03.856_S0.5x11_1x1_UVB_NOD,ESO-VLT-U2,"ECHELLE,SLIT,NODDING",["388013"],IDP,XS_SFLX_388013_2010-02-05T02:32:03.856_S0.5x11_1x1_UVB_NOD.fits,,,true
http://archive.eso.org/datalink/links?ID=ivo://eso.org/ID?ADP.2014-05-15T09:01:30.523,,SPECTRUM,SPECTRUM (FLUX CALIBRATED),XSHOOTER,La Silla Paranal APEX,Non-solar,55232.10502598,2010-02-05T02:31:14.247,1.0,"[gte:994.02, lte:2478.96]",11424.0,,["084.C-0952"],"["OUDMAIJER, R.D."]","ESO, PHASE3",XSHOOTER,KMS-27,,2014-05-15T00:00:00.000,POSITION J2000 84.4463 -6.7082,84.4463,-6.7082,ADP.2014-05-15T09:01:30.523,1,2011-04-09T13:14:30.687,437073,1350,,14.3,210.556973,-19.418077,,,,,,2,2010-02-05T02:31:15.243,55232.10503755,1.0,KMS-27_388013_2010-02-05T02:31:14.245_S0.4x11_NIR_STA,ESO-VLT-U2,"ECHELLE,SLIT,STARE",["388013"],IDP,XS_SFLX_388013_2010-02-05T02:31:14.245_S0.4x11_NIR_STA.fits,,,true
http://archive.eso.org/datalink/links?ID=ivo://eso.org/ID?ADP.2014-05-15T09:01:30.403,,SPECTRUM,SPECTRUM (FLUX CALIBRATED),XSHOOTER,La Silla Paranal APEX,Non-solar,55232.1049889,2010-02-05T02:31:11.040,1.0,"[gte:533.66, lte:1020.0]",18340.0,,["084.C-0952"],"["OUDMAIJER, R.D."]","ESO, PHASE3",XSHOOTER,KMS-27,,2014-05-15T00:00:00.000,POSITION J2000 84.4463 -6.7082,84.4463,-6.7082,ADP.2014-05-15T09:01:30.403,1,2011-04-09T13:14:30.653,437051,1321,,25.4,210.556972,-19.418077,,,,,,2,2010-02-05T02:31:12.040,55232.10500047,1.0,KMS-27_388013_2010-02-05T02:31:11.041_S0.4x11_1x1_VIS_STA,ESO-VLT-U2,"ECHELLE,SLIT,STARE",["388013"],IDP,XS_SFLX_388013_2010-02-05T02:31:11.041_S0.4x11_1x1_VIS_STA.fits,,,truehttp://archive.eso.org/datalink/links?ID=ivo://eso.org/ID?ADP.2014-05-13T15:43:01.677,,SPECTRUM,SPECTRUM (FLUX CALIBRATED),XSHOOTER,La Silla Paranal APEX,Non-solar,55191.2909565,2009-12-26T06:58:58.643,240.0,"[gte:994.02, lte:2478.96]",11424.0,,["084.C-0952"],"["OUDMAIJER, R.D."]","ESO, PHASE3",XSHOOTER,PDS-192,,2014-05-13T00:00:00.000,POSITION J2000 84.522319 -1.25617,84.522319,-1.25617,ADP.2014-05-13T15:43:01.677,1,2011-04-09T13:13:18.867,435999,1347,,103.8,205.492884,-16.853573,,,,,,2,2009-12-26T07:07:48.263,55191.29708636,240.0,PDS-192_387910_2009-12-26T06:58:58.642_S0.4x11_NIR_NOD,ESO-VLT-U2,"ECHELLE,SLIT,NODDING",["387910"],IDP,XS_SFLX_387910_2009-12-26T06:58:58.642_S0.4x11_NIR_NOD.fits,,,true
http://archive.eso.org/datalink/links?ID=ivo://eso.org/ID?ADP.2014-05-13T15:43:01.383,,SPECTRUM,SPECTRUM (FLUX CALIBRATED),XSHOOTER,La Silla Paranal APEX,Non-solar,55191.29091731,2009-12-26T06:58:55.257,240.0,"[gte:533.66, lte:1020.0]",18340.0,,["084.C-0952"],"["OUDMAIJER, R.D."]","ESO, PHASE3",XSHOOTER,PDS-192,,2014-05-13T00:00:00.000,POSITION J2000 84.522319 -1.25617,84.522319,-1.25617,ADP.2014-05-13T15:43:01.383,1,2011-04-09T13:13:18.930,435996,1319,,282.7,205.492883,-16.853572,,,,,,2,2009-12-26T07:08:30.193,55191.29757167,240.0,PDS-192_387910_2009-12-26T06:58:55.256_S0.4x11_1x1_VIS_NOD,ESO-VLT-U2,"ECHELLE,SLIT,NODDING",["387910"],IDP,XS_SFLX_387910_2009-12-26T06:58:55.256_S0.4x11_1x1_VIS_NOD.fits,,,true
http://archive.eso.org/datalink/links?ID=ivo://eso.org/ID?ADP.2014-05-13T15:43:01.637,,SPECTRUM,SPECTRUM (FLUX CALIBRATED),XSHOOTER,La Silla Paranal APEX,Non-solar,55191.29085712,2009-12-26T06:58:50.057,240.0,"[gte:298.92, lte:555.98]",9861.0,,["084.C-0952"],"["OUDMAIJER, R.D."]","ESO, PHASE3",XSHOOTER,PDS-192,,2014-05-13T00:00:00.000,POSITION J2000 84.522319 -1.25617,84.522319,-1.25617,ADP.2014-05-13T15:43:01.637,1,2011-04-09T13:13:18.900,436004,722,,281.8,205.492883,-16.853572,,,,,,2,2009-12-26T07:08:23.940,55191.29749932,240.0,PDS-192_387910_2009-12-26T06:58:50.055_S0.5x11_1x1_UVB_NOD,ESO-VLT-U2,"ECHELLE,SLIT,NODDING",["387910"],IDP,XS_SFLX_387910_2009-12-26T06:58:50.055_S0.5x11_1x1_UVB_NOD.fits,,,true
http://archive.eso.org/datalink/links?ID=ivo://eso.org/ID?ADP.2014-05-13T15:43:01.117,,SPECTRUM,SPECTRUM (FLUX CALIBRATED),XSHOOTER,La Silla Paranal APEX,Non-solar,55191.29024885,2009-12-26T06:57:57.500,1.0,"[gte:994.02, lte:2478.96]",11424.0,,["084.C-0952"],"["OUDMAIJER, R.D."]","ESO, PHASE3",XSHOOTER,PDS-192,,2014-05-13T00:00:00.000,POSITION J2000 84.521731 -1.25579,84.521731,-1.25579,ADP.2014-05-13T15:43:01.117,1,2011-04-09T13:13:18.027,436005,1350,,6.2,205.492245,-16.853913,,,,,,2,2009-12-26T06:57:58.500,55191.29026042,1.0,PDS-192_387910_2009-12-26T06:57:57.501_S0.4x11_NIR_STA,ESO-VLT-U2,"ECHELLE,SLIT,STARE",["387910"],IDP,XS_SFLX_387910_2009-12-26T06:57:57.501_S0.4x11_NIR_STA.fits,,,true
http://archive.eso.org/datalink/links?ID=ivo://eso.org/ID?ADP.2014-05-13T15:43:01.457,,SPECTRUM,SPECTRUM (FLUX CALIBRATED),XSHOOTER,La Silla Paranal APEX,Non-solar,55191.29021355,2009-12-26T06:57:54.450,5.0,"[gte:533.66, lte:1020.0]",18340.0,,["084.C-0952"],"["OUDMAIJER, R.D."]","ESO, PHASE3",XSHOOTER,PDS-192,,2014-05-13T00:00:00.000,POSITION J2000 84.521731 -1.25579,84.521731,-1.25579,ADP.2014-05-13T15:43:01.457,1,2011-04-09T13:13:17.823,436000,1321,,38.9,205.492244,-16.853913,,,,,,2,2009-12-26T06:57:59.450,55191.29027142,5.0,PDS-192_387910_2009-12-26T06:57:54.451_S0.4x11_1x1_VIS_STA,ESO-VLT-U2,"ECHELLE,SLIT,STARE",["387910"],IDP,XS_SFLX_387910_2009-12-26T06:57:54.451_S0.4x11_1x1_VIS_STA.fits,,,truehttp://archive.eso.org/datalink/links?ID=ivo://eso.org/ID?ADP.2014-05-15T09:01:31.507,,SPECTRUM,SPECTRUM (FLUX CALIBRATED),XSHOOTER,La Silla Paranal APEX,Non-solar,55232.09504629,2010-02-05T02:16:51.997,180.0,"[gte:994.02, lte:2478.96]",11424.0,,["084.C-0952"],"["OUDMAIJER, R.D."]","ESO, PHASE3",XSHOOTER,HD-37411,,2014-05-15T00:00:00.000,POSITION J2000 84.561035 -5.42068,84.561035,-5.42068,ADP.2014-05-15T09:01:31.507,1,2011-04-09T13:14:30.057,437071,1347,,152.9,209.393415,-18.73872,,,,,,2,2010-02-05T02:24:54.177,55232.10062705,180.0,HD-37411_388011_2010-02-05T02:16:51.999_S0.4x11_NIR_NOD,ESO-VLT-U2,"ECHELLE,SLIT,NODDING",["388011"],IDP,XS_SFLX_388011_2010-02-05T02:16:51.999_S0.4x11_NIR_NOD.fits,,,true
http://archive.eso.org/datalink/links?ID=ivo://eso.org/ID?ADP.2014-05-15T09:01:30.277,,SPECTRUM,SPECTRUM (FLUX CALIBRATED),XSHOOTER,La Silla Paranal APEX,Non-solar,55232.09501293,2010-02-05T02:16:49.117,200.0,"[gte:533.66, lte:1020.0]",18340.0,,["084.C-0952"],"["OUDMAIJER, R.D."]","ESO, PHASE3",XSHOOTER,HD-37411,,2014-05-15T00:00:00.000,POSITION J2000 84.561035 -5.42068,84.561035,-5.42068,ADP.2014-05-15T09:01:30.277,1,2011-04-09T13:14:30.103,437039,1319,,204.5,209.393415,-18.738719,,,,,,2,2010-02-05T02:25:41.530,55232.10117512,200.0,HD-37411_388011_2010-02-05T02:16:49.117_S0.4x11_1x1_VIS_NOD,ESO-VLT-U2,"ECHELLE,SLIT,NODDING",["388011"],IDP,XS_SFLX_388011_2010-02-05T02:16:49.117_S0.4x11_1x1_VIS_NOD.fits,,,true
http://archive.eso.org/datalink/links?ID=ivo://eso.org/ID?ADP.2014-05-15T09:01:30.813,,SPECTRUM,SPECTRUM (FLUX CALIBRATED),XSHOOTER,La Silla Paranal APEX,Non-solar,55232.09495251,2010-02-05T02:16:43.897,200.0,"[gte:298.92, lte:555.98]",9861.0,,["084.C-0952"],"["OUDMAIJER, R.D."]","ESO, PHASE3",XSHOOTER,HD-37411,,2014-05-15T00:00:00.000,POSITION J2000 84.561035 -5.42068,84.561035,-5.42068,ADP.2014-05-15T09:01:30.813,1,2011-04-09T13:14:30.080,437048,722,,261.2,209.393415,-18.738719,,,,,,2,2010-02-05T02:25:35.320,55232.10110324,200.0,HD-37411_388011_2010-02-05T02:16:43.897_S0.5x11_1x1_UVB_NOD,ESO-VLT-U2,"ECHELLE,SLIT,NODDING",["388011"],IDP,XS_SFLX_388011_2010-02-05T02:16:43.897_S0.5x11_1x1_UVB_NOD.fits,,,true
http://archive.eso.org/datalink/links?ID=ivo://eso.org/ID?ADP.2014-05-15T09:01:31.080,,SPECTRUM,SPECTRUM (FLUX CALIBRATED),XSHOOTER,La Silla Paranal APEX,Non-solar,55232.09434743,2010-02-05T02:15:51.617,1.0,"[gte:994.02, lte:2478.96]",11424.0,,["084.C-0952"],"["OUDMAIJER, R.D."]","ESO, PHASE3",XSHOOTER,HD-37411,,2014-05-15T00:00:00.000,POSITION J2000 84.560726 -5.42018,84.560726,-5.42018,ADP.2014-05-15T09:01:31.080,1,2011-04-09T13:14:29.577,437078,1350,,5.3,209.392797,-18.738769,,,,,,2,2010-02-05T02:15:52.617,55232.094359,1.0,HD-37411_388011_2010-02-05T02:15:51.618_S0.4x11_NIR_STA,ESO-VLT-U2,"ECHELLE,SLIT,STARE",["388011"],IDP,XS_SFLX_388011_2010-02-05T02:15:51.618_S0.4x11_NIR_STA.fits,,,true
http://archive.eso.org/datalink/links?ID=ivo://eso.org/ID?ADP.2014-05-15T09:01:30.390,,SPECTRUM,SPECTRUM (FLUX CALIBRATED),XSHOOTER,La Silla Paranal APEX,Non-solar,55232.09431403,2010-02-05T02:15:48.733,5.0,"[gte:533.66, lte:1020.0]",18340.0,,["084.C-0952"],"["OUDMAIJER, R.D."]","ESO, PHASE3",XSHOOTER,HD-37411,,2014-05-15T00:00:00.000,POSITION J2000 84.560725 -5.42018,84.560725,-5.42018,ADP.2014-05-15T09:01:30.390,1,2011-04-09T13:14:29.553,437059,1321,,25.9,209.392796,-18.738769,,,,,,2,2010-02-05T02:15:53.733,55232.0943719,5.0,HD-37411_388011_2010-02-05T02:15:48.732_S0.4x11_1x1_VIS_STA,ESO-VLT-U2,"ECHELLE,SLIT,STARE",["388011"],IDP,XS_SFLX_388011_2010-02-05T02:15:48.732_S0.4x11_1x1_VIS_STA.fits,,,truehttp://archive.eso.org/datalink/links?ID=ivo://eso.org/ID?ADP.2014-05-13T15:52:50.087,,SPECTRUM,SPECTRUM (FLUX CALIBRATED),XSHOOTER,La Silla Paranal APEX,Non-solar,55202.07970832,2010-01-06T01:54:46.800,800.0,"[gte:994.02, lte:2478.96]",11424.0,,["084.C-0952"],"["OUDMAIJER, R.D."]","ESO, PHASE3",XSHOOTER,V599-Ori,,2014-05-13T00:00:00.000,POSITION J2000 84.743653 -7.28036,84.743653,-7.28036,ADP.2014-05-13T15:52:50.087,1,2011-04-09T13:14:29.297,436111,1347,,174.4,211.239486,-19.407566,,,,,,2,2010-01-06T02:19:59.893,55202.09722097,800.0,V599-Ori_388007_2010-01-06T01:54:46.799_S0.4x11_NIR_NOD,ESO-VLT-U2,"ECHELLE,SLIT,NODDING",["388007"],IDP,XS_SFLX_388007_2010-01-06T01:54:46.799_S0.4x11_NIR_NOD.fits,,,true
http://archive.eso.org/datalink/links?ID=ivo://eso.org/ID?ADP.2014-05-13T15:52:50.160,,SPECTRUM,SPECTRUM (FLUX CALIBRATED),XSHOOTER,La Silla Paranal APEX,Non-solar,55202.07967106,2010-01-06T01:54:43.580,1440.0,"[gte:533.66, lte:1020.0]",18340.0,,["084.C-0952"],"["OUDMAIJER, R.D."]","ESO, PHASE3",XSHOOTER,V599-Ori,,2014-05-13T00:00:00.000,POSITION J2000 84.743653 -7.28036,84.743653,-7.28036,ADP.2014-05-13T15:52:50.160,1,2011-04-09T13:14:29.330,436107,1319,,267.3,211.239486,-19.407566,,,,,,2,2010-01-06T02:22:47.337,55202.099159,1440.0,V599-Ori_388007_2010-01-06T01:54:43.580_S0.4x11_1x1_VIS_NOD,ESO-VLT-U2,"ECHELLE,SLIT,NODDING",["388007"],IDP,XS_SFLX_388007_2010-01-06T01:54:43.580_S0.4x11_1x1_VIS_NOD.fits,,,true
http://archive.eso.org/datalink/links?ID=ivo://eso.org/ID?ADP.2014-05-13T15:52:50.287,,SPECTRUM,SPECTRUM (FLUX CALIBRATED),XSHOOTER,La Silla Paranal APEX,Non-solar,55202.07961041,2010-01-06T01:54:38.340,1440.0,"[gte:298.92, lte:555.98]",9861.0,,["084.C-0952"],"["OUDMAIJER, R.D."]","ESO, PHASE3",XSHOOTER,V599-Ori,,2014-05-13T00:00:00.000,POSITION J2000 84.743653 -7.28036,84.743653,-7.28036,ADP.2014-05-13T15:52:50.287,1,2011-04-09T13:14:29.210,436114,722,,74.0,211.239486,-19.407566,,,,,,2,2010-01-06T02:22:11.950,55202.09874941,1440.0,V599-Ori_388007_2010-01-06T01:54:38.339_S0.5x11_1x1_UVB_NOD,ESO-VLT-U2,"ECHELLE,SLIT,NODDING",["388007"],IDP,XS_SFLX_388007_2010-01-06T01:54:38.339_S0.5x11_1x1_UVB_NOD.fits,,,true
http://archive.eso.org/datalink/links?ID=ivo://eso.org/ID?ADP.2014-05-13T15:52:50.327,,SPECTRUM,SPECTRUM (FLUX CALIBRATED),XSHOOTER,La Silla Paranal APEX,Non-solar,55202.07776534,2010-01-06T01:51:58.927,1.0,"[gte:994.02, lte:2478.96]",11424.0,,["084.C-0952"],"["OUDMAIJER, R.D."]","ESO, PHASE3",XSHOOTER,V599-Ori,,2014-05-13T00:00:00.000,POSITION J2000 84.744169 -7.27991,84.744169,-7.27991,ADP.2014-05-13T15:52:50.327,1,2011-04-09T13:14:27.733,436122,1350,,6.6,211.239298,-19.406908,,,,,,2,2010-01-06T01:51:59.927,55202.07777691,1.0,V599-Ori_388007_2010-01-06T01:51:58.925_S0.4x11_NIR_STA,ESO-VLT-U2,"ECHELLE,SLIT,STARE",["388007"],IDP,XS_SFLX_388007_2010-01-06T01:51:58.925_S0.4x11_NIR_STA.fits,,,true
http://archive.eso.org/datalink/links?ID=ivo://eso.org/ID?ADP.2014-05-13T15:52:50.120,,SPECTRUM,SPECTRUM (FLUX CALIBRATED),XSHOOTER,La Silla Paranal APEX,Non-solar,55202.07772657,2010-01-06T01:51:55.577,60.0,"[gte:533.66, lte:1020.0]",18340.0,,["084.C-0952"],"["OUDMAIJER, R.D."]","ESO, PHASE3",XSHOOTER,V599-Ori,,2014-05-13T00:00:00.000,POSITION J2000 84.744169 -7.27991,84.744169,-7.27991,ADP.2014-05-13T15:52:50.120,1,2011-04-09T13:14:27.703,436108,1321,,51.9,211.239298,-19.406908,,,,,,2,2010-01-06T01:52:55.577,55202.07842101,60.0,V599-Ori_388007_2010-01-06T01:51:55.576_S0.4x11_1x1_VIS_STA,ESO-VLT-U2,"ECHELLE,SLIT,STARE",["388007"],IDP,XS_SFLX_388007_2010-01-06T01:51:55.576_S0.4x11_1x1_VIS_STA.fits,,,truehttp://archive.eso.org/datalink/links?ID=ivo://eso.org/ID?ADP.2014-05-15T09:01:31.167,,SPECTRUM,SPECTRUM (FLUX CALIBRATED),XSHOOTER,La Silla Paranal APEX,Non-solar,55232.07824697,2010-02-05T01:52:40.537,600.0,"[gte:994.02, lte:2478.96]",11424.0,,["084.C-0952"],"["OUDMAIJER, R.D."]","ESO, PHASE3",XSHOOTER,V350-Ori,,2014-05-15T00:00:00.000,POSITION J2000 85.049587 -9.7034,85.049587,-9.7034,ADP.2014-05-15T09:01:31.167,1,2011-04-09T13:14:23.930,437064,1347,,174.0,213.697141,-20.192333,,,,,,2,2010-02-05T02:05:15.357,55232.08698329,600.0,V350-Ori_387992_2010-02-05T01:52:40.538_S0.4x11_NIR_NOD,ESO-VLT-U2,"ECHELLE,SLIT,NODDING",["387992"],IDP,XS_SFLX_387992_2010-02-05T01:52:40.538_S0.4x11_NIR_NOD.fits,,,true
http://archive.eso.org/datalink/links?ID=ivo://eso.org/ID?ADP.2014-05-15T09:01:30.397,,SPECTRUM,SPECTRUM (FLUX CALIBRATED),XSHOOTER,La Silla Paranal APEX,Non-solar,55232.07820768,2010-02-05T01:52:37.143,600.0,"[gte:533.66, lte:1020.0]",18340.0,,["084.C-0952"],"["OUDMAIJER, R.D."]","ESO, PHASE3",XSHOOTER,V350-Ori,,2014-05-15T00:00:00.000,POSITION J2000 85.049587 -9.7034,85.049587,-9.7034,ADP.2014-05-15T09:01:30.397,1,2011-04-09T13:14:23.907,437079,1319,,316.7,213.697141,-20.192332,,,,,,2,2010-02-05T02:05:12.127,55232.08694589,600.0,V350-Ori_387992_2010-02-05T01:52:37.144_S0.4x11_1x1_VIS_NOD,ESO-VLT-U2,"ECHELLE,SLIT,NODDING",["387992"],IDP,XS_SFLX_387992_2010-02-05T01:52:37.144_S0.4x11_1x1_VIS_NOD.fits,,,true
http://archive.eso.org/datalink/links?ID=ivo://eso.org/ID?ADP.2014-05-15T09:01:31.033,,SPECTRUM,SPECTRUM (FLUX CALIBRATED),XSHOOTER,La Silla Paranal APEX,Non-solar,55232.07814726,2010-02-05T01:52:31.923,600.0,"[gte:298.92, lte:555.98]",9861.0,,["084.C-0952"],"["OUDMAIJER, R.D."]","ESO, PHASE3",XSHOOTER,V350-Ori,,2014-05-15T00:00:00.000,POSITION J2000 85.049587 -9.7034,85.049587,-9.7034,ADP.2014-05-15T09:01:31.033,1,2011-04-09T13:14:23.883,437058,722,,289.3,213.697141,-20.192332,,,,,,2,2010-02-05T02:05:06.957,55232.08688605,600.0,V350-Ori_387992_2010-02-05T01:52:31.923_S0.5x11_1x1_UVB_NOD,ESO-VLT-U2,"ECHELLE,SLIT,NODDING",["387992"],IDP,XS_SFLX_387992_2010-02-05T01:52:31.923_S0.5x11_1x1_UVB_NOD.fits,,,true
http://archive.eso.org/datalink/links?ID=ivo://eso.org/ID?ADP.2014-05-15T09:01:31.333,,SPECTRUM,SPECTRUM (FLUX CALIBRATED),XSHOOTER,La Silla Paranal APEX,Non-solar,55232.07737292,2010-02-05T01:51:25.020,1.0,"[gte:994.02, lte:2478.96]",11424.0,,["084.C-0952"],"["OUDMAIJER, R.D."]","ESO, PHASE3",XSHOOTER,V350-Ori,,2014-05-15T00:00:00.000,POSITION J2000 85.04931 -9.7027,85.04931,-9.7027,ADP.2014-05-15T09:01:31.333,1,2011-04-09T13:14:23.617,437044,1350,,5.3,213.696343,-20.192278,,,,,,2,2010-02-05T01:51:26.020,55232.07738449,1.0,V350-Ori_387992_2010-02-05T01:51:25.020_S0.4x11_NIR_STA,ESO-VLT-U2,"ECHELLE,SLIT,STARE",["387992"],IDP,XS_SFLX_387992_2010-02-05T01:51:25.020_S0.4x11_NIR_STA.fits,,,true
http://archive.eso.org/datalink/links?ID=ivo://eso.org/ID?ADP.2014-05-15T09:01:30.670,,SPECTRUM,SPECTRUM (FLUX CALIBRATED),XSHOOTER,La Silla Paranal APEX,Non-solar,55232.07733411,2010-02-05T01:51:21.667,20.0,"[gte:533.66, lte:1020.0]",18340.0,,["084.C-0952"],"["OUDMAIJER, R.D."]","ESO, PHASE3",XSHOOTER,V350-Ori,,2014-05-15T00:00:00.000,POSITION J2000 85.04931 -9.7027,85.04931,-9.7027,ADP.2014-05-15T09:01:30.670,1,2011-04-09T13:14:23.590,437045,1321,,60.6,213.696342,-20.192278,,,,,,2,2010-02-05T01:51:41.667,55232.07756559,20.0,V350-Ori_387992_2010-02-05T01:51:21.667_S0.4x11_1x1_VIS_STA,ESO-VLT-U2,"ECHELLE,SLIT,STARE",["387992"],IDP,XS_SFLX_387992_2010-02-05T01:51:21.667_S0.4x11_1x1_VIS_STA.fits,,,truehttp://archive.eso.org/datalink/links?ID=ivo://eso.org/ID?ADP.2014-05-13T15:48:44.760,,SPECTRUM,SPECTRUM (FLUX CALIBRATED),XSHOOTER,La Silla Paranal APEX,Non-solar,55198.08065871,2010-01-02T01:56:08.913,120.0,"[gte:994.02, lte:2478.96]",11424.0,,["084.C-0952"],"["OUDMAIJER, R.D."]","ESO, PHASE3",XSHOOTER,MWC-789,,2014-05-13T00:00:00.000,POSITION J2000 90.499708 16.51485,90.499708,16.51485,ADP.2014-05-13T15:48:44.760,1,2011-01-21T13:07:49.610,436030,1347,,79.7,192.624615,-3.039408,,,,,,2,2010-01-02T02:02:58.930,55198.08540429,120.0,MWC-789_388005_2010-01-02T01:56:08.913_S0.4x11_NIR_NOD,ESO-VLT-U2,"ECHELLE,SLIT,NODDING",["388005"],IDP,XS_SFLX_388005_2010-01-02T01:56:08.913_S0.4x11_NIR_NOD.fits,,,true
http://archive.eso.org/datalink/links?ID=ivo://eso.org/ID?ADP.2014-05-13T15:48:45.013,,SPECTRUM,SPECTRUM (FLUX CALIBRATED),XSHOOTER,La Silla Paranal APEX,Non-solar,55198.08062689,2010-01-02T01:56:06.163,120.0,"[gte:533.66, lte:1020.0]",18340.0,,["084.C-0952"],"["OUDMAIJER, R.D."]","ESO, PHASE3",XSHOOTER,MWC-789,,2014-05-13T00:00:00.000,POSITION J2000 90.499708 16.51485,90.499708,16.51485,ADP.2014-05-13T15:48:45.013,1,2011-01-21T13:07:49.587,436012,1319,,219.1,192.624615,-3.039407,,,,,,2,2010-01-02T02:03:40.773,55198.08588856,120.0,MWC-789_388005_2010-01-02T01:56:06.163_S0.4x11_1x1_VIS_NOD,ESO-VLT-U2,"ECHELLE,SLIT,NODDING",["388005"],IDP,XS_SFLX_388005_2010-01-02T01:56:06.163_S0.4x11_1x1_VIS_NOD.fits,,,true
http://archive.eso.org/datalink/links?ID=ivo://eso.org/ID?ADP.2014-05-13T15:48:45.067,,SPECTRUM,SPECTRUM (FLUX CALIBRATED),XSHOOTER,La Silla Paranal APEX,Non-solar,55198.08056636,2010-01-02T01:56:00.933,120.0,"[gte:298.92, lte:555.98]",9861.0,,["084.C-0952"],"["OUDMAIJER, R.D."]","ESO, PHASE3",XSHOOTER,MWC-789,,2014-05-13T00:00:00.000,POSITION J2000 90.499708 16.51485,90.499708,16.51485,ADP.2014-05-13T15:48:45.067,1,2011-01-21T13:07:49.543,436018,722,,287.3,192.624615,-3.039407,,,,,,2,2010-01-02T02:03:34.560,55198.08581667,120.0,MWC-789_388005_2010-01-02T01:56:00.934_S0.5x11_1x1_UVB_NOD,ESO-VLT-U2,"ECHELLE,SLIT,NODDING",["388005"],IDP,XS_SFLX_388005_2010-01-02T01:56:00.934_S0.5x11_1x1_UVB_NOD.fits,,,true
http://archive.eso.org/datalink/links?ID=ivo://eso.org/ID?ADP.2014-05-13T15:48:45.080,,SPECTRUM,SPECTRUM (FLUX CALIBRATED),XSHOOTER,La Silla Paranal APEX,Non-solar,55198.07868054,2010-01-02T01:53:17.997,1.0,"[gte:994.02, lte:2478.96]",11424.0,,["084.C-0952"],"["OUDMAIJER, R.D."]","ESO, PHASE3",XSHOOTER,MWC-789,,2014-05-13T00:00:00.000,POSITION J2000 90.500209 16.51546,90.500209,16.51546,ADP.2014-05-13T15:48:45.080,1,2011-01-21T13:07:49.490,436020,1350,,17.2,192.62432,-3.038689,,,,,,2,2010-01-02T01:53:18.997,55198.07869211,1.0,MWC-789_388005_2010-01-02T01:53:17.999_S0.4x11_NIR_STA,ESO-VLT-U2,"ECHELLE,SLIT,STARE",["388005"],IDP,XS_SFLX_388005_2010-01-02T01:53:17.999_S0.4x11_NIR_STA.fits,,,true
http://archive.eso.org/datalink/links?ID=ivo://eso.org/ID?ADP.2014-05-13T15:48:44.980,,SPECTRUM,SPECTRUM (FLUX CALIBRATED),XSHOOTER,La Silla Paranal APEX,Non-solar,55198.0786486,2010-01-02T01:53:15.240,5.0,"[gte:533.66, lte:1020.0]",18340.0,,["084.C-0952"],"["OUDMAIJER, R.D."]","ESO, PHASE3",XSHOOTER,MWC-789,,2014-05-13T00:00:00.000,POSITION J2000 90.500209 16.51546,90.500209,16.51546,ADP.2014-05-13T15:48:44.980,1,2011-01-21T13:07:49.483,436039,1319,,45.1,192.624319,-3.038689,,,,,,2,2010-01-02T01:53:20.240,55198.07870647,5.0,MWC-789_388005_2010-01-02T01:53:15.239_S0.4x11_1x1_VIS_STA,ESO-VLT-U2,"ECHELLE,SLIT,STARE",["388005"],IDP,XS_SFLX_388005_2010-01-02T01:53:15.239_S0.4x11_1x1_VIS_STA.fits,,,truehttp://archive.eso.org/datalink/links?ID=ivo://eso.org/ID?ADP.2014-05-15T14:17:15.143,,SPECTRUM,SPECTRUM (FLUX CALIBRATED),XSHOOTER,La Silla Paranal APEX,Non-solar,55251.04271502,2010-02-24T01:01:30.577,360.0,"[gte:994.02, lte:2478.96]",11424.0,,["084.C-0952"],"["OUDMAIJER, R.D."]","ESO, PHASE3",XSHOOTER,PDS-21,,2014-05-15T00:00:00.000,POSITION J2000 90.562636 -10.01706,90.562636,-10.01706,ADP.2014-05-15T14:17:15.143,1,2011-04-09T13:13:17.637,437578,1347,,161.8,216.45118,-15.424725,,,,,,2,2010-02-24T01:10:04.837,55251.04866711,360.0,PDS-21_387900_2010-02-24T01:01:30.578_S0.4x11_NIR_NOD,ESO-VLT-U2,"ECHELLE,SLIT,NODDING",["387900"],IDP,XS_SFLX_387900_2010-02-24T01:01:30.578_S0.4x11_NIR_NOD.fits,,,true
http://archive.eso.org/datalink/links?ID=ivo://eso.org/ID?ADP.2014-05-15T14:17:14.497,,SPECTRUM,SPECTRUM (FLUX CALIBRATED),XSHOOTER,La Silla Paranal APEX,Non-solar,55251.0426755,2010-02-24T01:01:27.163,360.0,"[gte:533.66, lte:1020.0]",18340.0,,["084.C-0952"],"["OUDMAIJER, R.D."]","ESO, PHASE3",XSHOOTER,PDS-21,,2014-05-15T00:00:00.000,POSITION J2000 90.562636 -10.01706,90.562636,-10.01706,ADP.2014-05-15T14:17:14.497,1,2011-04-09T13:13:17.603,437540,1319,,288.1,216.451179,-15.424724,,,,,,2,2010-02-24T01:10:02.050,55251.04863482,360.0,PDS-21_387900_2010-02-24T01:01:27.163_S0.4x11_1x1_VIS_NOD,ESO-VLT-U2,"ECHELLE,SLIT,NODDING",["387900"],IDP,XS_SFLX_387900_2010-02-24T01:01:27.163_S0.4x11_1x1_VIS_NOD.fits,,,true
http://archive.eso.org/datalink/links?ID=ivo://eso.org/ID?ADP.2014-05-15T14:17:15.090,,SPECTRUM,SPECTRUM (FLUX CALIBRATED),XSHOOTER,La Silla Paranal APEX,Non-solar,55251.04261577,2010-02-24T01:01:22.003,360.0,"[gte:298.92, lte:555.98]",9861.0,,["084.C-0952"],"["OUDMAIJER, R.D."]","ESO, PHASE3",XSHOOTER,PDS-21,,2014-05-15T00:00:00.000,POSITION J2000 90.562636 -10.01706,90.562636,-10.01706,ADP.2014-05-15T14:17:15.090,1,2011-04-09T13:13:17.573,437582,722,,336.1,216.451179,-15.424724,,,,,,2,2010-02-24T01:09:56.837,55251.04857451,360.0,PDS-21_387900_2010-02-24T01:01:22.003_S0.5x11_1x1_UVB_NOD,ESO-VLT-U2,"ECHELLE,SLIT,NODDING",["387900"],IDP,XS_SFLX_387900_2010-02-24T01:01:22.003_S0.5x11_1x1_UVB_NOD.fits,,,true
http://archive.eso.org/datalink/links?ID=ivo://eso.org/ID?ADP.2014-05-15T14:17:15.737,,SPECTRUM,SPECTRUM (FLUX CALIBRATED),XSHOOTER,La Silla Paranal APEX,Non-solar,55251.05150581,2010-02-24T01:14:10.103,1.0,"[gte:994.02, lte:2478.96]",11424.0,,["084.C-0952"],"["OUDMAIJER, R.D."]","ESO, PHASE3",XSHOOTER,PDS-21,,2014-05-15T00:00:00.000,POSITION J2000 90.562362 -10.01643,90.562362,-10.01643,ADP.2014-05-15T14:17:15.737,1,2011-04-09T13:13:17.747,437559,1350,,5.6,216.450469,-15.424696,,,,,,2,2010-02-24T01:14:11.103,55251.05151738,1.0,PDS-21_387900_2010-02-24T01:14:10.102_S0.4x11_NIR_STA,ESO-VLT-U2,"ECHELLE,SLIT,STARE",["387900"],IDP,XS_SFLX_387900_2010-02-24T01:14:10.102_S0.4x11_NIR_STA.fits,,,true
http://archive.eso.org/datalink/links?ID=ivo://eso.org/ID?ADP.2014-05-15T14:17:15.637,,SPECTRUM,SPECTRUM (FLUX CALIBRATED),XSHOOTER,La Silla Paranal APEX,Non-solar,55251.05146606,2010-02-24T01:14:06.667,5.0,"[gte:533.66, lte:1020.0]",18340.0,,["084.C-0952"],"["OUDMAIJER, R.D."]","ESO, PHASE3",XSHOOTER,PDS-21,,2014-05-15T00:00:00.000,POSITION J2000 90.562362 -10.01643,90.562362,-10.01643,ADP.2014-05-15T14:17:15.637,1,2011-04-09T13:13:17.687,437562,1321,,29.1,216.450469,-15.424696,,,,,,2,2010-02-24T01:14:11.667,55251.05152393,5.0,PDS-21_387900_2010-02-24T01:14:06.668_S0.4x11_1x1_VIS_STA,ESO-VLT-U2,"ECHELLE,SLIT,STARE",["387900"],IDP,XS_SFLX_387900_2010-02-24T01:14:06.668_S0.4x11_1x1_VIS_STA.fits,,,true
http://archive.eso.org/datalink/links?ID=ivo://eso.org/ID?ADP.2014-05-15T14:17:15.863,,SPECTRUM,SPECTRUM (FLUX CALIBRATED),XSHOOTER,La Silla Paranal APEX,Non-solar,55251.05140564,2010-02-24T01:14:01.447,5.0,"[gte:298.92, lte:555.98]",9861.0,,["084.C-0952"],"["OUDMAIJER, R.D."]","ESO, PHASE3",XSHOOTER,PDS-21,,2014-05-15T00:00:00.000,POSITION J2000 90.562362 -10.01643,90.562362,-10.01643,ADP.2014-05-15T14:17:15.863,1,2011-04-09T13:13:17.663,437539,722,,36.9,216.450469,-15.424696,,,,,,2,2010-02-24T01:14:06.447,55251.05146351,5.0,PDS-21_387900_2010-02-24T01:14:01.447_S0.5x11_1x1_UVB_STA,ESO-VLT-U2,"ECHELLE,SLIT,STARE",["387900"],IDP,XS_SFLX_387900_2010-02-24T01:14:01.447_S0.5x11_1x1_UVB_STA.fits,,,true
http://archive.eso.org/datalink/links?ID=ivo://eso.org/ID?ADP.2014-05-15T14:17:15.997,,SPECTRUM,SPECTRUM (FLUX CALIBRATED),XSHOOTER,La Silla Paranal APEX,Non-solar,55251.04195517,2010-02-24T01:00:24.927,1.0,"[gte:994.02, lte:2478.96]",11424.0,,["084.C-0952"],"["OUDMAIJER, R.D."]","ESO, PHASE3",XSHOOTER,PDS-21,,2014-05-15T00:00:00.000,POSITION J2000 90.562362 -10.01643,90.562362,-10.01643,ADP.2014-05-15T14:17:15.997,1,2011-04-09T13:13:17.287,437568,1350,,6.8,216.450469,-15.424696,,,,,,2,2010-02-24T01:00:25.927,55251.04196674,1.0,PDS-21_387900_2010-02-24T01:00:24.927_S0.4x11_NIR_STA,ESO-VLT-U2,"ECHELLE,SLIT,STARE",["387900"],IDP,XS_SFLX_387900_2010-02-24T01:00:24.927_S0.4x11_NIR_STA.fits,,,true
http://archive.eso.org/datalink/links?ID=ivo://eso.org/ID?ADP.2014-05-15T14:17:14.430,,SPECTRUM,SPECTRUM (FLUX CALIBRATED),XSHOOTER,La Silla Paranal APEX,Non-solar,55251.0419193,2010-02-24T01:00:21.827,10.0,"[gte:533.66, lte:1020.0]",18340.0,,["084.C-0952"],"["OUDMAIJER, R.D."]","ESO, PHASE3",XSHOOTER,PDS-21,,2014-05-15T00:00:00.000,POSITION J2000 90.562362 -10.01643,90.562362,-10.01643,ADP.2014-05-15T14:17:14.430,1,2011-04-09T13:13:17.263,437531,1321,,45.4,216.450469,-15.424696,,,,,,2,2010-02-24T01:00:31.827,55251.04203504,10.0,PDS-21_387900_2010-02-24T01:00:21.828_S0.4x11_1x1_VIS_STA,ESO-VLT-U2,"ECHELLE,SLIT,STARE",["387900"],IDP,XS_SFLX_387900_2010-02-24T01:00:21.828_S0.4x11_1x1_VIS_STA.fits,,,truehttp://archive.eso.org/datalink/links?ID=ivo://eso.org/ID?ADP.2014-05-15T09:04:52.373,,SPECTRUM,SPECTRUM (FLUX CALIBRATED),XSHOOTER,La Silla Paranal APEX,Non-solar,55237.03366162,2010-02-10T00:48:28.363,1200.0,"[gte:994.02, lte:2478.96]",11424.0,,["084.C-0952"],"["OUDMAIJER, R.D."]","ESO, PHASE3",XSHOOTER,PDS-124,,2014-05-15T00:00:00.000,POSITION J2000 91.743764 -5.91925,91.743764,-5.91925,ADP.2014-05-15T09:04:52.373,1,2011-04-09T13:13:17.033,437133,1353,,205.9,213.186781,-12.573481,,,,,,2,2010-02-10T01:12:22.720,55237.05026295,1200.0,PDS-124_387896_2010-02-10T00:48:28.364_S0.4x11_NIR_NOD,ESO-VLT-U2,"ECHELLE,SLIT,NODDING",["387896"],IDP,XS_SFLX_387896_2010-02-10T00:48:28.364_S0.4x11_NIR_NOD.fits,,,true
http://archive.eso.org/datalink/links?ID=ivo://eso.org/ID?ADP.2014-05-15T09:04:52.687,,SPECTRUM,SPECTRUM (FLUX CALIBRATED),XSHOOTER,La Silla Paranal APEX,Non-solar,55237.03362643,2010-02-10T00:48:25.323,1200.0,"[gte:533.66, lte:1020.0]",18340.0,,["084.C-0952"],"["OUDMAIJER, R.D."]","ESO, PHASE3",XSHOOTER,PDS-124,,2014-05-15T00:00:00.000,POSITION J2000 91.743764 -5.91925,91.743764,-5.91925,ADP.2014-05-15T09:04:52.687,1,2011-04-09T13:13:16.883,437140,1319,,207.0,213.18678,-12.57348,,,,,,2,2010-02-10T01:11:38.007,55237.04974546,1200.0,PDS-124_387896_2010-02-10T00:48:25.324_S0.4x11_1x1_VIS_NOD,ESO-VLT-U2,"ECHELLE,SLIT,NODDING",["387896"],IDP,XS_SFLX_387896_2010-02-10T00:48:25.324_S0.4x11_1x1_VIS_NOD.fits,,,true
http://archive.eso.org/datalink/links?ID=ivo://eso.org/ID?ADP.2014-05-15T09:04:52.820,,SPECTRUM,SPECTRUM (FLUX CALIBRATED),XSHOOTER,La Silla Paranal APEX,Non-solar,55237.0335667,2010-02-10T00:48:20.163,1200.0,"[gte:298.92, lte:555.98]",9861.0,,["084.C-0952"],"["OUDMAIJER, R.D."]","ESO, PHASE3",XSHOOTER,PDS-124,,2014-05-15T00:00:00.000,POSITION J2000 91.743764 -5.91925,91.743764,-5.91925,ADP.2014-05-15T09:04:52.820,1,2011-04-09T13:13:16.857,437141,722,,189.6,213.18678,-12.57348,,,,,,2,2010-02-10T01:11:32.837,55237.04968562,1200.0,PDS-124_387896_2010-02-10T00:48:20.163_S0.5x11_1x1_UVB_NOD,ESO-VLT-U2,"ECHELLE,SLIT,NODDING",["387896"],IDP,XS_SFLX_387896_2010-02-10T00:48:20.163_S0.5x11_1x1_UVB_NOD.fits,,,true
http://archive.eso.org/datalink/links?ID=ivo://eso.org/ID?ADP.2014-05-15T09:04:52.387,,SPECTRUM,SPECTRUM (FLUX CALIBRATED),XSHOOTER,La Silla Paranal APEX,Non-solar,55237.03245698,2010-02-10T00:46:44.283,1.0,"[gte:994.02, lte:2478.96]",11424.0,,["084.C-0952"],"["OUDMAIJER, R.D."]","ESO, PHASE3",XSHOOTER,PDS-124,,2014-05-15T00:00:00.000,POSITION J2000 91.744162 -5.91856,91.744162,-5.91856,ADP.2014-05-15T09:04:52.387,1,2011-04-09T13:13:15.757,437134,1350,,1.7,213.186329,-12.572818,,,,,,2,2010-02-10T00:46:45.283,55237.03246855,1.0,PDS-124_387896_2010-02-10T00:46:44.283_S0.4x11_NIR_STA,ESO-VLT-U2,"ECHELLE,SLIT,STARE",["387896"],IDP,XS_SFLX_387896_2010-02-10T00:46:44.283_S0.4x11_NIR_STA.fits,,,true
http://archive.eso.org/datalink/links?ID=ivo://eso.org/ID?ADP.2014-05-15T09:04:52.567,,SPECTRUM,SPECTRUM (FLUX CALIBRATED),XSHOOTER,La Silla Paranal APEX,Non-solar,55237.03241811,2010-02-10T00:46:40.927,20.0,"[gte:533.66, lte:1020.0]",18340.0,,["084.C-0952"],"["OUDMAIJER, R.D."]","ESO, PHASE3",XSHOOTER,PDS-124,,2014-05-15T00:00:00.000,POSITION J2000 91.744162 -5.91856,91.744162,-5.91856,ADP.2014-05-15T09:04:52.567,1,2011-04-09T13:13:15.720,437145,1321,,25.9,213.186329,-12.572818,,,,,,2,2010-02-10T00:47:00.927,55237.03264959,20.0,PDS-124_387896_2010-02-10T00:46:40.925_S0.4x11_1x1_VIS_STA,ESO-VLT-U2,"ECHELLE,SLIT,STARE",["387896"],IDP,XS_SFLX_387896_2010-02-10T00:46:40.925_S0.4x11_1x1_VIS_STA.fits,,,truehttp://archive.eso.org/datalink/links?ID=ivo://eso.org/ID?ADP.2014-05-13T15:58:09.657,,SPECTRUM,SPECTRUM (FLUX CALIBRATED),XSHOOTER,La Silla Paranal APEX,Non-solar,55213.03018731,2010-01-17T00:43:28.183,1200.0,"[gte:994.02, lte:2478.96]",11424.0,,["084.C-0952"],"["OUDMAIJER, R.D."]","ESO, PHASE3",XSHOOTER,LkHa-339,,2014-05-13T00:00:00.000,POSITION J2000 92.74061 -6.24496,92.74061,-6.24496,ADP.2014-05-13T15:58:09.657,1,2011-04-09T13:14:23.310,436223,1347,,146.9,213.93747,-11.831671,,,,,,2,2010-01-17T01:06:05.540,55213.04589744,1200.0,LkHa-339_387988_2010-01-17T00:43:28.184_S0.4x11_NIR_NOD,ESO-VLT-U2,"ECHELLE,SLIT,NODDING",["387988"],IDP,XS_SFLX_387988_2010-01-17T00:43:28.184_S0.4x11_NIR_NOD.fits,,,true
http://archive.eso.org/datalink/links?ID=ivo://eso.org/ID?ADP.2014-05-13T15:58:09.703,,SPECTRUM,SPECTRUM (FLUX CALIBRATED),XSHOOTER,La Silla Paranal APEX,Non-solar,55213.03015172,2010-01-17T00:43:25.110,1200.0,"[gte:533.66, lte:1020.0]",18340.0,,["084.C-0952"],"["OUDMAIJER, R.D."]","ESO, PHASE3",XSHOOTER,LkHa-339,,2014-05-13T00:00:00.000,POSITION J2000 92.74061 -6.24496,92.74061,-6.24496,ADP.2014-05-13T15:58:09.703,1,2011-04-09T13:14:23.287,436228,1319,,159.0,213.937469,-11.83167,,,,,,2,2010-01-17T01:06:02.300,55213.04585995,1200.0,LkHa-339_387988_2010-01-17T00:43:25.109_S0.4x11_1x1_VIS_NOD,ESO-VLT-U2,"ECHELLE,SLIT,NODDING",["387988"],IDP,XS_SFLX_387988_2010-01-17T00:43:25.109_S0.4x11_1x1_VIS_NOD.fits,,,true
http://archive.eso.org/datalink/links?ID=ivo://eso.org/ID?ADP.2014-05-13T15:58:09.737,,SPECTRUM,SPECTRUM (FLUX CALIBRATED),XSHOOTER,La Silla Paranal APEX,Non-solar,55213.03009118,2010-01-17T00:43:19.877,1200.0,"[gte:298.92, lte:555.98]",9861.0,,["084.C-0952"],"["OUDMAIJER, R.D."]","ESO, PHASE3",XSHOOTER,LkHa-339,,2014-05-13T00:00:00.000,POSITION J2000 92.74061 -6.24496,92.74061,-6.24496,ADP.2014-05-13T15:58:09.737,1,2011-04-09T13:14:23.257,436213,722,,87.4,213.937469,-11.83167,,,,,,2,2010-01-17T01:05:57.080,55213.04579953,1200.0,LkHa-339_387988_2010-01-17T00:43:19.878_S0.5x11_1x1_UVB_NOD,ESO-VLT-U2,"ECHELLE,SLIT,NODDING",["387988"],IDP,XS_SFLX_387988_2010-01-17T00:43:19.878_S0.5x11_1x1_UVB_NOD.fits,,,true
http://archive.eso.org/datalink/links?ID=ivo://eso.org/ID?ADP.2014-05-13T15:58:09.603,,SPECTRUM,SPECTRUM (FLUX CALIBRATED),XSHOOTER,La Silla Paranal APEX,Non-solar,55213.02881982,2010-01-17T00:41:30.033,1.0,"[gte:994.02, lte:2478.96]",11424.0,,["084.C-0952"],"["OUDMAIJER, R.D."]","ESO, PHASE3",XSHOOTER,LkHa-339,,2014-05-13T00:00:00.000,POSITION J2000 92.741141 -6.24464,92.741141,-6.24464,ADP.2014-05-13T15:58:09.603,1,2011-04-09T13:14:22.637,436235,1350,,1.4,213.937418,-11.831055,,,,,,2,2010-01-17T00:41:31.033,55213.02883139,1.0,LkHa-339_387988_2010-01-17T00:41:30.032_S0.4x11_NIR_STA,ESO-VLT-U2,"ECHELLE,SLIT,STARE",["387988"],IDP,XS_SFLX_387988_2010-01-17T00:41:30.032_S0.4x11_NIR_STA.fits,,,true
http://archive.eso.org/datalink/links?ID=ivo://eso.org/ID?ADP.2014-05-13T15:58:09.497,,SPECTRUM,SPECTRUM (FLUX CALIBRATED),XSHOOTER,La Silla Paranal APEX,Non-solar,55213.02878829,2010-01-17T00:41:27.307,60.0,"[gte:533.66, lte:1020.0]",18340.0,,["084.C-0952"],"["OUDMAIJER, R.D."]","ESO, PHASE3",XSHOOTER,LkHa-339,,2014-05-13T00:00:00.000,POSITION J2000 92.741141 -6.24464,92.741141,-6.24464,ADP.2014-05-13T15:58:09.497,1,2011-04-09T13:14:22.440,436241,1321,,34.7,213.937417,-11.831055,,,,,,2,2010-01-17T00:42:27.307,55213.02948273,60.0,LkHa-339_387988_2010-01-17T00:41:27.308_S0.4x11_1x1_VIS_STA,ESO-VLT-U2,"ECHELLE,SLIT,STARE",["387988"],IDP,XS_SFLX_387988_2010-01-17T00:41:27.308_S0.4x11_1x1_VIS_STA.fits,,,truehttp://archive.eso.org/datalink/links?ID=ivo://eso.org/ID?ADP.2017-06-02T19:41:04.976,,SPECTRUM,SPECTRUM (FLUX CALIBRATED),XSHOOTER,La Silla Paranal APEX,Non-solar,55235.02703381,2010-02-08T00:38:55.720,960.0,"[gte:994.02, lte:2478.96]",11424.0,,["084.C-0952"],"["OUDMAIJER, R.D."]","ESO, PHASE3",XSHOOTER,VY-Mon,,2017-06-02T19:46:38.000,POSITION J2000 97.778738 10.43414,97.778738,10.43414,ADP.2017-06-02T19:41:04.976,1,2011-04-09T13:14:26.637,5854131,1365,,62.1,201.342513,0.290338,,,,,,2,2010-02-08T01:08:58.610,55235.04790058,960.0,VY-Mon_387999_2010-02-08T00:38:55.721_S0.4x11_NIR_NOD,ESO-VLT-U2,"ECHELLE,SLIT,NODDING",["387999"],IDP,XS_SFLX_387999_2010-02-08T00:38:55.721_S0.4x11_NIR_NOD.fits,,,true
http://archive.eso.org/datalink/links?ID=ivo://eso.org/ID?ADP.2017-06-02T19:41:04.980,,SPECTRUM,SPECTRUM (FLUX CALIBRATED),XSHOOTER,La Silla Paranal APEX,Non-solar,55235.02699578,2010-02-08T00:38:52.437,1200.0,"[gte:533.66, lte:1020.0]",18340.0,,["084.C-0952"],"["OUDMAIJER, R.D."]","ESO, PHASE3",XSHOOTER,VY-Mon,,2017-06-02T19:46:38.000,POSITION J2000 97.778738 10.43414,97.778738,10.43414,ADP.2017-06-02T19:41:04.980,1,2011-04-09T13:14:26.407,5854132,1330,,71.4,201.342513,0.290337,,,,,,2,2010-02-08T01:08:03.717,55235.04726522,1200.0,VY-Mon_387999_2010-02-08T00:38:52.435_S0.4x11_1x1_VIS_NOD,ESO-VLT-U2,"ECHELLE,SLIT,NODDING",["387999"],IDP,XS_SFLX_387999_2010-02-08T00:38:52.435_S0.4x11_1x1_VIS_NOD.fits,,,true
http://archive.eso.org/datalink/links?ID=ivo://eso.org/ID?ADP.2017-06-02T19:41:05.029,,SPECTRUM,SPECTRUM (FLUX CALIBRATED),XSHOOTER,La Silla Paranal APEX,Non-solar,55235.02693536,2010-02-08T00:38:47.217,1200.0,"[gte:298.92, lte:555.98]",9861.0,,["084.C-0952"],"["OUDMAIJER, R.D."]","ESO, PHASE3",XSHOOTER,VY-Mon,,2017-06-02T19:46:38.000,POSITION J2000 97.778738 10.43414,97.778738,10.43414,ADP.2017-06-02T19:41:05.029,1,2011-04-09T13:14:26.357,5854143,731,,12.4,201.342513,0.290337,,,,,,2,2010-02-08T01:07:23.597,55235.0468009,1200.0,VY-Mon_387999_2010-02-08T00:38:47.215_S0.5x11_1x1_UVB_NOD,ESO-VLT-U2,"ECHELLE,SLIT,NODDING",["387999"],IDP,XS_SFLX_387999_2010-02-08T00:38:47.215_S0.5x11_1x1_UVB_NOD.fits,,,true
http://archive.eso.org/datalink/links?ID=ivo://eso.org/ID?ADP.2017-06-02T19:41:05.017,,SPECTRUM,SPECTRUM (FLUX CALIBRATED),XSHOOTER,La Silla Paranal APEX,Non-solar,55235.02613609,2010-02-08T00:37:38.157,1.0,"[gte:994.02, lte:2478.96]",11424.0,,["084.C-0952"],"["OUDMAIJER, R.D."]","ESO, PHASE3",XSHOOTER,VY-Mon,,2017-06-02T19:46:38.000,POSITION J2000 97.779103 10.43473,97.779103,10.43473,ADP.2017-06-02T19:41:05.017,1,2011-04-09T13:14:24.177,5854140,1362,,11.3,201.342156,0.290929,,,,,,2,2010-02-08T00:37:39.157,55235.02614766,1.0,VY-Mon_387999_2010-02-08T00:37:38.158_S0.4x11_NIR_STA,ESO-VLT-U2,"ECHELLE,SLIT,STARE",["387999"],IDP,XS_SFLX_387999_2010-02-08T00:37:38.158_S0.4x11_NIR_STA.fits,,,true
http://archive.eso.org/datalink/links?ID=ivo://eso.org/ID?ADP.2017-06-02T19:41:04.990,,SPECTRUM,SPECTRUM (FLUX CALIBRATED),XSHOOTER,La Silla Paranal APEX,Non-solar,55235.0261052,2010-02-08T00:37:35.490,20.0,"[gte:533.66, lte:1020.0]",18340.0,,["084.C-0952"],"["OUDMAIJER, R.D."]","ESO, PHASE3",XSHOOTER,VY-Mon,,2017-06-02T19:46:38.000,POSITION J2000 97.779103 10.43473,97.779103,10.43473,ADP.2017-06-02T19:41:04.990,1,2011-04-09T13:14:24.153,5854134,1333,,13.2,201.342156,0.290929,,,,,,2,2010-02-08T00:37:55.490,55235.02633668,20.0,VY-Mon_387999_2010-02-08T00:37:35.489_S0.4x11_1x1_VIS_STA,ESO-VLT-U2,"ECHELLE,SLIT,STARE",["387999"],IDP,XS_SFLX_387999_2010-02-08T00:37:35.489_S0.4x11_1x1_VIS_STA.fits,,,truehttp://archive.eso.org/datalink/links?ID=ivo://eso.org/ID?ADP.2014-05-15T08:55:50.163,,SPECTRUM,SPECTRUM (FLUX CALIBRATED),XSHOOTER,La Silla Paranal APEX,Non-solar,55228.14968946,2010-02-01T03:35:33.170,960.0,"[gte:994.02, lte:2478.96]",11424.0,,["084.C-0952"],"["OUDMAIJER, R.D."]","ESO, PHASE3",XSHOOTER,R-Mon,,2014-05-15T00:00:00.000,POSITION J2000 99.791901 8.73563,99.791901,8.73563,ADP.2014-05-15T08:55:50.163,1,2011-04-09T13:14:22.253,436992,1353,,136.9,203.764275,1.270835,,,,,,2,2010-02-01T04:05:36.480,55228.17056111,960.0,R-Mon_387986_2010-02-01T03:35:33.169_S0.4x11_NIR_NOD,ESO-VLT-U2,"ECHELLE,SLIT,NODDING",["387986"],IDP,XS_SFLX_387986_2010-02-01T03:35:33.169_S0.4x11_NIR_NOD.fits,,,true
http://archive.eso.org/datalink/links?ID=ivo://eso.org/ID?ADP.2014-05-15T08:55:50.463,,SPECTRUM,SPECTRUM (FLUX CALIBRATED),XSHOOTER,La Silla Paranal APEX,Non-solar,55228.14965212,2010-02-01T03:35:29.943,1200.0,"[gte:533.66, lte:1020.0]",18340.0,,["084.C-0952"],"["OUDMAIJER, R.D."]","ESO, PHASE3",XSHOOTER,R-Mon,,2014-05-15T00:00:00.000,POSITION J2000 99.791901 8.73563,99.791901,8.73563,ADP.2014-05-15T08:55:50.463,1,2011-04-09T13:14:22.177,437005,1319,,114.4,203.764274,1.270834,,,,,,2,2010-02-01T04:04:10.110,55228.16956144,1200.0,R-Mon_387986_2010-02-01T03:35:29.943_S0.4x11_1x1_VIS_NOD,ESO-VLT-U2,"ECHELLE,SLIT,NODDING",["387986"],IDP,XS_SFLX_387986_2010-02-01T03:35:29.943_S0.4x11_1x1_VIS_NOD.fits,,,true
http://archive.eso.org/datalink/links?ID=ivo://eso.org/ID?ADP.2014-05-15T08:55:50.397,,SPECTRUM,SPECTRUM (FLUX CALIBRATED),XSHOOTER,La Silla Paranal APEX,Non-solar,55228.1495924,2010-02-01T03:35:24.783,1200.0,"[gte:298.92, lte:555.98]",9861.0,,["084.C-0952"],"["OUDMAIJER, R.D."]","ESO, PHASE3",XSHOOTER,R-Mon,,2014-05-15T00:00:00.000,POSITION J2000 99.791901 8.73563,99.791901,8.73563,ADP.2014-05-15T08:55:50.397,1,2011-04-09T13:14:21.870,437002,722,,52.9,203.764274,1.270834,,,,,,2,2010-02-01T04:03:34.813,55228.16915292,1200.0,R-Mon_387986_2010-02-01T03:35:24.783_S0.5x11_1x1_UVB_NOD,ESO-VLT-U2,"ECHELLE,SLIT,NODDING",["387986"],IDP,XS_SFLX_387986_2010-02-01T03:35:24.783_S0.5x11_1x1_UVB_NOD.fits,,,true
http://archive.eso.org/datalink/links?ID=ivo://eso.org/ID?ADP.2014-05-15T08:55:50.237,,SPECTRUM,SPECTRUM (FLUX CALIBRATED),XSHOOTER,La Silla Paranal APEX,Non-solar,55228.14835736,2010-02-01T03:33:38.077,1.0,"[gte:994.02, lte:2478.96]",11424.0,,["084.C-0952"],"["OUDMAIJER, R.D."]","ESO, PHASE3",XSHOOTER,R-Mon,,2014-05-15T00:00:00.000,POSITION J2000 99.791642 8.7363,99.791642,8.7363,ADP.2014-05-15T08:55:50.237,1,2011-04-09T13:14:20.383,436999,1350,,21.7,203.763562,1.270914,,,,,,2,2010-02-01T03:33:39.077,55228.14836893,1.0,R-Mon_387986_2010-02-01T03:33:38.076_S0.4x11_NIR_STA,ESO-VLT-U2,"ECHELLE,SLIT,STARE",["387986"],IDP,XS_SFLX_387986_2010-02-01T03:33:38.076_S0.4x11_NIR_STA.fits,,,true
http://archive.eso.org/datalink/links?ID=ivo://eso.org/ID?ADP.2014-05-15T08:55:50.343,,SPECTRUM,SPECTRUM (FLUX CALIBRATED),XSHOOTER,La Silla Paranal APEX,Non-solar,55228.14831902,2010-02-01T03:33:34.763,60.0,"[gte:533.66, lte:1020.0]",18340.0,,["084.C-0952"],"["OUDMAIJER, R.D."]","ESO, PHASE3",XSHOOTER,R-Mon,,2014-05-15T00:00:00.000,POSITION J2000 99.791642 8.7363,99.791642,8.7363,ADP.2014-05-15T08:55:50.343,1,2011-04-09T13:14:20.353,437011,1321,,23.8,203.763561,1.270914,,,,,,2,2010-02-01T03:34:34.763,55228.14901346,60.0,R-Mon_387986_2010-02-01T03:33:34.763_S0.4x11_1x1_VIS_STA,ESO-VLT-U2,"ECHELLE,SLIT,STARE",["387986"],IDP,XS_SFLX_387986_2010-02-01T03:33:34.763_S0.4x11_1x1_VIS_STA.fits,,,truehttp://archive.eso.org/datalink/links?ID=ivo://eso.org/ID?ADP.2014-05-15T08:55:50.137,,SPECTRUM,SPECTRUM (FLUX CALIBRATED),XSHOOTER,La Silla Paranal APEX,Non-solar,55228.12432264,2010-02-01T02:59:01.477,1200.0,"[gte:994.02, lte:2478.96]",11424.0,,["084.C-0952"],"["OUDMAIJER, R.D."]","ESO, PHASE3",XSHOOTER,V590-Mon,,2014-05-15T00:00:00.000,POSITION J2000 100.186495 9.79993,100.186495,9.79993,ADP.2014-05-15T08:55:50.137,1,2011-04-09T13:14:20.127,437009,1347,,84.4,202.99562,2.103954,,,,,,2,2010-02-01T03:21:36.323,55228.14000375,1200.0,V590-Mon_387984_2010-02-01T02:59:01.476_S0.4x11_NIR_NOD,ESO-VLT-U2,"ECHELLE,SLIT,NODDING",["387984"],IDP,XS_SFLX_387984_2010-02-01T02:59:01.476_S0.4x11_NIR_NOD.fits,,,true
http://archive.eso.org/datalink/links?ID=ivo://eso.org/ID?ADP.2014-05-15T08:55:50.223,,SPECTRUM,SPECTRUM (FLUX CALIBRATED),XSHOOTER,La Silla Paranal APEX,Non-solar,55228.1242827,2010-02-01T02:58:58.027,1200.0,"[gte:533.66, lte:1020.0]",18340.0,,["084.C-0952"],"["OUDMAIJER, R.D."]","ESO, PHASE3",XSHOOTER,V590-Mon,,2014-05-15T00:00:00.000,POSITION J2000 100.186495 9.79993,100.186495,9.79993,ADP.2014-05-15T08:55:50.223,1,2011-04-09T13:14:19.953,437008,1319,,127.9,202.995619,2.103954,,,,,,2,2010-02-01T03:21:33.247,55228.13996812,1200.0,V590-Mon_387984_2010-02-01T02:58:58.025_S0.4x11_1x1_VIS_NOD,ESO-VLT-U2,"ECHELLE,SLIT,NODDING",["387984"],IDP,XS_SFLX_387984_2010-02-01T02:58:58.025_S0.4x11_1x1_VIS_NOD.fits,,,true
http://archive.eso.org/datalink/links?ID=ivo://eso.org/ID?ADP.2014-05-15T08:55:50.323,,SPECTRUM,SPECTRUM (FLUX CALIBRATED),XSHOOTER,La Silla Paranal APEX,Non-solar,55228.12422297,2010-02-01T02:58:52.867,1200.0,"[gte:298.92, lte:555.98]",9861.0,,["084.C-0952"],"["OUDMAIJER, R.D."]","ESO, PHASE3",XSHOOTER,V590-Mon,,2014-05-15T00:00:00.000,POSITION J2000 100.186495 9.79993,100.186495,9.79993,ADP.2014-05-15T08:55:50.323,1,2011-04-09T13:14:19.930,437001,722,,143.5,202.995619,2.103954,,,,,,2,2010-02-01T03:21:27.997,55228.13990735,1200.0,V590-Mon_387984_2010-02-01T02:58:52.865_S0.5x11_1x1_UVB_NOD,ESO-VLT-U2,"ECHELLE,SLIT,NODDING",["387984"],IDP,XS_SFLX_387984_2010-02-01T02:58:52.865_S0.5x11_1x1_UVB_NOD.fits,,,true
http://archive.eso.org/datalink/links?ID=ivo://eso.org/ID?ADP.2014-05-15T08:55:50.263,,SPECTRUM,SPECTRUM (FLUX CALIBRATED),XSHOOTER,La Silla Paranal APEX,Non-solar,55228.12299005,2010-02-01T02:57:06.340,1.0,"[gte:994.02, lte:2478.96]",11424.0,,["084.C-0952"],"["OUDMAIJER, R.D."]","ESO, PHASE3",XSHOOTER,V590-Mon,,2014-05-15T00:00:00.000,POSITION J2000 100.186421 9.80062,100.186421,9.80062,ADP.2014-05-15T08:55:50.263,1,2011-04-09T13:14:18.717,436996,1350,,0.6,202.994972,2.104205,,,,,,2,2010-02-01T02:57:07.340,55228.12300162,1.0,V590-Mon_387984_2010-02-01T02:57:06.340_S0.4x11_NIR_STA,ESO-VLT-U2,"ECHELLE,SLIT,STARE",["387984"],IDP,XS_SFLX_387984_2010-02-01T02:57:06.340_S0.4x11_NIR_STA.fits,,,true
http://archive.eso.org/datalink/links?ID=ivo://eso.org/ID?ADP.2014-05-15T08:55:50.217,,SPECTRUM,SPECTRUM (FLUX CALIBRATED),XSHOOTER,La Silla Paranal APEX,Non-solar,55228.12295146,2010-02-01T02:57:03.007,60.0,"[gte:533.66, lte:1020.0]",18340.0,,["084.C-0952"],"["OUDMAIJER, R.D."]","ESO, PHASE3",XSHOOTER,V590-Mon,,2014-05-15T00:00:00.000,POSITION J2000 100.186421 9.80062,100.186421,9.80062,ADP.2014-05-15T08:55:50.217,1,2011-04-09T13:14:18.550,437006,1321,,26.0,202.994972,2.104204,,,,,,2,2010-02-01T02:58:03.007,55228.1236459,60.0,V590-Mon_387984_2010-02-01T02:57:03.006_S0.4x11_1x1_VIS_STA,ESO-VLT-U2,"ECHELLE,SLIT,STARE",["387984"],IDP,XS_SFLX_387984_2010-02-01T02:57:03.006_S0.4x11_1x1_VIS_STA.fits,,,truehttp://archive.eso.org/datalink/links?ID=ivo://eso.org/ID?ADP.2014-05-13T15:30:09.433,,SPECTRUM,SPECTRUM (FLUX CALIBRATED),XSHOOTER,La Silla Paranal APEX,Non-solar,55181.29612621,2009-12-16T07:06:25.307,1080.0,"[gte:994.02, lte:2478.96]",11424.0,,["084.C-0952"],"["OUDMAIJER, R.D."]","ESO, PHASE3",XSHOOTER,PDS-24,,2014-05-13T00:00:00.000,POSITION J2000 102.174487 -16.80168,102.174487,-16.80168,ADP.2014-05-13T15:30:09.433,1,2011-04-09T13:13:14.977,435704,1347,,97.1,227.683111,-8.163194,,,,,,2,2009-12-16T07:28:31.040,55181.31147037,1080.0,PDS-24_387890_2009-12-16T07:06:25.305_S0.4x11_NIR_NOD,ESO-VLT-U2,"ECHELLE,SLIT,NODDING",["387890"],IDP,XS_SFLX_387890_2009-12-16T07:06:25.305_S0.4x11_NIR_NOD.fits,,,true
http://archive.eso.org/datalink/links?ID=ivo://eso.org/ID?ADP.2014-05-13T15:30:09.840,,SPECTRUM,SPECTRUM (FLUX CALIBRATED),XSHOOTER,La Silla Paranal APEX,Non-solar,55181.29608967,2009-12-16T07:06:22.147,1200.0,"[gte:533.66, lte:1020.0]",18340.0,,["084.C-0952"],"["OUDMAIJER, R.D."]","ESO, PHASE3",XSHOOTER,PDS-24,,2014-05-13T00:00:00.000,POSITION J2000 102.174487 -16.80168,102.174487,-16.80168,ADP.2014-05-13T15:30:09.840,1,2011-04-09T13:13:14.953,435692,1319,,111.5,227.68311,-8.163194,,,,,,2,2009-12-16T07:28:58.270,55181.31178552,1200.0,PDS-24_387890_2009-12-16T07:06:22.147_S0.4x11_1x1_VIS_NOD,ESO-VLT-U2,"ECHELLE,SLIT,NODDING",["387890"],IDP,XS_SFLX_387890_2009-12-16T07:06:22.147_S0.4x11_1x1_VIS_NOD.fits,,,true
http://archive.eso.org/datalink/links?ID=ivo://eso.org/ID?ADP.2014-05-13T15:30:09.400,,SPECTRUM,SPECTRUM (FLUX CALIBRATED),XSHOOTER,La Silla Paranal APEX,Non-solar,55181.29602925,2009-12-16T07:06:16.927,1200.0,"[gte:298.92, lte:555.98]",9861.0,,["084.C-0952"],"["OUDMAIJER, R.D."]","ESO, PHASE3",XSHOOTER,PDS-24,,2014-05-13T00:00:00.000,POSITION J2000 102.174487 -16.80168,102.174487,-16.80168,ADP.2014-05-13T15:30:09.400,1,2011-04-09T13:13:14.923,435705,722,,110.1,227.68311,-8.163194,,,,,,2,2009-12-16T07:28:53.050,55181.3117251,1200.0,PDS-24_387890_2009-12-16T07:06:16.927_S0.5x11_1x1_UVB_NOD,ESO-VLT-U2,"ECHELLE,SLIT,NODDING",["387890"],IDP,XS_SFLX_387890_2009-12-16T07:06:16.927_S0.5x11_1x1_UVB_NOD.fits,,,true
http://archive.eso.org/datalink/links?ID=ivo://eso.org/ID?ADP.2014-05-13T15:30:09.307,,SPECTRUM,SPECTRUM (FLUX CALIBRATED),XSHOOTER,La Silla Paranal APEX,Non-solar,55181.2952271,2009-12-16T07:05:07.620,1.0,"[gte:994.02, lte:2478.96]",11424.0,,["084.C-0952"],"["OUDMAIJER, R.D."]","ESO, PHASE3",XSHOOTER,PDS-24,,2014-05-13T00:00:00.000,POSITION J2000 102.173832 -16.80134,102.173832,-16.80134,ADP.2014-05-13T15:30:09.307,1,2011-04-09T13:13:14.413,435685,1350,,1.0,227.682525,-8.163609,,,,,,2,2009-12-16T07:05:08.620,55181.29523867,1.0,PDS-24_387890_2009-12-16T07:05:07.621_S0.4x11_NIR_STA,ESO-VLT-U2,"ECHELLE,SLIT,STARE",["387890"],IDP,XS_SFLX_387890_2009-12-16T07:05:07.621_S0.4x11_NIR_STA.fits,,,true
http://archive.eso.org/datalink/links?ID=ivo://eso.org/ID?ADP.2014-05-13T15:30:09.687,,SPECTRUM,SPECTRUM (FLUX CALIBRATED),XSHOOTER,La Silla Paranal APEX,Non-solar,55181.29519214,2009-12-16T07:05:04.600,20.0,"[gte:533.66, lte:1020.0]",18340.0,,["084.C-0952"],"["OUDMAIJER, R.D."]","ESO, PHASE3",XSHOOTER,PDS-24,,2014-05-13T00:00:00.000,POSITION J2000 102.173832 -16.80134,102.173832,-16.80134,ADP.2014-05-13T15:30:09.687,1,2011-04-09T13:13:14.390,435697,1321,,16.4,227.682524,-8.163609,,,,,,2,2009-12-16T07:05:24.600,55181.29542362,20.0,PDS-24_387890_2009-12-16T07:05:04.601_S0.4x11_1x1_VIS_STA,ESO-VLT-U2,"ECHELLE,SLIT,STARE",["387890"],IDP,XS_SFLX_387890_2009-12-16T07:05:04.601_S0.4x11_1x1_VIS_STA.fits,,,truehttp://archive.eso.org/datalink/links?ID=ivo://eso.org/ID?ADP.2014-05-13T15:30:09.907,,SPECTRUM,SPECTRUM (FLUX CALIBRATED),XSHOOTER,La Silla Paranal APEX,Non-solar,55181.31995557,2009-12-16T07:40:44.160,1200.0,"[gte:994.02, lte:2478.96]",11424.0,,["084.C-0952"],"["OUDMAIJER, R.D."]","ESO, PHASE3",XSHOOTER,PDS-130,,2014-05-13T00:00:00.000,POSITION J2000 102.494732 -7.64783,102.494732,-7.64783,ADP.2014-05-13T15:30:09.907,1,2011-04-09T13:13:13.867,435694,1347,,140.8,219.582955,-3.801495,,,,,,2,2009-12-16T08:03:20.140,55181.33564977,1200.0,PDS-130_387888_2009-12-16T07:40:44.161_S0.4x11_NIR_NOD,ESO-VLT-U2,"ECHELLE,SLIT,NODDING",["387888"],IDP,XS_SFLX_387888_2009-12-16T07:40:44.161_S0.4x11_NIR_NOD.fits,,,true
http://archive.eso.org/datalink/links?ID=ivo://eso.org/ID?ADP.2014-05-13T15:30:09.547,,SPECTRUM,SPECTRUM (FLUX CALIBRATED),XSHOOTER,La Silla Paranal APEX,Non-solar,55181.31991859,2009-12-16T07:40:40.967,1200.0,"[gte:533.66, lte:1020.0]",18340.0,,["084.C-0952"],"["OUDMAIJER, R.D."]","ESO, PHASE3",XSHOOTER,PDS-130,,2014-05-13T00:00:00.000,POSITION J2000 102.494732 -7.64783,102.494732,-7.64783,ADP.2014-05-13T15:30:09.547,1,2011-04-09T13:13:13.840,435700,1319,,142.8,219.582954,-3.801494,,,,,,2,2009-12-16T08:03:17.197,55181.33561571,1200.0,PDS-130_387888_2009-12-16T07:40:40.966_S0.4x11_1x1_VIS_NOD,ESO-VLT-U2,"ECHELLE,SLIT,NODDING",["387888"],IDP,XS_SFLX_387888_2009-12-16T07:40:40.966_S0.4x11_1x1_VIS_NOD.fits,,,true
http://archive.eso.org/datalink/links?ID=ivo://eso.org/ID?ADP.2014-05-13T15:30:09.873,,SPECTRUM,SPECTRUM (FLUX CALIBRATED),XSHOOTER,La Silla Paranal APEX,Non-solar,55181.31985874,2009-12-16T07:40:35.797,1200.0,"[gte:298.92, lte:555.98]",9861.0,,["084.C-0952"],"["OUDMAIJER, R.D."]","ESO, PHASE3",XSHOOTER,PDS-130,,2014-05-13T00:00:00.000,POSITION J2000 102.494732 -7.64783,102.494732,-7.64783,ADP.2014-05-13T15:30:09.873,1,2011-04-09T13:13:13.807,435690,722,,89.7,219.582954,-3.801494,,,,,,2,2009-12-16T08:03:11.977,55181.33555529,1200.0,PDS-130_387888_2009-12-16T07:40:35.795_S0.5x11_1x1_UVB_NOD,ESO-VLT-U2,"ECHELLE,SLIT,NODDING",["387888"],IDP,XS_SFLX_387888_2009-12-16T07:40:35.795_S0.5x11_1x1_UVB_NOD.fits,,,true
http://archive.eso.org/datalink/links?ID=ivo://eso.org/ID?ADP.2014-05-13T15:30:09.793,,SPECTRUM,SPECTRUM (FLUX CALIBRATED),XSHOOTER,La Silla Paranal APEX,Non-solar,55181.31907636,2009-12-16T07:39:28.197,1.0,"[gte:994.02, lte:2478.96]",11424.0,,["084.C-0952"],"["OUDMAIJER, R.D."]","ESO, PHASE3",XSHOOTER,PDS-130,,2014-05-13T00:00:00.000,POSITION J2000 102.494206 -7.64744,102.494206,-7.64744,ADP.2014-05-13T15:30:09.793,1,2011-04-09T13:13:13.493,435695,1350,,0.2,219.58237,-3.801784,,,,,,2,2009-12-16T07:39:29.197,55181.31908793,1.0,PDS-130_387888_2009-12-16T07:39:28.198_S0.4x11_NIR_STA,ESO-VLT-U2,"ECHELLE,SLIT,STARE",["387888"],IDP,XS_SFLX_387888_2009-12-16T07:39:28.198_S0.4x11_NIR_STA.fits,,,true
http://archive.eso.org/datalink/links?ID=ivo://eso.org/ID?ADP.2014-05-13T15:30:09.667,,SPECTRUM,SPECTRUM (FLUX CALIBRATED),XSHOOTER,La Silla Paranal APEX,Non-solar,55181.31903969,2009-12-16T07:39:25.030,20.0,"[gte:533.66, lte:1020.0]",18340.0,,["084.C-0952"],"["OUDMAIJER, R.D."]","ESO, PHASE3",XSHOOTER,PDS-130,,2014-05-13T00:00:00.000,POSITION J2000 102.494206 -7.64744,102.494206,-7.64744,ADP.2014-05-13T15:30:09.667,1,2011-04-09T13:13:13.467,435696,1321,,3.2,219.582369,-3.801783,,,,,,2,2009-12-16T07:39:45.030,55181.31927117,20.0,PDS-130_387888_2009-12-16T07:39:25.029_S0.4x11_1x1_VIS_STA,ESO-VLT-U2,"ECHELLE,SLIT,STARE",["387888"],IDP,XS_SFLX_387888_2009-12-16T07:39:25.029_S0.4x11_1x1_VIS_STA.fits,,,truehttp://archive.eso.org/datalink/links?ID=ivo://eso.org/ID?ADP.2014-05-15T09:04:52.887,,SPECTRUM,SPECTRUM (FLUX CALIBRATED),XSHOOTER,La Silla Paranal APEX,Non-solar,55237.0883818,2010-02-10T02:07:16.187,1200.0,"[gte:994.02, lte:2478.96]",11424.0,,["084.C-0952"],"["OUDMAIJER, R.D."]","ESO, PHASE3",XSHOOTER,PDS-229,,2014-05-15T00:00:00.000,POSITION J2000 103.917098 -3.16475,103.917098,-3.16475,ADP.2014-05-15T09:04:52.887,1,2011-04-09T13:13:13.377,437139,1347,,80.9,216.230587,-0.502599,,,,,,2,2010-02-10T02:29:52.510,55237.10407999,1200.0,PDS-229_387886_2010-02-10T02:07:16.188_S0.4x11_NIR_NOD,ESO-VLT-U2,"ECHELLE,SLIT,NODDING",["387886"],IDP,XS_SFLX_387886_2010-02-10T02:07:16.188_S0.4x11_NIR_NOD.fits,,,true
http://archive.eso.org/datalink/links?ID=ivo://eso.org/ID?ADP.2014-05-15T09:04:52.447,,SPECTRUM,SPECTRUM (FLUX CALIBRATED),XSHOOTER,La Silla Paranal APEX,Non-solar,55237.08834945,2010-02-10T02:07:13.393,1200.0,"[gte:533.66, lte:1020.0]",18340.0,,["084.C-0952"],"["OUDMAIJER, R.D."]","ESO, PHASE3",XSHOOTER,PDS-229,,2014-05-15T00:00:00.000,POSITION J2000 103.917098 -3.16475,103.917098,-3.16475,ADP.2014-05-15T09:04:52.447,1,2011-04-09T13:13:13.347,437147,1319,,135.0,216.230586,-0.502598,,,,,,2,2010-02-10T02:29:49.263,55237.1040424,1200.0,PDS-229_387886_2010-02-10T02:07:13.392_S0.4x11_1x1_VIS_NOD,ESO-VLT-U2,"ECHELLE,SLIT,NODDING",["387886"],IDP,XS_SFLX_387886_2010-02-10T02:07:13.392_S0.4x11_1x1_VIS_NOD.fits,,,true
http://archive.eso.org/datalink/links?ID=ivo://eso.org/ID?ADP.2014-05-15T09:04:52.893,,SPECTRUM,SPECTRUM (FLUX CALIBRATED),XSHOOTER,La Silla Paranal APEX,Non-solar,55237.08828856,2010-02-10T02:07:08.133,1200.0,"[gte:298.92, lte:555.98]",9861.0,,["084.C-0952"],"["OUDMAIJER, R.D."]","ESO, PHASE3",XSHOOTER,PDS-229,,2014-05-15T00:00:00.000,POSITION J2000 103.917098 -3.16475,103.917098,-3.16475,ADP.2014-05-15T09:04:52.893,1,2011-04-09T13:13:13.323,437135,722,,113.7,216.230586,-0.502598,,,,,,2,2010-02-10T02:29:44.113,55237.10398278,1200.0,PDS-229_387886_2010-02-10T02:07:08.132_S0.5x11_1x1_UVB_NOD,ESO-VLT-U2,"ECHELLE,SLIT,NODDING",["387886"],IDP,XS_SFLX_387886_2010-02-10T02:07:08.132_S0.5x11_1x1_UVB_NOD.fits,,,true
http://archive.eso.org/datalink/links?ID=ivo://eso.org/ID?ADP.2014-05-15T09:04:11.647,,SPECTRUM,SPECTRUM (FLUX CALIBRATED),XSHOOTER,La Silla Paranal APEX,Non-solar,55236.03845273,2010-02-09T00:55:22.317,1200.0,"[gte:994.02, lte:2478.96]",11424.0,,["084.C-0952"],"["OUDMAIJER, R.D."]","ESO, PHASE3",XSHOOTER,PDS-229,,2014-05-15T00:00:00.000,POSITION J2000 103.91682 -3.16474,103.91682,-3.16474,ADP.2014-05-15T09:04:11.647,1,2011-04-09T13:13:12.747,437124,1347,,50.0,216.230451,-0.502841,,,,,,2,2010-02-09T01:17:57.973,55236.05414322,1200.0,PDS-229_387886_2010-02-09T00:55:22.316_S0.4x11_NIR_NOD,ESO-VLT-U2,"ECHELLE,SLIT,NODDING",["387886"],IDP,XS_SFLX_387886_2010-02-09T00:55:22.316_S0.4x11_NIR_NOD.fits,,,true
http://archive.eso.org/datalink/links?ID=ivo://eso.org/ID?ADP.2014-05-15T09:04:11.707,,SPECTRUM,SPECTRUM (FLUX CALIBRATED),XSHOOTER,La Silla Paranal APEX,Non-solar,55236.03841514,2010-02-09T00:55:19.067,1200.0,"[gte:533.66, lte:1020.0]",18340.0,,["084.C-0952"],"["OUDMAIJER, R.D."]","ESO, PHASE3",XSHOOTER,PDS-229,,2014-05-15T00:00:00.000,POSITION J2000 103.91682 -3.16474,103.91682,-3.16474,ADP.2014-05-15T09:04:11.707,1,2011-04-09T13:13:12.720,437129,1319,,92.7,216.230451,-0.502841,,,,,,2,2010-02-09T01:17:55.137,55236.05411039,1200.0,PDS-229_387886_2010-02-09T00:55:19.068_S0.4x11_1x1_VIS_NOD,ESO-VLT-U2,"ECHELLE,SLIT,NODDING",["387886"],IDP,XS_SFLX_387886_2010-02-09T00:55:19.068_S0.4x11_1x1_VIS_NOD.fits,,,true
http://archive.eso.org/datalink/links?ID=ivo://eso.org/ID?ADP.2014-05-15T09:04:11.720,,SPECTRUM,SPECTRUM (FLUX CALIBRATED),XSHOOTER,La Silla Paranal APEX,Non-solar,55236.0383553,2010-02-09T00:55:13.897,1200.0,"[gte:298.92, lte:555.98]",9861.0,,["084.C-0952"],"["OUDMAIJER, R.D."]","ESO, PHASE3",XSHOOTER,PDS-229,,2014-05-15T00:00:00.000,POSITION J2000 103.91682 -3.16474,103.91682,-3.16474,ADP.2014-05-15T09:04:11.720,1,2011-04-09T13:13:12.693,437126,722,,75.4,216.230451,-0.502841,,,,,,2,2010-02-09T01:17:49.977,55236.05405066,1200.0,PDS-229_387886_2010-02-09T00:55:13.898_S0.5x11_1x1_UVB_NOD,ESO-VLT-U2,"ECHELLE,SLIT,NODDING",["387886"],IDP,XS_SFLX_387886_2010-02-09T00:55:13.898_S0.5x11_1x1_UVB_NOD.fits,,,true
http://archive.eso.org/datalink/links?ID=ivo://eso.org/ID?ADP.2014-05-15T09:04:11.713,,SPECTRUM,SPECTRUM (FLUX CALIBRATED),XSHOOTER,La Silla Paranal APEX,Non-solar,55236.03710081,2010-02-09T00:53:25.510,1.0,"[gte:994.02, lte:2478.96]",11424.0,,["084.C-0952"],"["OUDMAIJER, R.D."]","ESO, PHASE3",XSHOOTER,PDS-229,,2014-05-15T00:00:00.000,POSITION J2000 103.917253 -3.16429,103.917253,-3.16429,ADP.2014-05-15T09:04:11.713,1,2011-04-09T13:13:12.237,437123,1350,,0.2,216.230248,-0.502251,,,,,,2,2010-02-09T00:53:26.510,55236.03711238,1.0,PDS-229_387886_2010-02-09T00:53:25.510_S0.4x11_NIR_STA,ESO-VLT-U2,"ECHELLE,SLIT,STARE",["387886"],IDP,XS_SFLX_387886_2010-02-09T00:53:25.510_S0.4x11_NIR_STA.fits,,,true
http://archive.eso.org/datalink/links?ID=ivo://eso.org/ID?ADP.2014-05-15T09:04:11.607,,SPECTRUM,SPECTRUM (FLUX CALIBRATED),XSHOOTER,La Silla Paranal APEX,Non-solar,55236.03706757,2010-02-09T00:53:22.637,20.0,"[gte:533.66, lte:1020.0]",18340.0,,["084.C-0952"],"["OUDMAIJER, R.D."]","ESO, PHASE3",XSHOOTER,PDS-229,,2014-05-15T00:00:00.000,POSITION J2000 103.917253 -3.16429,103.917253,-3.16429,ADP.2014-05-15T09:04:11.607,1,2011-04-09T13:13:12.210,437130,1321,,8.6,216.230248,-0.502251,,,,,,2,2010-02-09T00:53:42.637,55236.03729905,20.0,PDS-229_387886_2010-02-09T00:53:22.638_S0.4x11_1x1_VIS_STA,ESO-VLT-U2,"ECHELLE,SLIT,STARE",["387886"],IDP,XS_SFLX_387886_2010-02-09T00:53:22.638_S0.4x11_1x1_VIS_STA.fits,,,true
http://archive.eso.org/datalink/links?ID=ivo://eso.org/ID?ADP.2014-05-15T09:04:11.653,,SPECTRUM,SPECTRUM (FLUX CALIBRATED),XSHOOTER,La Silla Paranal APEX,Non-solar,55236.03700784,2010-02-09T00:53:17.477,20.0,"[gte:298.92, lte:555.98]",9861.0,,["084.C-0952"],"["OUDMAIJER, R.D."]","ESO, PHASE3",XSHOOTER,PDS-229,,2014-05-15T00:00:00.000,POSITION J2000 103.917253 -3.16429,103.917253,-3.16429,ADP.2014-05-15T09:04:11.653,1,2011-04-09T13:13:12.180,437128,722,,6.9,216.230248,-0.502251,,,,,,2,2010-02-09T00:53:37.477,55236.03723932,20.0,PDS-229_387886_2010-02-09T00:53:17.477_S0.5x11_1x1_UVB_STA,ESO-VLT-U2,"ECHELLE,SLIT,STARE",["387886"],IDP,XS_SFLX_387886_2010-02-09T00:53:17.477_S0.5x11_1x1_UVB_STA.fits,,,true
http://archive.eso.org/datalink/links?ID=ivo://eso.org/ID?ADP.2014-05-15T09:04:52.673,,SPECTRUM,SPECTRUM (FLUX CALIBRATED),XSHOOTER,La Silla Paranal APEX,Non-solar,55237.08741929,2010-02-10T02:05:53.027,1.0,"[gte:994.02, lte:2478.96]",11424.0,,["084.C-0952"],"["OUDMAIJER, R.D."]","ESO, PHASE3",XSHOOTER,PDS-229,,2014-05-15T00:00:00.000,POSITION J2000 103.917214 -3.16411,103.917214,-3.16411,ADP.2014-05-15T09:04:52.673,1,2011-04-09T13:13:12.837,437146,1350,,0.4,216.23007,-0.502204,,,,,,2,2010-02-10T02:05:54.027,55237.08743086,1.0,PDS-229_387886_2010-02-10T02:05:53.027_S0.4x11_NIR_STA,ESO-VLT-U2,"ECHELLE,SLIT,STARE",["387886"],IDP,XS_SFLX_387886_2010-02-10T02:05:53.027_S0.4x11_NIR_STA.fits,,,true
http://archive.eso.org/datalink/links?ID=ivo://eso.org/ID?ADP.2014-05-15T09:04:52.480,,SPECTRUM,SPECTRUM (FLUX CALIBRATED),XSHOOTER,La Silla Paranal APEX,Non-solar,55237.08738594,2010-02-10T02:05:50.147,20.0,"[gte:533.66, lte:1020.0]",18340.0,,["084.C-0952"],"["OUDMAIJER, R.D."]","ESO, PHASE3",XSHOOTER,PDS-229,,2014-05-15T00:00:00.000,POSITION J2000 103.917214 -3.16411,103.917214,-3.16411,ADP.2014-05-15T09:04:52.480,1,2011-04-09T13:13:12.810,437151,1321,,13.1,216.23007,-0.502203,,,,,,2,2010-02-10T02:06:10.147,55237.08761742,20.0,PDS-229_387886_2010-02-10T02:05:50.145_S0.4x11_1x1_VIS_STA,ESO-VLT-U2,"ECHELLE,SLIT,STARE",["387886"],IDP,XS_SFLX_387886_2010-02-10T02:05:50.145_S0.4x11_1x1_VIS_STA.fits,,,truehttp://archive.eso.org/datalink/links?ID=ivo://eso.org/ID?ADP.2014-05-13T15:30:09.847,,SPECTRUM,SPECTRUM (FLUX CALIBRATED),XSHOOTER,La Silla Paranal APEX,Non-solar,55181.35590932,2009-12-16T08:32:30.567,24.0,"[gte:533.66, lte:1020.0]",18340.0,,["084.C-0952"],"["OUDMAIJER, R.D."]","ESO, PHASE3",XSHOOTER,GU-CMa,,2014-05-13T00:00:00.000,POSITION J2000 105.457065 -11.30109,105.457065,-11.30109,ADP.2014-05-13T15:30:09.847,1,2011-04-09T13:14:17.183,435702,1321,,188.3,224.171631,-2.854768,,,,,,2,2009-12-16T08:42:04.757,55181.36255503,24.0,GU-CMa_387982_2009-12-16T08:32:30.565_S0.4x11_1x1_VIS_NOD,ESO-VLT-U2,"ECHELLE,SLIT,NODDING",["387982"],IDP,XS_SFLX_387982_2009-12-16T08:32:30.565_S0.4x11_1x1_VIS_NOD.fits,,,true
http://archive.eso.org/datalink/links?ID=ivo://eso.org/ID?ADP.2014-05-13T15:30:09.693,,SPECTRUM,SPECTRUM (FLUX CALIBRATED),XSHOOTER,La Silla Paranal APEX,Non-solar,55181.35575588,2009-12-16T08:32:17.307,96.0,"[gte:994.02, lte:2478.96]",11424.0,,["084.C-0952"],"["OUDMAIJER, R.D."]","ESO, PHASE3",XSHOOTER,GU-CMa,,2014-05-13T00:00:00.000,POSITION J2000 105.457065 -11.30109,105.457065,-11.30109,ADP.2014-05-13T15:30:09.693,1,2011-04-09T13:14:17.060,435683,1347,,123.2,224.171632,-2.854769,,,,,,2,2009-12-16T08:40:49.633,55181.36168556,96.0,GU-CMa_387982_2009-12-16T08:32:17.308_S0.4x11_NIR_NOD,ESO-VLT-U2,"ECHELLE,SLIT,NODDING",["387982"],IDP,XS_SFLX_387982_2009-12-16T08:32:17.308_S0.4x11_NIR_NOD.fits,,,true
http://archive.eso.org/datalink/links?ID=ivo://eso.org/ID?ADP.2014-05-13T15:30:09.500,,SPECTRUM,SPECTRUM (FLUX CALIBRATED),XSHOOTER,La Silla Paranal APEX,Non-solar,55181.35565837,2009-12-16T08:32:08.883,24.0,"[gte:298.92, lte:555.98]",9861.0,,["084.C-0952"],"["OUDMAIJER, R.D."]","ESO, PHASE3",XSHOOTER,GU-CMa,,2014-05-13T00:00:00.000,POSITION J2000 105.457065 -11.30109,105.457065,-11.30109,ADP.2014-05-13T15:30:09.500,1,2011-04-09T13:14:17.153,435698,725,,289.5,224.171631,-2.854768,,,,,,2,2009-12-16T08:41:42.313,55181.36229528,24.0,GU-CMa_387982_2009-12-16T08:32:08.883_S0.5x11_1x1_UVB_NOD,ESO-VLT-U2,"ECHELLE,SLIT,NODDING",["387982"],IDP,XS_SFLX_387982_2009-12-16T08:32:08.883_S0.5x11_1x1_UVB_NOD.fits,,,true
http://archive.eso.org/datalink/links?ID=ivo://eso.org/ID?ADP.2014-05-13T15:30:09.913,,SPECTRUM,SPECTRUM (FLUX CALIBRATED),XSHOOTER,La Silla Paranal APEX,Non-solar,55181.34462254,2009-12-16T08:16:15.387,96.0,"[gte:994.02, lte:2478.96]",11424.0,,["084.C-0952"],"["OUDMAIJER, R.D."]","ESO, PHASE3",XSHOOTER,GU-CMa,,2014-05-13T00:00:00.000,POSITION J2000 105.457077 -11.30115,105.457077,-11.30115,ADP.2014-05-13T15:30:09.913,1,2011-04-09T13:14:15.423,435689,1347,,73.7,224.17169,-2.854786,,,,,,2,2009-12-16T08:24:49.207,55181.35056951,96.0,GU-CMa_387982_2009-12-16T08:16:15.387_S0.4x11_NIR_NOD,ESO-VLT-U2,"ECHELLE,SLIT,NODDING",["387982"],IDP,XS_SFLX_387982_2009-12-16T08:16:15.387_S0.4x11_NIR_NOD.fits,,,true
http://archive.eso.org/datalink/links?ID=ivo://eso.org/ID?ADP.2014-05-13T15:30:09.440,,SPECTRUM,SPECTRUM (FLUX CALIBRATED),XSHOOTER,La Silla Paranal APEX,Non-solar,55181.34458566,2009-12-16T08:16:12.200,24.0,"[gte:533.66, lte:1020.0]",18340.0,,["084.C-0952"],"["OUDMAIJER, R.D."]","ESO, PHASE3",XSHOOTER,GU-CMa,,2014-05-13T00:00:00.000,POSITION J2000 105.457077 -11.30115,105.457077,-11.30115,ADP.2014-05-13T15:30:09.440,1,2011-04-09T13:14:15.690,435693,1321,,171.1,224.17169,-2.854785,,,,,,2,2009-12-16T08:26:04.513,55181.3514411,24.0,GU-CMa_387982_2009-12-16T08:16:12.201_S0.4x11_1x1_VIS_NOD,ESO-VLT-U2,"ECHELLE,SLIT,NODDING",["387982"],IDP,XS_SFLX_387982_2009-12-16T08:16:12.201_S0.4x11_1x1_VIS_NOD.fits,,,true
http://archive.eso.org/datalink/links?ID=ivo://eso.org/ID?ADP.2014-05-13T15:30:09.513,,SPECTRUM,SPECTRUM (FLUX CALIBRATED),XSHOOTER,La Silla Paranal APEX,Non-solar,55181.34452572,2009-12-16T08:16:07.023,24.0,"[gte:298.92, lte:555.98]",9861.0,,["084.C-0952"],"["OUDMAIJER, R.D."]","ESO, PHASE3",XSHOOTER,GU-CMa,,2014-05-13T00:00:00.000,POSITION J2000 105.457077 -11.30115,105.457077,-11.30115,ADP.2014-05-13T15:30:09.513,1,2011-04-09T13:14:15.667,435686,725,,270.1,224.17169,-2.854785,,,,,,2,2009-12-16T08:25:41.900,55181.35117939,24.0,GU-CMa_387982_2009-12-16T08:16:07.022_S0.5x11_1x1_UVB_NOD,ESO-VLT-U2,"ECHELLE,SLIT,NODDING",["387982"],IDP,XS_SFLX_387982_2009-12-16T08:16:07.022_S0.5x11_1x1_UVB_NOD.fits,,,true
http://archive.eso.org/datalink/links?ID=ivo://eso.org/ID?ADP.2014-05-13T15:30:09.520,,SPECTRUM,SPECTRUM (FLUX CALIBRATED),XSHOOTER,La Silla Paranal APEX,Non-solar,55181.34394587,2009-12-16T08:15:16.923,1.0,"[gte:994.02, lte:2478.96]",11424.0,,["084.C-0952"],"["OUDMAIJER, R.D."]","ESO, PHASE3",XSHOOTER,GU-CMa,,2014-05-13T00:00:00.000,POSITION J2000 105.45636 -11.30078,105.45636,-11.30078,ADP.2014-05-13T15:30:09.520,1,2011-04-09T13:14:14.227,435687,1350,,17.7,224.17104,-2.855243,,,,,,2,2009-12-16T08:15:17.923,55181.34395744,1.0,GU-CMa_387982_2009-12-16T08:15:16.923_S0.4x11_NIR_STA,ESO-VLT-U2,"ECHELLE,SLIT,STARE",["387982"],IDP,XS_SFLX_387982_2009-12-16T08:15:16.923_S0.4x11_NIR_STA.fits,,,true
http://archive.eso.org/datalink/links?ID=ivo://eso.org/ID?ADP.2014-05-13T15:30:09.533,,SPECTRUM,SPECTRUM (FLUX CALIBRATED),XSHOOTER,La Silla Paranal APEX,Non-solar,55181.34390655,2009-12-16T08:15:13.527,1.0,"[gte:533.66, lte:1020.0]",18340.0,,["084.C-0952"],"["OUDMAIJER, R.D."]","ESO, PHASE3",XSHOOTER,GU-CMa,,2014-05-13T00:00:00.000,POSITION J2000 105.45636 -11.30078,105.45636,-11.30078,ADP.2014-05-13T15:30:09.533,1,2011-04-09T13:14:14.203,435682,1321,,56.3,224.171039,-2.855242,,,,,,2,2009-12-16T08:15:14.527,55181.34391812,1.0,GU-CMa_387982_2009-12-16T08:15:13.526_S0.4x11_1x1_VIS_STA,ESO-VLT-U2,"ECHELLE,SLIT,STARE",["387982"],IDP,XS_SFLX_387982_2009-12-16T08:15:13.526_S0.4x11_1x1_VIS_STA.fits,,,true
http://archive.eso.org/datalink/links?ID=ivo://eso.org/ID?ADP.2014-05-13T15:30:09.313,,SPECTRUM,SPECTRUM (FLUX CALIBRATED),XSHOOTER,La Silla Paranal APEX,Non-solar,55181.34384659,2009-12-16T08:15:08.347,1.0,"[gte:298.92, lte:555.98]",9861.0,,["084.C-0952"],"["OUDMAIJER, R.D."]","ESO, PHASE3",XSHOOTER,GU-CMa,,2014-05-13T00:00:00.000,POSITION J2000 105.45636 -11.30078,105.45636,-11.30078,ADP.2014-05-13T15:30:09.313,1,2011-04-09T13:14:14.110,435701,722,,89.7,224.171039,-2.855242,,,,,,2,2009-12-16T08:15:09.347,55181.34385816,1.0,GU-CMa_387982_2009-12-16T08:15:08.345_S0.5x11_1x1_UVB_STA,ESO-VLT-U2,"ECHELLE,SLIT,STARE",["387982"],IDP,XS_SFLX_387982_2009-12-16T08:15:08.345_S0.5x11_1x1_UVB_STA.fits,,,true
http://archive.eso.org/datalink/links?ID=ivo://eso.org/ID?ADP.2014-05-13T15:30:09.607,,SPECTRUM,SPECTRUM (FLUX CALIBRATED),XSHOOTER,La Silla Paranal APEX,Non-solar,55181.35517974,2009-12-16T08:31:27.530,1.0,"[gte:533.66, lte:1020.0]",18340.0,,["084.C-0952"],"["OUDMAIJER, R.D."]","ESO, PHASE3",XSHOOTER,GU-CMa,,2014-05-13T00:00:00.000,POSITION J2000 105.456374 -11.30072,105.456374,-11.30072,ADP.2014-05-13T15:30:09.607,1,2011-04-09T13:14:15.767,435688,1321,,59.9,224.170992,-2.855203,,,,,,2,2009-12-16T08:31:28.530,55181.35519131,1.0,GU-CMa_387982_2009-12-16T08:31:27.530_S0.4x11_1x1_VIS_STA,ESO-VLT-U2,"ECHELLE,SLIT,STARE",["387982"],IDP,XS_SFLX_387982_2009-12-16T08:31:27.530_S0.4x11_1x1_VIS_STA.fits,,,true
http://archive.eso.org/datalink/links?ID=ivo://eso.org/ID?ADP.2014-05-13T15:30:09.447,,SPECTRUM,SPECTRUM (FLUX CALIBRATED),XSHOOTER,La Silla Paranal APEX,Non-solar,55181.35501893,2009-12-16T08:31:13.637,1.0,"[gte:994.02, lte:2478.96]",11424.0,,["084.C-0952"],"["OUDMAIJER, R.D."]","ESO, PHASE3",XSHOOTER,GU-CMa,,2014-05-13T00:00:00.000,POSITION J2000 105.456374 -11.30072,105.456374,-11.30072,ADP.2014-05-13T15:30:09.447,1,2011-04-09T13:14:15.737,435699,1350,,26.9,224.170993,-2.855203,,,,,,2,2009-12-16T08:31:14.637,55181.3550305,1.0,GU-CMa_387982_2009-12-16T08:31:13.636_S0.4x11_NIR_STA,ESO-VLT-U2,"ECHELLE,SLIT,STARE",["387982"],IDP,XS_SFLX_387982_2009-12-16T08:31:13.636_S0.4x11_NIR_STA.fits,,,truehttp://archive.eso.org/datalink/links?ID=ivo://eso.org/ID?ADP.2014-05-15T08:52:44.130,,SPECTRUM,SPECTRUM (FLUX CALIBRATED),XSHOOTER,La Silla Paranal APEX,Non-solar,55226.25471634,2010-01-30T06:06:47.493,1200.0,"[gte:994.02, lte:2478.96]",11424.0,,["084.C-0952"],"["OUDMAIJER, R.D."]","ESO, PHASE3",XSHOOTER,LkHa-218,,2014-05-15T00:00:00.000,POSITION J2000 105.678097 -11.43676,105.678097,-11.43676,ADP.2014-05-15T08:52:44.130,1,2011-04-09T13:14:14.033,436943,1347,,141.1,224.391429,-2.723748,,,,,,2,2010-01-30T06:29:21.107,55226.27038318,1200.0,LkHa-218_387980_2010-01-30T06:06:47.492_S0.4x11_NIR_NOD,ESO-VLT-U2,"ECHELLE,SLIT,NODDING",["387980"],IDP,XS_SFLX_387980_2010-01-30T06:06:47.492_S0.4x11_NIR_NOD.fits,,,true
http://archive.eso.org/datalink/links?ID=ivo://eso.org/ID?ADP.2014-05-15T08:52:43.710,,SPECTRUM,SPECTRUM (FLUX CALIBRATED),XSHOOTER,La Silla Paranal APEX,Non-solar,55226.25468003,2010-01-30T06:06:44.357,1200.0,"[gte:533.66, lte:1020.0]",18340.0,,["084.C-0952"],"["OUDMAIJER, R.D."]","ESO, PHASE3",XSHOOTER,LkHa-218,,2014-05-15T00:00:00.000,POSITION J2000 105.678097 -11.43676,105.678097,-11.43676,ADP.2014-05-15T08:52:43.710,1,2011-04-09T13:14:14.010,436966,1319,,247.8,224.391429,-2.723747,,,,,,2,2010-01-30T06:29:18.493,55226.27035292,1200.0,LkHa-218_387980_2010-01-30T06:06:44.355_S0.4x11_1x1_VIS_NOD,ESO-VLT-U2,"ECHELLE,SLIT,NODDING",["387980"],IDP,XS_SFLX_387980_2010-01-30T06:06:44.355_S0.4x11_1x1_VIS_NOD.fits,,,true
http://archive.eso.org/datalink/links?ID=ivo://eso.org/ID?ADP.2014-05-15T08:52:44.497,,SPECTRUM,SPECTRUM (FLUX CALIBRATED),XSHOOTER,La Silla Paranal APEX,Non-solar,55226.25460502,2010-01-30T06:06:37.873,1200.0,"[gte:298.92, lte:555.98]",9861.0,,["084.C-0952"],"["OUDMAIJER, R.D."]","ESO, PHASE3",XSHOOTER,LkHa-218,,2014-05-15T00:00:00.000,POSITION J2000 105.678097 -11.43676,105.678097,-11.43676,ADP.2014-05-15T08:52:44.497,1,2011-04-09T13:14:13.977,436957,722,,190.7,224.391429,-2.723747,,,,,,2,2010-01-30T06:29:13.323,55226.27029308,1200.0,LkHa-218_387980_2010-01-30T06:06:37.874_S0.5x11_1x1_UVB_NOD,ESO-VLT-U2,"ECHELLE,SLIT,NODDING",["387980"],IDP,XS_SFLX_387980_2010-01-30T06:06:37.874_S0.5x11_1x1_UVB_NOD.fits,,,true
http://archive.eso.org/datalink/links?ID=ivo://eso.org/ID?ADP.2014-05-15T08:52:43.703,,SPECTRUM,SPECTRUM (FLUX CALIBRATED),XSHOOTER,La Silla Paranal APEX,Non-solar,55226.2494663,2010-01-30T05:59:13.887,1.0,"[gte:994.02, lte:2478.96]",11424.0,,["084.C-0952"],"["OUDMAIJER, R.D."]","ESO, PHASE3",XSHOOTER,LkHa-218,,2014-05-15T00:00:00.000,POSITION J2000 105.677376 -11.43644,105.677376,-11.43644,ADP.2014-05-15T08:52:43.703,1,2011-04-09T13:14:13.703,436963,1350,,1.5,224.390821,-2.72423,,,,,,2,2010-01-30T05:59:14.887,55226.24947787,1.0,LkHa-218_387980_2010-01-30T05:59:13.888_S0.4x11_NIR_STA,ESO-VLT-U2,"ECHELLE,SLIT,STARE",["387980"],IDP,XS_SFLX_387980_2010-01-30T05:59:13.888_S0.4x11_NIR_STA.fits,,,true
http://archive.eso.org/datalink/links?ID=ivo://eso.org/ID?ADP.2014-05-15T08:52:44.437,,SPECTRUM,SPECTRUM (FLUX CALIBRATED),XSHOOTER,La Silla Paranal APEX,Non-solar,55226.2494312,2010-01-30T05:59:10.857,60.0,"[gte:533.66, lte:1020.0]",18340.0,,["084.C-0952"],"["OUDMAIJER, R.D."]","ESO, PHASE3",XSHOOTER,LkHa-218,,2014-05-15T00:00:00.000,POSITION J2000 105.677376 -11.43644,105.677376,-11.43644,ADP.2014-05-15T08:52:44.437,1,2011-04-09T13:14:13.650,436950,1321,,49.4,224.390821,-2.72423,,,,,,2,2010-01-30T06:00:10.857,55226.25012564,60.0,LkHa-218_387980_2010-01-30T05:59:10.856_S0.4x11_1x1_VIS_STA,ESO-VLT-U2,"ECHELLE,SLIT,STARE",["387980"],IDP,XS_SFLX_387980_2010-01-30T05:59:10.856_S0.4x11_1x1_VIS_STA.fits,,,truehttp://archive.eso.org/datalink/links?ID=ivo://eso.org/ID?ADP.2014-05-15T14:17:15.383,,SPECTRUM,SPECTRUM (FLUX CALIBRATED),XSHOOTER,La Silla Paranal APEX,Non-solar,55251.09313472,2010-02-24T02:14:06.840,266.04,"[gte:994.02, lte:2478.96]",11424.0,,["084.C-0952"],"["OUDMAIJER, R.D."]","ESO, PHASE3",XSHOOTER,Z-CMa,,2014-05-15T00:00:00.000,POSITION J2000 105.930165 -11.55187,105.930165,-11.55187,ADP.2014-05-15T14:17:15.383,1,2011-04-09T13:14:13.270,437567,1350,,243.2,224.606823,-2.556507,,,,,,2,2010-02-24T02:30:41.143,55251.10464287,266.04,Z-CMa_387978_2010-02-24T02:14:06.840_S0.4x11_NIR_NOD,ESO-VLT-U2,"ECHELLE,SLIT,NODDING",["387978"],IDP,XS_SFLX_387978_2010-02-24T02:14:06.840_S0.4x11_NIR_NOD.fits,,,true
http://archive.eso.org/datalink/links?ID=ivo://eso.org/ID?ADP.2014-05-15T14:17:15.170,,SPECTRUM,SPECTRUM (FLUX CALIBRATED),XSHOOTER,La Silla Paranal APEX,Non-solar,55251.09310201,2010-02-24T02:14:04.013,120.0,"[gte:533.66, lte:1020.0]",18340.0,,["084.C-0952"],"["OUDMAIJER, R.D."]","ESO, PHASE3",XSHOOTER,Z-CMa,,2014-05-15T00:00:00.000,POSITION J2000 105.930165 -11.55187,105.930165,-11.55187,ADP.2014-05-15T14:17:15.170,1,2011-04-09T13:14:13.147,437551,1321,,169.0,224.606822,-2.556506,,,,,,2,2010-02-24T02:28:51.500,55251.10337383,120.0,Z-CMa_387978_2010-02-24T02:14:04.014_S0.4x11_1x1_VIS_NOD,ESO-VLT-U2,"ECHELLE,SLIT,NODDING",["387978"],IDP,XS_SFLX_387978_2010-02-24T02:14:04.014_S0.4x11_1x1_VIS_NOD.fits,,,true
http://archive.eso.org/datalink/links?ID=ivo://eso.org/ID?ADP.2014-05-15T14:17:14.630,,SPECTRUM,SPECTRUM (FLUX CALIBRATED),XSHOOTER,La Silla Paranal APEX,Non-solar,55251.09304148,2010-02-24T02:13:58.783,600.0,"[gte:298.92, lte:555.98]",9861.0,,["084.C-0952"],"["OUDMAIJER, R.D."]","ESO, PHASE3",XSHOOTER,Z-CMa,,2014-05-15T00:00:00.000,POSITION J2000 105.930165 -11.55187,105.930165,-11.55187,ADP.2014-05-15T14:17:14.630,1,2011-04-09T13:14:13.173,437584,722,,307.6,224.606822,-2.556506,,,,,,2,2010-02-24T02:30:02.940,55251.10420068,600.0,Z-CMa_387978_2010-02-24T02:13:58.784_S0.5x11_1x1_UVB_NOD,ESO-VLT-U2,"ECHELLE,SLIT,NODDING",["387978"],IDP,XS_SFLX_387978_2010-02-24T02:13:58.784_S0.5x11_1x1_UVB_NOD.fits,,,true
http://archive.eso.org/datalink/links?ID=ivo://eso.org/ID?ADP.2024-01-23T07:49:45.308,,SPECTRUM,SPECTRUM (FLUX CALIBRATED),XSHOOTER,La Silla Paranal APEX,Non-solar,60322.16934505,2024-01-13T04:03:51.413,60.0,"[gte:994.02, lte:2478.96]",11424.0,,["112.25PH"],"["LABDON, AARON"]","ESO, PHASE3",XSHOOTER,V Z CMa,,2024-01-23T07:54:24.000,POSITION J2000 105.92983 -11.55179,105.92983,-11.55179,ADP.2024-01-23T07:49:45.308,1,2025-01-13T04:11:08.000,15942111,1368,,402.8,224.606536,-2.556722,,,,,,2,2024-01-13T04:04:51.413,60322.17003949,60.0,VZCMa_3713228_2024-01-13T04:03:51.412_S0.4x11_NIR_STA,ESO-VLT-U3,"ECHELLE,SLIT,STARE",["3713228"],IDP,XS_SFLX_3713228_2024-01-13T04:03:51.412_S0.4x11_NIR_STA.fits,,,true
http://archive.eso.org/datalink/links?ID=ivo://eso.org/ID?ADP.2024-01-23T07:49:45.303,,SPECTRUM,SPECTRUM (FLUX CALIBRATED),XSHOOTER,La Silla Paranal APEX,Non-solar,60322.16931099,2024-01-13T04:03:48.470,2.0,"[gte:533.66, lte:1020.0]",18340.0,,["112.25PH"],"["LABDON, AARON"]","ESO, PHASE3",XSHOOTER,V Z CMa,,2024-01-23T07:54:24.000,POSITION J2000 105.92983 -11.55179,105.92983,-11.55179,ADP.2024-01-23T07:49:45.303,1,2025-01-13T04:11:08.000,15942110,1339,,58.1,224.606536,-2.556722,,,,,,2,2024-01-13T04:03:50.470,60322.16933414,2.0,VZCMa_3713228_2024-01-13T04:03:48.470_S0.4x11_1x2_VIS_STA,ESO-VLT-U3,"ECHELLE,SLIT,STARE",["3713228"],IDP,XS_SFLX_3713228_2024-01-13T04:03:48.470_S0.4x11_1x2_VIS_STA.fits,,,true
http://archive.eso.org/datalink/links?ID=ivo://eso.org/ID?ADP.2024-01-23T07:49:45.299,,SPECTRUM,SPECTRUM (FLUX CALIBRATED),XSHOOTER,La Silla Paranal APEX,Non-solar,60322.16924142,2024-01-13T04:03:42.460,2.0,"[gte:298.92, lte:555.98]",9861.0,,["112.25PH"],"["LABDON, AARON"]","ESO, PHASE3",XSHOOTER,V Z CMa,,2024-01-23T07:54:24.000,POSITION J2000 105.92983 -11.55179,105.92983,-11.55179,ADP.2024-01-23T07:49:45.299,1,2025-01-13T04:11:08.000,15942109,743,,32.6,224.606536,-2.556722,,,,,,2,2024-01-13T04:03:44.460,60322.16926457,2.0,VZCMa_3713228_2024-01-13T04:03:42.459_S0.5x11_1x2_UVB_STA,ESO-VLT-U3,"ECHELLE,SLIT,STARE",["3713228"],IDP,XS_SFLX_3713228_2024-01-13T04:03:42.459_S0.5x11_1x2_UVB_STA.fits,,,true
http://archive.eso.org/datalink/links?ID=ivo://eso.org/ID?ADP.2024-01-23T07:49:45.294,,SPECTRUM,SPECTRUM (FLUX CALIBRATED),XSHOOTER,La Silla Paranal APEX,Non-solar,60322.16738917,2024-01-13T04:01:02.423,10.0,"[gte:533.66, lte:1020.0]",18340.0,,["112.25PH"],"["LABDON, AARON"]","ESO, PHASE3",XSHOOTER,V Z CMa,,2024-01-23T07:54:24.000,POSITION J2000 105.92983 -11.55179,105.92983,-11.55179,ADP.2024-01-23T07:49:45.294,1,2025-01-13T04:11:08.000,15942108,1339,,141.8,224.606536,-2.556722,,,,,,2,2024-01-13T04:01:12.423,60322.16750491,10.0,VZCMa_3713228_2024-01-13T04:01:02.424_S0.4x11_1x2_VIS_STA,ESO-VLT-U3,"ECHELLE,SLIT,STARE",["3713228"],IDP,XS_SFLX_3713228_2024-01-13T04:01:02.424_S0.4x11_1x2_VIS_STA.fits,,,true
http://archive.eso.org/datalink/links?ID=ivo://eso.org/ID?ADP.2024-01-23T07:49:45.290,,SPECTRUM,SPECTRUM (FLUX CALIBRATED),XSHOOTER,La Silla Paranal APEX,Non-solar,60322.16731393,2024-01-13T04:00:55.923,10.0,"[gte:298.92, lte:555.98]",9861.0,,["112.25PH"],"["LABDON, AARON"]","ESO, PHASE3",XSHOOTER,V Z CMa,,2024-01-23T07:54:24.000,POSITION J2000 105.92983 -11.55179,105.92983,-11.55179,ADP.2024-01-23T07:49:45.290,1,2025-01-13T04:11:08.000,15942107,743,,82.7,224.606536,-2.556722,,,,,,2,2024-01-13T04:01:05.923,60322.16742967,10.0,VZCMa_3713228_2024-01-13T04:00:55.924_S0.5x11_1x2_UVB_STA,ESO-VLT-U3,"ECHELLE,SLIT,STARE",["3713228"],IDP,XS_SFLX_3713228_2024-01-13T04:00:55.924_S0.5x11_1x2_UVB_STA.fits,,,true
http://archive.eso.org/datalink/links?ID=ivo://eso.org/ID?ADP.2024-01-23T07:49:45.286,,SPECTRUM,SPECTRUM (FLUX CALIBRATED),XSHOOTER,La Silla Paranal APEX,Non-solar,60322.16662786,2024-01-13T03:59:56.647,20.0,"[gte:994.02, lte:2478.96]",11424.0,,["112.25PH"],"["LABDON, AARON"]","ESO, PHASE3",XSHOOTER,V Z CMa,,2024-01-23T07:54:24.000,POSITION J2000 105.92983 -11.55179,105.92983,-11.55179,ADP.2024-01-23T07:49:45.286,1,2025-01-13T04:11:08.000,15942106,1368,,293.2,224.606536,-2.556722,,,,,,2,2024-01-13T04:00:16.647,60322.16685934,20.0,VZCMa_3713228_2024-01-13T03:59:56.647_S0.4x11_NIR_STA,ESO-VLT-U3,"ECHELLE,SLIT,STARE",["3713228"],IDP,XS_SFLX_3713228_2024-01-13T03:59:56.647_S0.4x11_NIR_STA.fits,,,true
http://archive.eso.org/datalink/links?ID=ivo://eso.org/ID?ADP.2024-01-23T07:49:45.282,,SPECTRUM,SPECTRUM (FLUX CALIBRATED),XSHOOTER,La Silla Paranal APEX,Non-solar,60322.16628514,2024-01-13T03:59:27.037,20.0,"[gte:994.02, lte:2478.96]",11424.0,,["112.25PH"],"["LABDON, AARON"]","ESO, PHASE3",XSHOOTER,V Z CMa,,2024-01-23T07:54:24.000,POSITION J2000 105.92983 -11.55179,105.92983,-11.55179,ADP.2024-01-23T07:49:45.282,1,2025-01-13T04:06:51.000,15942105,1368,,289.5,224.606536,-2.556722,,,,,,2,2024-01-13T03:59:47.037,60322.16651662,20.0,VZCMa_3713228_2024-01-13T03:59:27.036_S0.4x11_NIR_STA,ESO-VLT-U3,"ECHELLE,SLIT,STARE",["3713228"],IDP,XS_SFLX_3713228_2024-01-13T03:59:27.036_S0.4x11_NIR_STA.fits,,,true
http://archive.eso.org/datalink/links?ID=ivo://eso.org/ID?ADP.2024-01-23T07:49:45.277,,SPECTRUM,SPECTRUM (FLUX CALIBRATED),XSHOOTER,La Silla Paranal APEX,Non-solar,60322.16624682,2024-01-13T03:59:23.727,10.0,"[gte:533.66, lte:1020.0]",18340.0,,["112.25PH"],"["LABDON, AARON"]","ESO, PHASE3",XSHOOTER,V Z CMa,,2024-01-23T07:54:24.000,POSITION J2000 105.92983 -11.55179,105.92983,-11.55179,ADP.2024-01-23T07:49:45.277,1,2025-01-13T04:11:08.000,15942104,1339,,130.4,224.606536,-2.556722,,,,,,2,2024-01-13T03:59:33.727,60322.16636256,10.0,VZCMa_3713228_2024-01-13T03:59:23.725_S0.4x11_1x2_VIS_STA,ESO-VLT-U3,"ECHELLE,SLIT,STARE",["3713228"],IDP,XS_SFLX_3713228_2024-01-13T03:59:23.725_S0.4x11_1x2_VIS_STA.fits,,,true
http://archive.eso.org/datalink/links?ID=ivo://eso.org/ID?ADP.2024-01-23T07:49:45.273,,SPECTRUM,SPECTRUM (FLUX CALIBRATED),XSHOOTER,La Silla Paranal APEX,Non-solar,60322.16618686,2024-01-13T03:59:18.547,10.0,"[gte:298.92, lte:555.98]",9861.0,,["112.25PH"],"["LABDON, AARON"]","ESO, PHASE3",XSHOOTER,V Z CMa,,2024-01-23T07:54:24.000,POSITION J2000 105.92983 -11.55179,105.92983,-11.55179,ADP.2024-01-23T07:49:45.273,1,2025-01-13T04:06:51.000,15942103,743,,74.1,224.606536,-2.556722,,,,,,2,2024-01-13T03:59:28.547,60322.16630261,10.0,VZCMa_3713228_2024-01-13T03:59:18.545_S0.5x11_1x2_UVB_STA,ESO-VLT-U3,"ECHELLE,SLIT,STARE",["3713228"],IDP,XS_SFLX_3713228_2024-01-13T03:59:18.545_S0.5x11_1x2_UVB_STA.fits,,,true
http://archive.eso.org/datalink/links?ID=ivo://eso.org/ID?ADP.2024-01-23T07:49:45.268,,SPECTRUM,SPECTRUM (FLUX CALIBRATED),XSHOOTER,La Silla Paranal APEX,Non-solar,60322.16399848,2024-01-13T03:56:09.467,50.0,"[gte:533.66, lte:1020.0]",18340.0,,["112.25PH"],"["LABDON, AARON"]","ESO, PHASE3",XSHOOTER,V Z CMa,,2024-01-23T07:54:24.000,POSITION J2000 105.92983 -11.55179,105.92983,-11.55179,ADP.2024-01-23T07:49:45.268,1,2025-01-13T04:06:51.000,15942102,1339,,279.1,224.606536,-2.556722,,,,,,2,2024-01-13T03:56:59.467,60322.16457718,50.0,VZCMa_3713228_2024-01-13T03:56:09.469_S0.4x11_1x2_VIS_STA,ESO-VLT-U3,"ECHELLE,SLIT,STARE",["3713228"],IDP,XS_SFLX_3713228_2024-01-13T03:56:09.469_S0.4x11_1x2_VIS_STA.fits,,,true
http://archive.eso.org/datalink/links?ID=ivo://eso.org/ID?ADP.2024-01-23T07:49:45.264,,SPECTRUM,SPECTRUM (FLUX CALIBRATED),XSHOOTER,La Silla Paranal APEX,Non-solar,60322.16392683,2024-01-13T03:56:03.277,50.0,"[gte:298.92, lte:555.98]",9861.0,,["112.25PH"],"["LABDON, AARON"]","ESO, PHASE3",XSHOOTER,V Z CMa,,2024-01-23T07:54:24.000,POSITION J2000 105.92983 -11.55179,105.92983,-11.55179,ADP.2024-01-23T07:49:45.264,1,2025-01-13T04:06:51.000,15942101,743,,175.0,224.606536,-2.556722,,,,,,2,2024-01-13T03:56:53.277,60322.16450553,50.0,VZCMa_3713228_2024-01-13T03:56:03.278_S0.5x11_1x2_UVB_STA,ESO-VLT-U3,"ECHELLE,SLIT,STARE",["3713228"],IDP,XS_SFLX_3713228_2024-01-13T03:56:03.278_S0.5x11_1x2_UVB_STA.fits,,,true
http://archive.eso.org/datalink/links?ID=ivo://eso.org/ID?ADP.2024-01-23T07:49:45.260,,SPECTRUM,SPECTRUM (FLUX CALIBRATED),XSHOOTER,La Silla Paranal APEX,Non-solar,60322.16322836,2024-01-13T03:55:02.930,60.0,"[gte:994.02, lte:2478.96]",11424.0,,["112.25PH"],"["LABDON, AARON"]","ESO, PHASE3",XSHOOTER,V Z CMa,,2024-01-23T07:54:24.000,POSITION J2000 105.92983 -11.55179,105.92983,-11.55179,ADP.2024-01-23T07:49:45.260,1,2025-01-13T04:01:13.000,15942100,1368,,403.8,224.606536,-2.556722,,,,,,2,2024-01-13T03:56:02.930,60322.1639228,60.0,VZCMa_3713228_2024-01-13T03:55:02.930_S0.4x11_NIR_STA,ESO-VLT-U3,"ECHELLE,SLIT,STARE",["3713228"],IDP,XS_SFLX_3713228_2024-01-13T03:55:02.930_S0.4x11_NIR_STA.fits,,,true
http://archive.eso.org/datalink/links?ID=ivo://eso.org/ID?ADP.2024-01-23T07:49:45.256,,SPECTRUM,SPECTRUM (FLUX CALIBRATED),XSHOOTER,La Silla Paranal APEX,Non-solar,60322.16242265,2024-01-13T03:53:53.317,60.0,"[gte:994.02, lte:2478.96]",11424.0,,["112.25PH"],"["LABDON, AARON"]","ESO, PHASE3",XSHOOTER,V Z CMa,,2024-01-23T07:54:24.000,POSITION J2000 105.92983 -11.55179,105.92983,-11.55179,ADP.2024-01-23T07:49:45.256,1,2025-01-13T04:01:13.000,15942099,1368,,408.7,224.606536,-2.556722,,,,,,2,2024-01-13T03:54:53.317,60322.16311709,60.0,VZCMa_3713228_2024-01-13T03:53:53.317_S0.4x11_NIR_STA,ESO-VLT-U3,"ECHELLE,SLIT,STARE",["3713228"],IDP,XS_SFLX_3713228_2024-01-13T03:53:53.317_S0.4x11_NIR_STA.fits,,,true
http://archive.eso.org/datalink/links?ID=ivo://eso.org/ID?ADP.2024-01-23T07:49:45.251,,SPECTRUM,SPECTRUM (FLUX CALIBRATED),XSHOOTER,La Silla Paranal APEX,Non-solar,60322.16239069,2024-01-13T03:53:50.557,50.0,"[gte:533.66, lte:1020.0]",18340.0,,["112.25PH"],"["LABDON, AARON"]","ESO, PHASE3",XSHOOTER,V Z CMa,,2024-01-23T07:54:24.000,POSITION J2000 105.92983 -11.55179,105.92983,-11.55179,ADP.2024-01-23T07:49:45.251,1,2025-01-13T04:01:13.000,15942098,1339,,269.7,224.606536,-2.556722,,,,,,2,2024-01-13T03:54:40.557,60322.1629694,50.0,VZCMa_3713228_2024-01-13T03:53:50.556_S0.4x11_1x2_VIS_STA,ESO-VLT-U3,"ECHELLE,SLIT,STARE",["3713228"],IDP,XS_SFLX_3713228_2024-01-13T03:53:50.556_S0.4x11_1x2_VIS_STA.fits,,,true
http://archive.eso.org/datalink/links?ID=ivo://eso.org/ID?ADP.2024-01-23T07:49:45.247,,SPECTRUM,SPECTRUM (FLUX CALIBRATED),XSHOOTER,La Silla Paranal APEX,Non-solar,60322.16233108,2024-01-13T03:53:45.407,50.0,"[gte:298.92, lte:555.98]",9861.0,,["112.25PH"],"["LABDON, AARON"]","ESO, PHASE3",XSHOOTER,V Z CMa,,2024-01-23T07:54:24.000,POSITION J2000 105.92983 -11.55179,105.92983,-11.55179,ADP.2024-01-23T07:49:45.247,1,2025-01-13T04:01:13.000,15942097,743,,165.6,224.606536,-2.556722,,,,,,2,2024-01-13T03:54:35.407,60322.16290979,50.0,VZCMa_3713228_2024-01-13T03:53:45.405_S0.5x11_1x2_UVB_STA,ESO-VLT-U3,"ECHELLE,SLIT,STARE",["3713228"],IDP,XS_SFLX_3713228_2024-01-13T03:53:45.405_S0.5x11_1x2_UVB_STA.fits,,,true
http://archive.eso.org/datalink/links?ID=ivo://eso.org/ID?ADP.2014-05-15T14:17:15.850,,SPECTRUM,SPECTRUM (FLUX CALIBRATED),XSHOOTER,La Silla Paranal APEX,Non-solar,55251.09247561,2010-02-24T02:13:09.893,1.0,"[gte:994.02, lte:2478.96]",11424.0,,["084.C-0952"],"["OUDMAIJER, R.D."]","ESO, PHASE3",XSHOOTER,Z-CMa,,2014-05-15T00:00:00.000,POSITION J2000 105.92985 -11.55141,105.92985,-11.55141,ADP.2014-05-15T14:17:15.850,1,2011-04-09T13:14:11.820,437545,1350,,105.2,224.606272,-2.556571,,,,,,2,2010-02-24T02:13:10.893,55251.09248718,1.0,Z-CMa_387978_2010-02-24T02:13:09.893_S0.4x11_NIR_STA,ESO-VLT-U2,"ECHELLE,SLIT,STARE",["387978"],IDP,XS_SFLX_387978_2010-02-24T02:13:09.893_S0.4x11_NIR_STA.fits,,,true
http://archive.eso.org/datalink/links?ID=ivo://eso.org/ID?ADP.2014-05-15T14:17:15.117,,SPECTRUM,SPECTRUM (FLUX CALIBRATED),XSHOOTER,La Silla Paranal APEX,Non-solar,55251.09243749,2010-02-24T02:13:06.600,1.0,"[gte:533.66, lte:1020.0]",18340.0,,["084.C-0952"],"["OUDMAIJER, R.D."]","ESO, PHASE3",XSHOOTER,Z-CMa,,2014-05-15T00:00:00.000,POSITION J2000 105.92985 -11.55141,105.92985,-11.55141,ADP.2014-05-15T14:17:15.117,1,2011-04-09T13:14:11.790,437569,1321,,16.9,224.606272,-2.556571,,,,,,2,2010-02-24T02:13:07.600,55251.09244906,1.0,Z-CMa_387978_2010-02-24T02:13:06.599_S0.4x11_1x1_VIS_STA,ESO-VLT-U2,"ECHELLE,SLIT,STARE",["387978"],IDP,XS_SFLX_387978_2010-02-24T02:13:06.599_S0.4x11_1x1_VIS_STA.fits,,,true
http://archive.eso.org/datalink/links?ID=ivo://eso.org/ID?ADP.2014-05-15T14:17:15.843,,SPECTRUM,SPECTRUM (FLUX CALIBRATED),XSHOOTER,La Silla Paranal APEX,Non-solar,55251.09237718,2010-02-24T02:13:01.387,1.0,"[gte:298.92, lte:555.98]",9861.0,,["084.C-0952"],"["OUDMAIJER, R.D."]","ESO, PHASE3",XSHOOTER,Z-CMa,,2014-05-15T00:00:00.000,POSITION J2000 105.92985 -11.55141,105.92985,-11.55141,ADP.2014-05-15T14:17:15.843,1,2011-04-09T13:14:11.763,437547,722,,8.9,224.606272,-2.556571,,,,,,2,2010-02-24T02:13:02.387,55251.09238875,1.0,Z-CMa_387978_2010-02-24T02:13:01.388_S0.5x11_1x1_UVB_STA,ESO-VLT-U2,"ECHELLE,SLIT,STARE",["387978"],IDP,XS_SFLX_387978_2010-02-24T02:13:01.388_S0.5x11_1x1_UVB_STA.fits,,,true
http://archive.eso.org/datalink/links?ID=ivo://eso.org/ID?ADP.2020-03-05T10:47:20.115,,SPECTRUM,SPECTRUM (FLUX CALIBRATED),XSHOOTER,La Silla Paranal APEX,Non-solar,58899.20658943,2020-02-20T04:57:29.327,280.0,"[gte:994.02, lte:2478.96]",11424.0,,["0104.C-0698"],"["OUDMAIJER, R.D."]","ESO, PHASE3",XSHOOTER,G224.6065-02.5563,,2020-03-06T10:46:05.000,POSITION J2000 105.930592 -11.55185,105.930592,-11.55185,ADP.2020-03-05T10:47:20.115,1,2021-02-20T05:15:37.903,10435508,1368,,371.6,224.606996,-2.556126,,,,,,2,2020-02-20T05:07:51.390,58899.21378923,280.0,G224.6065-02.5563_2472650_2020-02-20T04:57:29.327_S0.4x11_NIR_NOD,ESO-VLT-U2,"ECHELLE,SLIT,NODDING",["2472650"],IDP,XS_SFLX_2472650_2020-02-20T04:57:29.327_S0.4x11_NIR_NOD.fits,,,true
http://archive.eso.org/datalink/links?ID=ivo://eso.org/ID?ADP.2020-03-05T10:47:20.034,,SPECTRUM,SPECTRUM (FLUX CALIBRATED),XSHOOTER,La Silla Paranal APEX,Non-solar,58899.20655363,2020-02-20T04:57:26.233,280.0,"[gte:533.66, lte:1020.0]",5040.0,,["0104.C-0698"],"["OUDMAIJER, R.D."]","ESO, PHASE3",XSHOOTER,G224.6065-02.5563,,2020-03-06T10:46:05.000,POSITION J2000 105.930592 -11.55185,105.930592,-11.55185,ADP.2020-03-05T10:47:20.034,1,2021-02-20T05:15:37.903,10435489,1339,,850.6,224.606996,-2.556126,,,,,,2,2020-02-20T05:07:47.453,58899.21374367,280.0,G224.6065-02.5563_2472650_2020-02-20T04:57:26.234_S1.5x11_2x2_VIS_NO,ESO-VLT-U2,"ECHELLE,SLIT,NODDING",["2472650"],IDP,XS_SFLX_2472650_2020-02-20T04:57:26.234_S1.5x11_2x2_VIS_NOD.fits,,,true
http://archive.eso.org/datalink/links?ID=ivo://eso.org/ID?ADP.2020-03-05T10:47:20.030,,SPECTRUM,SPECTRUM (FLUX CALIBRATED),XSHOOTER,La Silla Paranal APEX,Non-solar,58899.20649309,2020-02-20T04:57:21.003,280.0,"[gte:298.92, lte:555.98]",3251.0,,["0104.C-0698"],"["OUDMAIJER, R.D."]","ESO, PHASE3",XSHOOTER,G224.6065-02.5563,,2020-03-06T10:46:05.000,POSITION J2000 105.930592 -11.55185,105.930592,-11.55185,ADP.2020-03-05T10:47:20.030,1,2021-02-20T05:15:37.903,10435488,737,,608.6,224.606996,-2.556125,,,,,,2,2020-02-20T05:06:22.577,58899.21276128,280.0,G224.6065-02.5563_2472650_2020-02-20T04:57:21.003_S1.6x11_2x2_UVB_NO,ESO-VLT-U2,"ECHELLE,SLIT,NODDING",["2472650"],IDP,XS_SFLX_2472650_2020-02-20T04:57:21.003_S1.6x11_2x2_UVB_NOD.fits,,,true
http://archive.eso.org/datalink/links?ID=ivo://eso.org/ID?ADP.2014-05-17T16:39:55.613,,SPECTRUM,SPECTRUM (FLUX CALIBRATED),XSHOOTER,La Silla Paranal APEX,Non-solar,56337.21840721,2013-02-14T05:14:30.383,40.0,"[gte:994.02, lte:2478.96]",11424.0,,["090.D-0212"],"["TRAMPER, FRANK"]","ESO, PHASE3",XSHOOTER,Z_CMa,,2014-05-17T00:00:00.000,POSITION J2000 105.930642 -11.55151,105.930642,-11.55151,ADP.2014-05-17T16:39:55.613,1,2014-02-14T05:15:42.423,461900,1350,,516.7,224.606716,-2.555927,,,,,,2,2013-02-14T05:16:02.043,56337.21946808,40.0,Z_CMa_200259804_2013-02-14T05:14:30.383_S0.4x11_NIR_NOD,ESO-VLT-U2,"ECHELLE,SLIT,NODDING",["200259804"],IDP,XS_SFLX_200259804_2013-02-14T05:14:30.383_S0.4x11_NIR_NOD.fits,,,true
http://archive.eso.org/datalink/links?ID=ivo://eso.org/ID?ADP.2014-05-17T16:39:55.160,,SPECTRUM,SPECTRUM (FLUX CALIBRATED),XSHOOTER,La Silla Paranal APEX,Non-solar,56337.2183689,2013-02-14T05:14:27.073,40.0,"[gte:533.66, lte:1020.0]",18340.0,,["090.D-0212"],"["TRAMPER, FRANK"]","ESO, PHASE3",XSHOOTER,Z_CMa,,2014-05-17T00:00:00.000,POSITION J2000 105.930642 -11.55151,105.930642,-11.55151,ADP.2014-05-17T16:39:55.160,1,2014-02-14T05:15:39.210,461909,1321,,108.5,224.606716,-2.555926,,,,,,2,2013-02-14T05:15:59.210,56337.21943529,40.0,Z_CMa_200259804_2013-02-14T05:14:27.074_S0.4x11_1x1_VIS_NOD,ESO-VLT-U2,"ECHELLE,SLIT,NODDING",["200259804"],IDP,XS_SFLX_200259804_2013-02-14T05:14:27.074_S0.4x11_1x1_VIS_NOD.fits,,,true
http://archive.eso.org/datalink/links?ID=ivo://eso.org/ID?ADP.2014-05-17T16:39:55.240,,SPECTRUM,SPECTRUM (FLUX CALIBRATED),XSHOOTER,La Silla Paranal APEX,Non-solar,56337.2183086,2013-02-14T05:14:21.863,40.0,"[gte:298.92, lte:555.98]",9861.0,,["090.D-0212"],"["TRAMPER, FRANK"]","ESO, PHASE3",XSHOOTER,Z_CMa,,2014-05-17T00:00:00.000,POSITION J2000 105.930642 -11.55151,105.930642,-11.55151,ADP.2014-05-17T16:39:55.240,1,2014-02-14T05:15:33.990,461896,722,,53.6,224.606716,-2.555926,,,,,,2,2013-02-14T05:15:53.990,56337.21937487,40.0,Z_CMa_200259804_2013-02-14T05:14:21.863_S0.5x11_1x1_UVB_NOD,ESO-VLT-U2,"ECHELLE,SLIT,NODDING",["200259804"],IDP,XS_SFLX_200259804_2013-02-14T05:14:21.863_S0.5x11_1x1_UVB_NOD.fits,,,true
http://archive.eso.org/datalink/links?ID=ivo://eso.org/ID?ADP.2017-05-12T18:21:09.896,,SPECTRUM,SPECTRUM (FLUX CALIBRATED),XSHOOTER,La Silla Paranal APEX,Non-solar,57711.28090952,2016-11-19T06:44:30.583,280.0,"[gte:994.02, lte:2478.96]",11424.0,,["098.C-0636"],"["OUDMAIJER, R.D."]","ESO, PHASE3",XSHOOTER,G224.6065-02.5563,,2017-05-12T20:21:46.000,POSITION J2000 105.929285 -11.55298,105.929285,-11.55298,ADP.2017-05-12T18:21:09.896,1,2017-11-19T07:01:09.220,5834815,1368,,271.5,224.607417,-2.557781,,,,,,2,2016-11-19T06:54:49.047,57711.28806765,280.0,G224.6065-02.5563_1424380_2016-11-19T06:44:30.583_S0.4x11_NIR_NOD,ESO-VLT-U2,"ECHELLE,SLIT,NODDING",["1424380"],IDP,XS_SFLX_1424380_2016-11-19T06:44:30.583_S0.4x11_NIR_NOD.fits,,,true
http://archive.eso.org/datalink/links?ID=ivo://eso.org/ID?ADP.2017-05-12T18:21:09.822,,SPECTRUM,SPECTRUM (FLUX CALIBRATED),XSHOOTER,La Silla Paranal APEX,Non-solar,57711.28087207,2016-11-19T06:44:27.347,280.0,"[gte:533.66, lte:1020.0]",5040.0,,["098.C-0636"],"["OUDMAIJER, R.D."]","ESO, PHASE3",XSHOOTER,G224.6065-02.5563,,2017-05-12T20:21:46.000,POSITION J2000 105.929285 -11.55298,105.929285,-11.55298,ADP.2017-05-12T18:21:09.822,1,2017-11-19T07:01:09.220,5834798,1336,,639.0,224.607417,-2.557781,,,,,,2,2016-11-19T06:54:45.287,57711.28802414,280.0,G224.6065-02.5563_1424380_2016-11-19T06:44:27.347_S1.5x11_2x2_VIS_NO,ESO-VLT-U2,"ECHELLE,SLIT,NODDING",["1424380"],IDP,XS_SFLX_1424380_2016-11-19T06:44:27.347_S1.5x11_2x2_VIS_NOD.fits,,,truehttp://archive.eso.org/datalink/links?ID=ivo://eso.org/ID?ADP.2014-05-17T15:33:38.823,,SPECTRUM,SPECTRUM (FLUX CALIBRATED),XSHOOTER,La Silla Paranal APEX,Non-solar,56279.3270303,2012-12-18T07:50:55.417,72.0,"[gte:994.02, lte:2478.96]",1029.0,,["088.C-0218"],"["MENDIGUTIA, IGNACIO"]","ESO, PHASE3",XSHOOTER,LkHa 220,,2014-05-17T00:00:00.000,POSITION J2000 106.028412 -11.43541,106.028412,-11.43541,ADP.2014-05-17T15:33:38.823,1,2014-01-15T19:36:58.493,461106,1350,,70.2,224.547166,-2.417655,,,,,,2,2012-12-18T07:54:23.227,56279.3294355,72.0,LkHa220_763197_2012-12-18T07:50:55.418_S5.0x11_NIR_NOD,ESO-VLT-U2,"ECHELLE,SLIT,NODDING",["763197"],IDP,XS_SFLX_763197_2012-12-18T07:50:55.418_S5.0x11_NIR_NOD.fits,,,true
http://archive.eso.org/datalink/links?ID=ivo://eso.org/ID?ADP.2014-05-17T15:33:38.363,,SPECTRUM,SPECTRUM (FLUX CALIBRATED),XSHOOTER,La Silla Paranal APEX,Non-solar,56279.32700562,2012-12-18T07:50:53.287,160.0,"[gte:533.66, lte:1020.0]",1512.0,,["088.C-0218"],"["MENDIGUTIA, IGNACIO"]","ESO, PHASE3",XSHOOTER,LkHa 220,,2014-05-17T00:00:00.000,POSITION J2000 106.028412 -11.43541,106.028412,-11.43541,ADP.2014-05-17T15:33:38.363,1,2014-01-15T19:36:34.433,461086,1321,,307.8,224.547166,-2.417655,,,,,,2,2012-12-18T07:54:43.270,56279.32966749,160.0,LkHa220_763197_2012-12-18T07:50:53.286_S5.0x11_2x2_VIS_NOD,ESO-VLT-U2,"ECHELLE,SLIT,NODDING",["763197"],IDP,XS_SFLX_763197_2012-12-18T07:50:53.286_S5.0x11_2x2_VIS_NOD.fits,,,true
http://archive.eso.org/datalink/links?ID=ivo://eso.org/ID?ADP.2014-05-17T15:33:38.310,,SPECTRUM,SPECTRUM (FLUX CALIBRATED),XSHOOTER,La Silla Paranal APEX,Non-solar,56279.32694555,2012-12-18T07:50:48.097,80.0,"[gte:298.92, lte:555.98]",1040.0,,["088.C-0218"],"["MENDIGUTIA, IGNACIO"]","ESO, PHASE3",XSHOOTER,LkHa 220,,2014-05-17T00:00:00.000,POSITION J2000 106.028412 -11.43541,106.028412,-11.43541,ADP.2014-05-17T15:33:38.310,1,2014-01-15T19:36:25.380,461081,725,,243.5,224.547165,-2.417654,,,,,,2,2012-12-18T07:54:18.100,56279.32937617,80.0,LkHa220_763197_2012-12-18T07:50:48.096_S5.0x11_2x2_UVB_NOD,ESO-VLT-U2,"ECHELLE,SLIT,NODDING",["763197"],IDP,XS_SFLX_763197_2012-12-18T07:50:48.096_S5.0x11_2x2_UVB_NOD.fits,,,true
http://archive.eso.org/datalink/links?ID=ivo://eso.org/ID?ADP.2014-05-17T15:33:38.477,,SPECTRUM,SPECTRUM (FLUX CALIBRATED),XSHOOTER,La Silla Paranal APEX,Non-solar,56279.32141963,2012-12-18T07:42:50.657,120.0,"[gte:994.02, lte:2478.96]",5573.0,,["088.C-0218"],"["MENDIGUTIA, IGNACIO"]","ESO, PHASE3",XSHOOTER,LkHa 220,,2014-05-17T00:00:00.000,POSITION J2000 106.028412 -11.43541,106.028412,-11.43541,ADP.2014-05-17T15:33:38.477,1,2014-01-15T19:35:59.330,461105,1350,,115.7,224.547166,-2.417655,,,,,,2,2012-12-18T07:48:49.710,56279.32557533,120.0,LkHa220_763197_2012-12-18T07:42:50.656_S0.9x11_NIR_NOD,ESO-VLT-U2,"ECHELLE,SLIT,NODDING",["763197"],IDP,XS_SFLX_763197_2012-12-18T07:42:50.656_S0.9x11_NIR_NOD.fits,,,true
http://archive.eso.org/datalink/links?ID=ivo://eso.org/ID?ADP.2014-05-17T15:33:38.497,,SPECTRUM,SPECTRUM (FLUX CALIBRATED),XSHOOTER,La Silla Paranal APEX,Non-solar,56279.32139579,2012-12-18T07:42:48.597,280.0,"[gte:533.66, lte:1020.0]",8935.0,,["088.C-0218"],"["MENDIGUTIA, IGNACIO"]","ESO, PHASE3",XSHOOTER,LkHa 220,,2014-05-17T00:00:00.000,POSITION J2000 106.028412 -11.43541,106.028412,-11.43541,ADP.2014-05-17T15:33:38.497,1,2014-01-15T19:35:41.940,461082,1321,,177.3,224.547166,-2.417655,,,,,,2,2012-12-18T07:49:27.403,56279.32601161,280.0,LkHa220_763197_2012-12-18T07:42:48.597_S0.9x11_1x1_VIS_NOD,ESO-VLT-U2,"ECHELLE,SLIT,NODDING",["763197"],IDP,XS_SFLX_763197_2012-12-18T07:42:48.597_S0.9x11_1x1_VIS_NOD.fits,,,true
http://archive.eso.org/datalink/links?ID=ivo://eso.org/ID?ADP.2014-05-17T15:33:38.117,,SPECTRUM,SPECTRUM (FLUX CALIBRATED),XSHOOTER,La Silla Paranal APEX,Non-solar,56279.32133595,2012-12-18T07:42:43.427,160.0,"[gte:298.92, lte:555.98]",3251.0,,["088.C-0218"],"["MENDIGUTIA, IGNACIO"]","ESO, PHASE3",XSHOOTER,LkHa 220,,2014-05-17T00:00:00.000,POSITION J2000 106.028412 -11.43541,106.028412,-11.43541,ADP.2014-05-17T15:33:38.117,1,2014-01-15T19:35:17.490,461100,725,,160.9,224.547165,-2.417654,,,,,,2,2012-12-18T07:48:52.223,56279.32560443,160.0,LkHa220_763197_2012-12-18T07:42:43.426_S1.6x11_1x1_UVB_NOD,ESO-VLT-U2,"ECHELLE,SLIT,NODDING",["763197"],IDP,XS_SFLX_763197_2012-12-18T07:42:43.426_S1.6x11_1x1_UVB_NOD.fits,,,true
http://archive.eso.org/datalink/links?ID=ivo://eso.org/ID?ADP.2014-05-13T15:58:09.670,,SPECTRUM,SPECTRUM (FLUX CALIBRATED),XSHOOTER,La Silla Paranal APEX,Non-solar,55213.33755044,2010-01-17T08:06:04.357,1200.0,"[gte:994.02, lte:2478.96]",11424.0,,["084.C-0952"],"["OUDMAIJER, R.D."]","ESO, PHASE3",XSHOOTER,LkHa-220,,2014-05-13T00:00:00.000,POSITION J2000 106.028607 -11.43556,106.028607,-11.43556,ADP.2014-05-13T15:58:09.670,1,2011-04-09T13:14:11.600,436236,1347,,160.2,224.547387,-2.417553,,,,,,2,2010-01-17T08:28:40.503,55213.35324655,1200.0,LkHa-220_387976_2010-01-17T08:06:04.358_S0.4x11_NIR_NOD,ESO-VLT-U2,"ECHELLE,SLIT,NODDING",["387976"],IDP,XS_SFLX_387976_2010-01-17T08:06:04.358_S0.4x11_NIR_NOD.fits,,,true
http://archive.eso.org/datalink/links?ID=ivo://eso.org/ID?ADP.2014-05-13T15:58:09.617,,SPECTRUM,SPECTRUM (FLUX CALIBRATED),XSHOOTER,La Silla Paranal APEX,Non-solar,55213.33751322,2010-01-17T08:06:01.143,1200.0,"[gte:533.66, lte:1020.0]",18340.0,,["084.C-0952"],"["OUDMAIJER, R.D."]","ESO, PHASE3",XSHOOTER,LkHa-220,,2014-05-13T00:00:00.000,POSITION J2000 106.028607 -11.43556,106.028607,-11.43556,ADP.2014-05-13T15:58:09.617,1,2011-04-09T13:14:11.580,436224,1319,,221.2,224.547386,-2.417553,,,,,,2,2010-01-17T08:28:37.367,55213.35321024,1200.0,LkHa-220_387976_2010-01-17T08:06:01.142_S0.4x11_1x1_VIS_NOD,ESO-VLT-U2,"ECHELLE,SLIT,NODDING",["387976"],IDP,XS_SFLX_387976_2010-01-17T08:06:01.142_S0.4x11_1x1_VIS_NOD.fits,,,true
http://archive.eso.org/datalink/links?ID=ivo://eso.org/ID?ADP.2014-05-13T15:58:09.350,,SPECTRUM,SPECTRUM (FLUX CALIBRATED),XSHOOTER,La Silla Paranal APEX,Non-solar,55213.33745315,2010-01-17T08:05:55.953,1200.0,"[gte:298.92, lte:555.98]",9861.0,,["084.C-0952"],"["OUDMAIJER, R.D."]","ESO, PHASE3",XSHOOTER,LkHa-220,,2014-05-13T00:00:00.000,POSITION J2000 106.028607 -11.43556,106.028607,-11.43556,ADP.2014-05-13T15:58:09.350,1,2011-04-09T13:14:11.483,436218,722,,204.8,224.547386,-2.417553,,,,,,2,2010-01-17T08:28:32.083,55213.35314912,1200.0,LkHa-220_387976_2010-01-17T08:05:55.952_S0.5x11_1x1_UVB_NOD,ESO-VLT-U2,"ECHELLE,SLIT,NODDING",["387976"],IDP,XS_SFLX_387976_2010-01-17T08:05:55.952_S0.5x11_1x1_UVB_NOD.fits,,,true
http://archive.eso.org/datalink/links?ID=ivo://eso.org/ID?ADP.2014-05-13T15:58:09.943,,SPECTRUM,SPECTRUM (FLUX CALIBRATED),XSHOOTER,La Silla Paranal APEX,Non-solar,55213.33620883,2010-01-17T08:04:08.443,1.0,"[gte:994.02, lte:2478.96]",11424.0,,["084.C-0952"],"["OUDMAIJER, R.D."]","ESO, PHASE3",XSHOOTER,LkHa-220,,2014-05-13T00:00:00.000,POSITION J2000 106.028065 -11.43535,106.028065,-11.43535,ADP.2014-05-13T15:58:09.943,1,2011-04-09T13:14:11.037,436232,1350,,2.2,224.546957,-2.41793,,,,,,2,2010-01-17T08:04:09.443,55213.3362204,1.0,LkHa-220_387976_2010-01-17T08:04:08.443_S0.4x11_NIR_STA,ESO-VLT-U2,"ECHELLE,SLIT,STARE",["387976"],IDP,XS_SFLX_387976_2010-01-17T08:04:08.443_S0.4x11_NIR_STA.fits,,,true
http://archive.eso.org/datalink/links?ID=ivo://eso.org/ID?ADP.2014-05-13T15:58:10.097,,SPECTRUM,SPECTRUM (FLUX CALIBRATED),XSHOOTER,La Silla Paranal APEX,Non-solar,55213.33617734,2010-01-17T08:04:05.723,60.0,"[gte:533.66, lte:1020.0]",18340.0,,["084.C-0952"],"["OUDMAIJER, R.D."]","ESO, PHASE3",XSHOOTER,LkHa-220,,2014-05-13T00:00:00.000,POSITION J2000 106.028065 -11.43535,106.028065,-11.43535,ADP.2014-05-13T15:58:10.097,1,2011-04-09T13:14:11.003,436240,1321,,52.9,224.546956,-2.417929,,,,,,2,2010-01-17T08:05:05.723,55213.33687178,60.0,LkHa-220_387976_2010-01-17T08:04:05.722_S0.4x11_1x1_VIS_STA,ESO-VLT-U2,"ECHELLE,SLIT,STARE",["387976"],IDP,XS_SFLX_387976_2010-01-17T08:04:05.722_S0.4x11_1x1_VIS_STA.fits,,,true
http://archive.eso.org/datalink/links?ID=ivo://eso.org/ID?ADP.2014-05-13T15:58:09.290,,SPECTRUM,SPECTRUM (FLUX CALIBRATED),XSHOOTER,La Silla Paranal APEX,Non-solar,55213.33611715,2010-01-17T08:04:00.523,60.0,"[gte:298.92, lte:555.98]",9861.0,,["084.C-0952"],"["OUDMAIJER, R.D."]","ESO, PHASE3",XSHOOTER,LkHa-220,,2014-05-13T00:00:00.000,POSITION J2000 106.028065 -11.43535,106.028065,-11.43535,ADP.2014-05-13T15:58:09.290,1,2011-04-09T13:14:10.970,436221,722,,51.0,224.546956,-2.417929,,,,,,2,2010-01-17T08:05:00.523,55213.33681159,60.0,LkHa-220_387976_2010-01-17T08:04:00.522_S0.5x11_1x1_UVB_STA,ESO-VLT-U2,"ECHELLE,SLIT,STARE",["387976"],IDP,XS_SFLX_387976_2010-01-17T08:04:00.522_S0.5x11_1x1_UVB_STA.fits,,,true
http://archive.eso.org/datalink/links?ID=ivo://eso.org/ID?ADP.2014-05-17T09:05:04.873,,SPECTRUM,SPECTRUM (FLUX CALIBRATED),XSHOOTER,La Silla Paranal APEX,Non-solar,55987.13103669,2012-03-01T03:08:41.570,72.0,"[gte:994.02, lte:2478.96]",1029.0,,["088.C-0218"],"["MENDIGUTIA, IGNACIO"]","ESO, PHASE3",XSHOOTER,LkHa-220,,2014-05-17T00:00:00.000,POSITION J2000 106.028606 -11.43591,106.028606,-11.43591,ADP.2014-05-17T09:05:04.873,1,2013-04-20T14:21:54.637,455555,1347,,48.5,224.547698,-2.417714,,,,,,2,2012-03-01T03:12:12.817,55987.13348165,72.0,LkHa-220_586415_2012-03-01T03:08:41.570_S5.0x11_NIR_NOD,ESO-VLT-U2,"ECHELLE,SLIT,NODDING",["586415"],IDP,XS_SFLX_586415_2012-03-01T03:08:41.570_S5.0x11_NIR_NOD.fits,,,true
http://archive.eso.org/datalink/links?ID=ivo://eso.org/ID?ADP.2014-05-17T09:05:04.727,,SPECTRUM,SPECTRUM (FLUX CALIBRATED),XSHOOTER,La Silla Paranal APEX,Non-solar,55987.13100368,2012-03-01T03:08:38.717,160.0,"[gte:533.66, lte:1020.0]",1512.0,,["088.C-0218"],"["MENDIGUTIA, IGNACIO"]","ESO, PHASE3",XSHOOTER,LkHa-220,,2014-05-17T00:00:00.000,POSITION J2000 106.028606 -11.43591,106.028606,-11.43591,ADP.2014-05-17T09:05:04.727,1,2013-04-20T14:21:54.637,455550,1319,,289.1,224.547698,-2.417714,,,,,,2,2012-03-01T03:12:32.043,55987.13370421,160.0,LkHa-220_586415_2012-03-01T03:08:38.718_S5.0x11_2x2_VIS_NOD,ESO-VLT-U2,"ECHELLE,SLIT,NODDING",["586415"],IDP,XS_SFLX_586415_2012-03-01T03:08:38.718_S5.0x11_2x2_VIS_NOD.fits,,,true
http://archive.eso.org/datalink/links?ID=ivo://eso.org/ID?ADP.2014-05-17T09:05:04.687,,SPECTRUM,SPECTRUM (FLUX CALIBRATED),XSHOOTER,La Silla Paranal APEX,Non-solar,55987.13094372,2012-03-01T03:08:33.537,80.0,"[gte:298.92, lte:555.98]",1040.0,,["088.C-0218"],"["MENDIGUTIA, IGNACIO"]","ESO, PHASE3",XSHOOTER,LkHa-220,,2014-05-17T00:00:00.000,POSITION J2000 106.028606 -11.43591,106.028606,-11.43591,ADP.2014-05-17T09:05:04.687,1,2013-04-20T14:21:54.637,455538,722,,229.8,224.547698,-2.417714,,,,,,2,2012-03-01T03:12:06.863,55987.13341277,80.0,LkHa-220_586415_2012-03-01T03:08:33.537_S5.0x11_2x2_UVB_NOD,ESO-VLT-U2,"ECHELLE,SLIT,NODDING",["586415"],IDP,XS_SFLX_586415_2012-03-01T03:08:33.537_S5.0x11_2x2_UVB_NOD.fits,,,true
http://archive.eso.org/datalink/links?ID=ivo://eso.org/ID?ADP.2014-05-17T09:05:05.020,,SPECTRUM,SPECTRUM (FLUX CALIBRATED),XSHOOTER,La Silla Paranal APEX,Non-solar,55987.12529947,2012-03-01T03:00:25.873,120.0,"[gte:994.02, lte:2478.96]",5573.0,,["088.C-0218"],"["MENDIGUTIA, IGNACIO"]","ESO, PHASE3",XSHOOTER,LkHa-220,,2014-05-17T00:00:00.000,POSITION J2000 106.028606 -11.43591,106.028606,-11.43591,ADP.2014-05-17T09:05:05.020,1,2013-04-20T14:21:54.637,455547,1347,,60.3,224.547698,-2.417714,,,,,,2,2012-03-01T03:06:25.610,55987.12946308,120.0,LkHa-220_586415_2012-03-01T03:00:25.874_S0.9x11_NIR_NOD,ESO-VLT-U2,"ECHELLE,SLIT,NODDING",["586415"],IDP,XS_SFLX_586415_2012-03-01T03:00:25.874_S0.9x11_NIR_NOD.fits,,,true
http://archive.eso.org/datalink/links?ID=ivo://eso.org/ID?ADP.2014-05-17T09:05:04.793,,SPECTRUM,SPECTRUM (FLUX CALIBRATED),XSHOOTER,La Silla Paranal APEX,Non-solar,55987.12526501,2012-03-01T03:00:22.897,280.0,"[gte:533.66, lte:1020.0]",8935.0,,["088.C-0218"],"["MENDIGUTIA, IGNACIO"]","ESO, PHASE3",XSHOOTER,LkHa-220,,2014-05-17T00:00:00.000,POSITION J2000 106.028606 -11.43591,106.028606,-11.43591,ADP.2014-05-17T09:05:04.793,1,2013-04-20T14:21:54.637,455545,1319,,117.2,224.547698,-2.417714,,,,,,2,2012-03-01T03:07:02.113,55987.12988558,280.0,LkHa-220_586415_2012-03-01T03:00:22.898_S0.9x11_1x1_VIS_NOD,ESO-VLT-U2,"ECHELLE,SLIT,NODDING",["586415"],IDP,XS_SFLX_586415_2012-03-01T03:00:22.898_S0.9x11_1x1_VIS_NOD.fits,,,true
http://archive.eso.org/datalink/links?ID=ivo://eso.org/ID?ADP.2014-05-17T09:05:05.300,,SPECTRUM,SPECTRUM (FLUX CALIBRATED),XSHOOTER,La Silla Paranal APEX,Non-solar,55987.12520471,2012-03-01T03:00:17.687,160.0,"[gte:298.92, lte:555.98]",3251.0,,["088.C-0218"],"["MENDIGUTIA, IGNACIO"]","ESO, PHASE3",XSHOOTER,LkHa-220,,2014-05-17T00:00:00.000,POSITION J2000 106.028606 -11.43591,106.028606,-11.43591,ADP.2014-05-17T09:05:05.300,1,2013-04-20T14:21:54.637,455534,722,,137.5,224.547698,-2.417714,,,,,,2,2012-03-01T03:06:26.903,55987.12947805,160.0,LkHa-220_586415_2012-03-01T03:00:17.687_S1.6x11_1x1_UVB_NOD,ESO-VLT-U2,"ECHELLE,SLIT,NODDING",["586415"],IDP,XS_SFLX_586415_2012-03-01T03:00:17.687_S1.6x11_1x1_UVB_NOD.fits,,,true
http://archive.eso.org/datalink/links?ID=ivo://eso.org/ID?ADP.2014-05-17T15:25:43.920,,SPECTRUM,SPECTRUM (FLUX CALIBRATED),XSHOOTER,La Silla Paranal APEX,Non-solar,56277.25936064,2012-12-16T06:13:28.760,72.0,"[gte:994.02, lte:2478.96]",1029.0,,["088.C-0218"],"["MENDIGUTIA, IGNACIO"]","ESO, PHASE3",XSHOOTER,LkHa 220,,2014-05-17T00:00:00.000,POSITION J2000 106.028029 -11.43596,106.028029,-11.43596,ADP.2014-05-17T15:25:43.920,1,2014-01-15T18:50:02.973,460981,1350,,67.3,224.547484,-2.41824,,,,,,2,2012-12-16T06:17:01.390,56277.26182164,72.0,LkHa220_763190_2012-12-16T06:13:28.759_S5.0x11_NIR_NOD,ESO-VLT-U2,"ECHELLE,SLIT,NODDING",["763190"],IDP,XS_SFLX_763190_2012-12-16T06:13:28.759_S5.0x11_NIR_NOD.fits,,,true
http://archive.eso.org/datalink/links?ID=ivo://eso.org/ID?ADP.2014-05-17T15:25:44.860,,SPECTRUM,SPECTRUM (FLUX CALIBRATED),XSHOOTER,La Silla Paranal APEX,Non-solar,56277.25933525,2012-12-16T06:13:26.567,160.0,"[gte:533.66, lte:1020.0]",1512.0,,["088.C-0218"],"["MENDIGUTIA, IGNACIO"]","ESO, PHASE3",XSHOOTER,LkHa 220,,2014-05-17T00:00:00.000,POSITION J2000 106.028029 -11.43596,106.028029,-11.43596,ADP.2014-05-17T15:25:44.860,1,2014-01-15T18:49:30.593,460972,1321,,298.7,224.547484,-2.41824,,,,,,2,2012-12-16T06:17:21.053,56277.26204921,160.0,LkHa220_763190_2012-12-16T06:13:26.566_S5.0x11_2x2_VIS_NOD,ESO-VLT-U2,"ECHELLE,SLIT,NODDING",["763190"],IDP,XS_SFLX_763190_2012-12-16T06:13:26.566_S5.0x11_2x2_VIS_NOD.fits,,,true
http://archive.eso.org/datalink/links?ID=ivo://eso.org/ID?ADP.2014-05-17T15:25:44.100,,SPECTRUM,SPECTRUM (FLUX CALIBRATED),XSHOOTER,La Silla Paranal APEX,Non-solar,56277.25927552,2012-12-16T06:13:21.407,80.0,"[gte:298.92, lte:555.98]",1040.0,,["088.C-0218"],"["MENDIGUTIA, IGNACIO"]","ESO, PHASE3",XSHOOTER,LkHa 220,,2014-05-17T00:00:00.000,POSITION J2000 106.028029 -11.43596,106.028029,-11.43596,ADP.2014-05-17T15:25:44.100,1,2014-01-15T18:49:20.453,460967,725,,245.4,224.547483,-2.41824,,,,,,2,2012-12-16T06:16:55.893,56277.261758,80.0,LkHa220_763190_2012-12-16T06:13:21.406_S5.0x11_2x2_UVB_NOD,ESO-VLT-U2,"ECHELLE,SLIT,NODDING",["763190"],IDP,XS_SFLX_763190_2012-12-16T06:13:21.406_S5.0x11_2x2_UVB_NOD.fits,,,true
http://archive.eso.org/datalink/links?ID=ivo://eso.org/ID?ADP.2014-05-17T15:25:44.280,,SPECTRUM,SPECTRUM (FLUX CALIBRATED),XSHOOTER,La Silla Paranal APEX,Non-solar,56277.25374986,2012-12-16T06:05:23.987,120.0,"[gte:994.02, lte:2478.96]",5573.0,,["088.C-0218"],"["MENDIGUTIA, IGNACIO"]","ESO, PHASE3",XSHOOTER,LkHa 220,,2014-05-17T00:00:00.000,POSITION J2000 106.028029 -11.43596,106.028029,-11.43596,ADP.2014-05-17T15:25:44.280,1,2014-01-15T18:49:20.993,460968,1350,,109.2,224.547484,-2.41824,,,,,,2,2012-12-16T06:11:23.047,56277.25790562,120.0,LkHa220_763190_2012-12-16T06:05:23.988_S0.9x11_NIR_NOD,ESO-VLT-U2,"ECHELLE,SLIT,NODDING",["763190"],IDP,XS_SFLX_763190_2012-12-16T06:05:23.988_S0.9x11_NIR_NOD.fits,,,true
http://archive.eso.org/datalink/links?ID=ivo://eso.org/ID?ADP.2014-05-17T15:25:44.927,,SPECTRUM,SPECTRUM (FLUX CALIBRATED),XSHOOTER,La Silla Paranal APEX,Non-solar,56277.25372322,2012-12-16T06:05:21.687,280.0,"[gte:533.66, lte:1020.0]",8935.0,,["088.C-0218"],"["MENDIGUTIA, IGNACIO"]","ESO, PHASE3",XSHOOTER,LkHa 220,,2014-05-17T00:00:00.000,POSITION J2000 106.028029 -11.43596,106.028029,-11.43596,ADP.2014-05-17T15:25:44.927,1,2014-01-15T18:48:54.110,460992,1321,,170.9,224.547484,-2.41824,,,,,,2,2012-12-16T06:12:00.983,56277.25834471,280.0,LkHa220_763190_2012-12-16T06:05:21.687_S0.9x11_1x1_VIS_NOD,ESO-VLT-U2,"ECHELLE,SLIT,NODDING",["763190"],IDP,XS_SFLX_763190_2012-12-16T06:05:21.687_S0.9x11_1x1_VIS_NOD.fits,,,true
http://archive.eso.org/datalink/links?ID=ivo://eso.org/ID?ADP.2014-05-17T15:25:43.833,,SPECTRUM,SPECTRUM (FLUX CALIBRATED),XSHOOTER,La Silla Paranal APEX,Non-solar,56277.25366338,2012-12-16T06:05:16.517,160.0,"[gte:298.92, lte:555.98]",3251.0,,["088.C-0218"],"["MENDIGUTIA, IGNACIO"]","ESO, PHASE3",XSHOOTER,LkHa 220,,2014-05-17T00:00:00.000,POSITION J2000 106.028029 -11.43596,106.028029,-11.43596,ADP.2014-05-17T15:25:43.833,1,2014-01-15T18:48:30.827,460980,725,,160.2,224.547483,-2.41824,,,,,,2,2012-12-16T06:11:25.813,56277.25793764,160.0,LkHa220_763190_2012-12-16T06:05:16.516_S1.6x11_1x1_UVB_NOD,ESO-VLT-U2,"ECHELLE,SLIT,NODDING",["763190"],IDP,XS_SFLX_763190_2012-12-16T06:05:16.516_S1.6x11_1x1_UVB_NOD.fits,,,true
http://archive.eso.org/datalink/links?ID=ivo://eso.org/ID?ADP.2014-05-17T15:29:14.573,,SPECTRUM,SPECTRUM (FLUX CALIBRATED),XSHOOTER,La Silla Paranal APEX,Non-solar,56278.27272671,2012-12-17T06:32:43.587,72.0,"[gte:994.02, lte:2478.96]",1029.0,,["088.C-0218"],"["MENDIGUTIA, IGNACIO"]","ESO, PHASE3",XSHOOTER,LkHa 220,,2014-05-17T00:00:00.000,POSITION J2000 106.028195 -11.43606,106.028195,-11.43606,ADP.2014-05-17T15:29:14.573,1,2014-01-15T19:13:40.793,461011,1350,,71.5,224.547647,-2.418141,,,,,,2,2012-12-17T06:36:12.063,56278.27513962,72.0,LkHa220_763194_2012-12-17T06:32:43.588_S5.0x11_NIR_NOD,ESO-VLT-U2,"ECHELLE,SLIT,NODDING",["763194"],IDP,XS_SFLX_763194_2012-12-17T06:32:43.588_S5.0x11_NIR_NOD.fits,,,true
http://archive.eso.org/datalink/links?ID=ivo://eso.org/ID?ADP.2014-05-17T15:29:14.367,,SPECTRUM,SPECTRUM (FLUX CALIBRATED),XSHOOTER,La Silla Paranal APEX,Non-solar,56278.2726996,2012-12-17T06:32:41.247,160.0,"[gte:533.66, lte:1020.0]",1512.0,,["088.C-0218"],"["MENDIGUTIA, IGNACIO"]","ESO, PHASE3",XSHOOTER,LkHa 220,,2014-05-17T00:00:00.000,POSITION J2000 106.028195 -11.43606,106.028195,-11.43606,ADP.2014-05-17T15:29:14.367,1,2014-01-15T19:13:11.370,461063,1321,,307.1,224.547647,-2.418141,,,,,,2,2012-12-17T06:36:32.160,56278.27537223,160.0,LkHa220_763194_2012-12-17T06:32:41.245_S5.0x11_2x2_VIS_NOD,ESO-VLT-U2,"ECHELLE,SLIT,NODDING",["763194"],IDP,XS_SFLX_763194_2012-12-17T06:32:41.245_S5.0x11_2x2_VIS_NOD.fits,,,true
http://archive.eso.org/datalink/links?ID=ivo://eso.org/ID?ADP.2014-05-17T15:29:14.587,,SPECTRUM,SPECTRUM (FLUX CALIBRATED),XSHOOTER,La Silla Paranal APEX,Non-solar,56278.27263998,2012-12-17T06:32:36.097,80.0,"[gte:298.92, lte:555.98]",1040.0,,["088.C-0218"],"["MENDIGUTIA, IGNACIO"]","ESO, PHASE3",XSHOOTER,LkHa 220,,2014-05-17T00:00:00.000,POSITION J2000 106.028195 -11.43606,106.028195,-11.43606,ADP.2014-05-17T15:29:14.587,1,2014-01-15T19:13:03.290,461054,725,,244.4,224.547647,-2.418141,,,,,,2,2012-12-17T06:36:07.030,56278.27508137,80.0,LkHa220_763194_2012-12-17T06:32:36.095_S5.0x11_2x2_UVB_NOD,ESO-VLT-U2,"ECHELLE,SLIT,NODDING",["763194"],IDP,XS_SFLX_763194_2012-12-17T06:32:36.095_S5.0x11_2x2_UVB_NOD.fits,,,true
http://archive.eso.org/datalink/links?ID=ivo://eso.org/ID?ADP.2014-05-17T15:29:12.867,,SPECTRUM,SPECTRUM (FLUX CALIBRATED),XSHOOTER,La Silla Paranal APEX,Non-solar,56278.26709228,2012-12-17T06:24:36.773,120.0,"[gte:994.02, lte:2478.96]",5573.0,,["088.C-0218"],"["MENDIGUTIA, IGNACIO"]","ESO, PHASE3",XSHOOTER,LkHa 220,,2014-05-17T00:00:00.000,POSITION J2000 106.028195 -11.43606,106.028195,-11.43606,ADP.2014-05-17T15:29:12.867,1,2014-01-15T19:12:41.997,461062,1350,,117.4,224.547647,-2.418141,,,,,,2,2012-12-17T06:30:36.503,56278.27125581,120.0,LkHa220_763194_2012-12-17T06:24:36.773_S0.9x11_NIR_NOD,ESO-VLT-U2,"ECHELLE,SLIT,NODDING",["763194"],IDP,XS_SFLX_763194_2012-12-17T06:24:36.773_S0.9x11_NIR_NOD.fits,,,true
http://archive.eso.org/datalink/links?ID=ivo://eso.org/ID?ADP.2014-05-17T15:29:13.353,,SPECTRUM,SPECTRUM (FLUX CALIBRATED),XSHOOTER,La Silla Paranal APEX,Non-solar,56278.2670665,2012-12-17T06:24:34.547,280.0,"[gte:533.66, lte:1020.0]",8935.0,,["088.C-0218"],"["MENDIGUTIA, IGNACIO"]","ESO, PHASE3",XSHOOTER,LkHa 220,,2014-05-17T00:00:00.000,POSITION J2000 106.028195 -11.43606,106.028195,-11.43606,ADP.2014-05-17T15:29:13.353,1,2014-01-15T19:12:20.883,461039,1321,,174.1,224.547647,-2.418141,,,,,,2,2012-12-17T06:31:14.413,56278.27169459,280.0,LkHa220_763194_2012-12-17T06:24:34.546_S0.9x11_1x1_VIS_NOD,ESO-VLT-U2,"ECHELLE,SLIT,NODDING",["763194"],IDP,XS_SFLX_763194_2012-12-17T06:24:34.546_S0.9x11_1x1_VIS_NOD.fits,,,true
http://archive.eso.org/datalink/links?ID=ivo://eso.org/ID?ADP.2014-05-17T15:29:12.520,,SPECTRUM,SPECTRUM (FLUX CALIBRATED),XSHOOTER,La Silla Paranal APEX,Non-solar,56278.26700665,2012-12-17T06:24:29.377,160.0,"[gte:298.92, lte:555.98]",3251.0,,["088.C-0218"],"["MENDIGUTIA, IGNACIO"]","ESO, PHASE3",XSHOOTER,LkHa 220,,2014-05-17T00:00:00.000,POSITION J2000 106.028195 -11.43606,106.028195,-11.43606,ADP.2014-05-17T15:29:12.520,1,2014-01-15T19:11:47.810,461016,725,,161.0,224.547647,-2.418141,,,,,,2,2012-12-17T06:30:39.243,56278.27128752,160.0,LkHa220_763194_2012-12-17T06:24:29.375_S1.6x11_1x1_UVB_NOD,ESO-VLT-U2,"ECHELLE,SLIT,NODDING",["763194"],IDP,XS_SFLX_763194_2012-12-17T06:24:29.375_S1.6x11_1x1_UVB_NOD.fits,,,true
http://archive.eso.org/datalink/links?ID=ivo://eso.org/ID?ADP.2014-05-17T15:41:44.720,,SPECTRUM,SPECTRUM (FLUX CALIBRATED),XSHOOTER,La Silla Paranal APEX,Non-solar,56282.1985371,2012-12-21T04:45:53.607,72.0,"[gte:994.02, lte:2478.96]",1029.0,,["088.C-0218"],"["MENDIGUTIA, IGNACIO"]","ESO, PHASE3",XSHOOTER,LkHa 220,,2014-05-17T00:00:00.000,POSITION J2000 106.027536 -11.43595,106.027536,-11.43595,ADP.2014-05-17T15:41:44.720,1,2014-01-15T20:20:45.100,461203,1350,,71.8,224.547254,-2.418665,,,,,,2,2012-12-21T04:49:24.850,56282.20098205,72.0,LkHa220_763200_2012-12-21T04:45:53.605_S5.0x11_NIR_NOD,ESO-VLT-U2,"ECHELLE,SLIT,NODDING",["763200"],IDP,XS_SFLX_763200_2012-12-21T04:45:53.605_S5.0x11_NIR_NOD.fits,,,true
http://archive.eso.org/datalink/links?ID=ivo://eso.org/ID?ADP.2014-05-17T15:41:44.587,,SPECTRUM,SPECTRUM (FLUX CALIBRATED),XSHOOTER,La Silla Paranal APEX,Non-solar,56282.19851481,2012-12-21T04:45:51.680,160.0,"[gte:533.66, lte:1020.0]",1512.0,,["088.C-0218"],"["MENDIGUTIA, IGNACIO"]","ESO, PHASE3",XSHOOTER,LkHa 220,,2014-05-17T00:00:00.000,POSITION J2000 106.027536 -11.43595,106.027536,-11.43595,ADP.2014-05-17T15:41:44.587,1,2014-01-15T20:20:17.687,461219,1319,,313.7,224.547254,-2.418665,,,,,,2,2012-12-21T04:49:44.727,56282.2012121,160.0,LkHa220_763200_2012-12-21T04:45:51.680_S5.0x11_2x2_VIS_NOD,ESO-VLT-U2,"ECHELLE,SLIT,NODDING",["763200"],IDP,XS_SFLX_763200_2012-12-21T04:45:51.680_S5.0x11_2x2_VIS_NOD.fits,,,true
http://archive.eso.org/datalink/links?ID=ivo://eso.org/ID?ADP.2014-05-17T15:41:44.473,,SPECTRUM,SPECTRUM (FLUX CALIBRATED),XSHOOTER,La Silla Paranal APEX,Non-solar,56282.19845509,2012-12-21T04:45:46.520,80.0,"[gte:298.92, lte:555.98]",1040.0,,["088.C-0218"],"["MENDIGUTIA, IGNACIO"]","ESO, PHASE3",XSHOOTER,LkHa 220,,2014-05-17T00:00:00.000,POSITION J2000 106.027536 -11.43595,106.027536,-11.43595,ADP.2014-05-17T15:41:44.473,1,2014-01-15T20:20:08.463,461209,722,,247.7,224.547253,-2.418665,,,,,,2,2012-12-21T04:49:19.577,56282.20092101,80.0,LkHa220_763200_2012-12-21T04:45:46.520_S5.0x11_2x2_UVB_NOD,ESO-VLT-U2,"ECHELLE,SLIT,NODDING",["763200"],IDP,XS_SFLX_763200_2012-12-21T04:45:46.520_S5.0x11_2x2_UVB_NOD.fits,,,true
http://archive.eso.org/datalink/links?ID=ivo://eso.org/ID?ADP.2014-05-17T15:41:45.033,,SPECTRUM,SPECTRUM (FLUX CALIBRATED),XSHOOTER,La Silla Paranal APEX,Non-solar,56282.19286268,2012-12-21T04:37:43.337,120.0,"[gte:994.02, lte:2478.96]",5573.0,,["088.C-0218"],"["MENDIGUTIA, IGNACIO"]","ESO, PHASE3",XSHOOTER,LkHa 220,,2014-05-17T00:00:00.000,POSITION J2000 106.027536 -11.43595,106.027536,-11.43595,ADP.2014-05-17T15:41:45.033,1,2014-01-15T20:19:51.633,461208,1350,,117.3,224.547254,-2.418665,,,,,,2,2012-12-21T04:43:41.717,56282.19701059,120.0,LkHa220_763200_2012-12-21T04:37:43.336_S0.9x11_NIR_NOD,ESO-VLT-U2,"ECHELLE,SLIT,NODDING",["763200"],IDP,XS_SFLX_763200_2012-12-21T04:37:43.336_S0.9x11_NIR_NOD.fits,,,true
http://archive.eso.org/datalink/links?ID=ivo://eso.org/ID?ADP.2014-05-17T15:41:45.080,,SPECTRUM,SPECTRUM (FLUX CALIBRATED),XSHOOTER,La Silla Paranal APEX,Non-solar,56282.19283669,2012-12-21T04:37:41.090,280.0,"[gte:533.66, lte:1020.0]",8935.0,,["088.C-0218"],"["MENDIGUTIA, IGNACIO"]","ESO, PHASE3",XSHOOTER,LkHa 220,,2014-05-17T00:00:00.000,POSITION J2000 106.027536 -11.43595,106.027536,-11.43595,ADP.2014-05-17T15:41:45.080,1,2014-01-15T20:19:30.853,461190,1319,,173.7,224.547254,-2.418665,,,,,,2,2012-12-21T04:44:19.937,56282.19745298,280.0,LkHa220_763200_2012-12-21T04:37:41.091_S0.9x11_1x1_VIS_NOD,ESO-VLT-U2,"ECHELLE,SLIT,NODDING",["763200"],IDP,XS_SFLX_763200_2012-12-21T04:37:41.091_S0.9x11_1x1_VIS_NOD.fits,,,truehttp://archive.eso.org/datalink/links?ID=ivo://eso.org/ID?ADP.2014-05-15T14:17:15.210,,SPECTRUM,SPECTRUM (FLUX CALIBRATED),XSHOOTER,La Silla Paranal APEX,Non-solar,55251.11995145,2010-02-24T02:52:43.807,96.0,"[gte:994.02, lte:2478.96]",11424.0,,["084.C-0952"],"["OUDMAIJER, R.D."]","ESO, PHASE3",XSHOOTER,MWC-166,,2014-05-15T00:00:00.000,POSITION J2000 106.106868 -10.45441,106.106868,-10.45441,ADP.2014-05-15T14:17:15.210,1,2011-04-09T13:14:10.670,437589,1347,,281.2,223.709474,-1.900385,,,,,,2,2010-02-24T03:01:14.893,55251.1258668,96.0,MWC-166_387974_2010-02-24T02:52:43.805_S0.4x11_NIR_NOD,ESO-VLT-U2,"ECHELLE,SLIT,NODDING",["387974"],IDP,XS_SFLX_387974_2010-02-24T02:52:43.805_S0.4x11_NIR_NOD.fits,,,true
http://archive.eso.org/datalink/links?ID=ivo://eso.org/ID?ADP.2014-05-15T14:17:15.317,,SPECTRUM,SPECTRUM (FLUX CALIBRATED),XSHOOTER,La Silla Paranal APEX,Non-solar,55251.11991947,2010-02-24T02:52:41.043,24.0,"[gte:533.66, lte:1020.0]",18340.0,,["084.C-0952"],"["OUDMAIJER, R.D."]","ESO, PHASE3",XSHOOTER,MWC-166,,2014-05-15T00:00:00.000,POSITION J2000 106.106868 -10.45441,106.106868,-10.45441,ADP.2014-05-15T14:17:15.317,1,2011-04-09T13:14:10.720,437579,1321,,239.5,223.709474,-1.900384,,,,,,2,2010-02-24T03:01:49.900,55251.12627197,24.0,MWC-166_387974_2010-02-24T02:52:41.042_S0.4x11_1x1_VIS_NOD,ESO-VLT-U2,"ECHELLE,SLIT,NODDING",["387974"],IDP,XS_SFLX_387974_2010-02-24T02:52:41.042_S0.4x11_1x1_VIS_NOD.fits,,,true
http://archive.eso.org/datalink/links?ID=ivo://eso.org/ID?ADP.2014-05-15T14:17:14.563,,SPECTRUM,SPECTRUM (FLUX CALIBRATED),XSHOOTER,La Silla Paranal APEX,Non-solar,55251.11985927,2010-02-24T02:52:35.840,24.0,"[gte:298.92, lte:555.98]",9861.0,,["084.C-0952"],"["OUDMAIJER, R.D."]","ESO, PHASE3",XSHOOTER,MWC-166,,2014-05-15T00:00:00.000,POSITION J2000 106.106868 -10.45441,106.106868,-10.45441,ADP.2014-05-15T14:17:14.563,1,2011-04-09T13:14:10.697,437572,725,,269.1,223.709474,-1.900384,,,,,,2,2010-02-24T03:01:43.307,55251.12619568,24.0,MWC-166_387974_2010-02-24T02:52:35.841_S0.5x11_1x1_UVB_NOD,ESO-VLT-U2,"ECHELLE,SLIT,NODDING",["387974"],IDP,XS_SFLX_387974_2010-02-24T02:52:35.841_S0.5x11_1x1_UVB_NOD.fits,,,true
http://archive.eso.org/datalink/links?ID=ivo://eso.org/ID?ADP.2014-05-15T14:17:15.323,,SPECTRUM,SPECTRUM (FLUX CALIBRATED),XSHOOTER,La Silla Paranal APEX,Non-solar,55251.11928368,2010-02-24T02:51:46.110,1.0,"[gte:994.02, lte:2478.96]",11424.0,,["084.C-0952"],"["OUDMAIJER, R.D."]","ESO, PHASE3",XSHOOTER,MWC-166,,2014-05-15T00:00:00.000,POSITION J2000 106.10636 -10.45398,106.10636,-10.45398,ADP.2014-05-15T14:17:15.323,1,2011-04-09T13:14:09.250,437581,1350,,62.4,223.708863,-1.900632,,,,,,2,2010-02-24T02:51:47.110,55251.11929525,1.0,MWC-166_387974_2010-02-24T02:51:46.110_S0.4x11_NIR_STA,ESO-VLT-U2,"ECHELLE,SLIT,STARE",["387974"],IDP,XS_SFLX_387974_2010-02-24T02:51:46.110_S0.4x11_NIR_STA.fits,,,true
http://archive.eso.org/datalink/links?ID=ivo://eso.org/ID?ADP.2014-05-15T14:17:14.443,,SPECTRUM,SPECTRUM (FLUX CALIBRATED),XSHOOTER,La Silla Paranal APEX,Non-solar,55251.11924754,2010-02-24T02:51:42.987,0.5,"[gte:533.66, lte:1020.0]",18340.0,,["084.C-0952"],"["OUDMAIJER, R.D."]","ESO, PHASE3",XSHOOTER,MWC-166,,2014-05-15T00:00:00.000,POSITION J2000 106.10636 -10.45398,106.10636,-10.45398,ADP.2014-05-15T14:17:14.443,1,2011-04-09T13:14:09.220,437532,1321,,61.7,223.708863,-1.900632,,,,,,2,2010-02-24T02:51:43.487,55251.11925332,0.5,MWC-166_387974_2010-02-24T02:51:42.987_S0.4x11_1x1_VIS_STA,ESO-VLT-U2,"ECHELLE,SLIT,STARE",["387974"],IDP,XS_SFLX_387974_2010-02-24T02:51:42.987_S0.4x11_1x1_VIS_STA.fits,,,truehttp://archive.eso.org/datalink/links?ID=ivo://eso.org/ID?ADP.2014-05-13T15:35:39.613,,SPECTRUM,SPECTRUM (FLUX CALIBRATED),XSHOOTER,La Silla Paranal APEX,Non-solar,55186.23530049,2009-12-21T05:38:49.963,1200.0,"[gte:994.02, lte:2478.96]",11424.0,,["084.C-0952"],"["OUDMAIJER, R.D."]","ESO, PHASE3",XSHOOTER,PDS-241,,2014-05-13T00:00:00.000,POSITION J2000 107.161807 -4.31862,107.161807,-4.31862,ADP.2014-05-13T15:35:39.613,1,2011-04-09T13:13:11.700,435847,1347,,223.6,218.739207,1.847491,,,,,,2,2009-12-21T06:01:26.247,55186.25099822,1200.0,PDS-241_387883_2009-12-21T05:38:49.962_S0.4x11_NIR_NOD,ESO-VLT-U2,"ECHELLE,SLIT,NODDING",["387883"],IDP,XS_SFLX_387883_2009-12-21T05:38:49.962_S0.4x11_NIR_NOD.fits,,,true
http://archive.eso.org/datalink/links?ID=ivo://eso.org/ID?ADP.2014-05-13T15:35:39.460,,SPECTRUM,SPECTRUM (FLUX CALIBRATED),XSHOOTER,La Silla Paranal APEX,Non-solar,55186.2352668,2009-12-21T05:38:47.053,1200.0,"[gte:533.66, lte:1020.0]",18340.0,,["084.C-0952"],"["OUDMAIJER, R.D."]","ESO, PHASE3",XSHOOTER,PDS-241,,2014-05-13T00:00:00.000,POSITION J2000 107.161807 -4.31862,107.161807,-4.31862,ADP.2014-05-13T15:35:39.460,1,2011-04-09T13:13:11.673,435843,1319,,276.7,218.739206,1.847491,,,,,,2,2009-12-21T06:01:23.280,55186.2509639,1200.0,PDS-241_387883_2009-12-21T05:38:47.052_S0.4x11_1x1_VIS_NOD,ESO-VLT-U2,"ECHELLE,SLIT,NODDING",["387883"],IDP,XS_SFLX_387883_2009-12-21T05:38:47.052_S0.4x11_1x1_VIS_NOD.fits,,,true
http://archive.eso.org/datalink/links?ID=ivo://eso.org/ID?ADP.2014-05-13T15:35:39.813,,SPECTRUM,SPECTRUM (FLUX CALIBRATED),XSHOOTER,La Silla Paranal APEX,Non-solar,55186.23520637,2009-12-21T05:38:41.830,1200.0,"[gte:298.92, lte:555.98]",9861.0,,["084.C-0952"],"["OUDMAIJER, R.D."]","ESO, PHASE3",XSHOOTER,PDS-241,,2014-05-13T00:00:00.000,POSITION J2000 107.161807 -4.31862,107.161807,-4.31862,ADP.2014-05-13T15:35:39.813,1,2011-04-09T13:13:11.650,435836,722,,216.0,218.739206,1.847491,,,,,,2,2009-12-21T06:01:17.820,55186.2509007,1200.0,PDS-241_387883_2009-12-21T05:38:41.830_S0.5x11_1x1_UVB_NOD,ESO-VLT-U2,"ECHELLE,SLIT,NODDING",["387883"],IDP,XS_SFLX_387883_2009-12-21T05:38:41.830_S0.5x11_1x1_UVB_NOD.fits,,,true
http://archive.eso.org/datalink/links?ID=ivo://eso.org/ID?ADP.2014-05-13T15:35:39.627,,SPECTRUM,SPECTRUM (FLUX CALIBRATED),XSHOOTER,La Silla Paranal APEX,Non-solar,55186.23396829,2009-12-21T05:36:54.860,1.0,"[gte:994.02, lte:2478.96]",11424.0,,["084.C-0952"],"["OUDMAIJER, R.D."]","ESO, PHASE3",XSHOOTER,PDS-241,,2014-05-13T00:00:00.000,POSITION J2000 107.161949 -4.31806,107.161949,-4.31806,ADP.2014-05-13T15:35:39.627,1,2011-04-09T13:13:11.187,435820,1350,,1.4,218.738774,1.847874,,,,,,2,2009-12-21T05:36:55.860,55186.23397986,1.0,PDS-241_387883_2009-12-21T05:36:54.860_S0.4x11_NIR_STA,ESO-VLT-U2,"ECHELLE,SLIT,STARE",["387883"],IDP,XS_SFLX_387883_2009-12-21T05:36:54.860_S0.4x11_NIR_STA.fits,,,true
http://archive.eso.org/datalink/links?ID=ivo://eso.org/ID?ADP.2014-05-13T15:35:40.433,,SPECTRUM,SPECTRUM (FLUX CALIBRATED),XSHOOTER,La Silla Paranal APEX,Non-solar,55186.23392756,2009-12-21T05:36:51.340,60.0,"[gte:533.66, lte:1020.0]",18340.0,,["084.C-0952"],"["OUDMAIJER, R.D."]","ESO, PHASE3",XSHOOTER,PDS-241,,2014-05-13T00:00:00.000,POSITION J2000 107.161949 -4.31806,107.161949,-4.31806,ADP.2014-05-13T15:35:40.433,1,2011-04-09T13:13:11.157,435841,1321,,59.7,218.738774,1.847874,,,,,,2,2009-12-21T05:37:51.340,55186.234622,60.0,PDS-241_387883_2009-12-21T05:36:51.341_S0.4x11_1x1_VIS_STA,ESO-VLT-U2,"ECHELLE,SLIT,STARE",["387883"],IDP,XS_SFLX_387883_2009-12-21T05:36:51.341_S0.4x11_1x1_VIS_STA.fits,,,truehttp://archive.eso.org/datalink/links?ID=ivo://eso.org/ID?ADP.2014-05-15T08:55:49.870,,SPECTRUM,SPECTRUM (FLUX CALIBRATED),XSHOOTER,La Silla Paranal APEX,Non-solar,55228.23475882,2010-02-01T05:38:03.163,320.0,"[gte:994.02, lte:2478.96]",11424.0,,["084.C-0952"],"["OUDMAIJER, R.D."]","ESO, PHASE3",XSHOOTER,NX-Pup,,2014-05-15T00:00:00.000,POSITION J2000 109.86851 -44.58579,109.86851,-44.58579,ADP.2014-05-15T08:55:49.870,1,2011-04-09T13:14:06.767,437000,1347,,122.7,256.156787,-14.04862,,,,,,2,2010-02-01T05:49:31.170,55228.24272189,320.0,NX-Pup_387970_2010-02-01T05:38:03.162_S0.4x11_NIR_NOD,ESO-VLT-U2,"ECHELLE,SLIT,NODDING",["387970"],IDP,XS_SFLX_387970_2010-02-01T05:38:03.162_S0.4x11_NIR_NOD.fits,,,true
http://archive.eso.org/datalink/links?ID=ivo://eso.org/ID?ADP.2014-05-15T08:55:49.997,,SPECTRUM,SPECTRUM (FLUX CALIBRATED),XSHOOTER,La Silla Paranal APEX,Non-solar,55228.23472541,2010-02-01T05:38:00.277,480.0,"[gte:533.66, lte:1020.0]",18340.0,,["084.C-0952"],"["OUDMAIJER, R.D."]","ESO, PHASE3",XSHOOTER,NX-Pup,,2014-05-15T00:00:00.000,POSITION J2000 109.86851 -44.58579,109.86851,-44.58579,ADP.2014-05-15T08:55:49.997,1,2011-04-09T13:14:06.790,436995,1319,,433.4,256.156786,-14.048619,,,,,,2,2010-02-01T05:50:03.583,55228.24309701,480.0,NX-Pup_387970_2010-02-01T05:38:00.275_S0.4x11_1x1_VIS_NOD,ESO-VLT-U2,"ECHELLE,SLIT,NODDING",["387970"],IDP,XS_SFLX_387970_2010-02-01T05:38:00.275_S0.4x11_1x1_VIS_NOD.fits,,,true
http://archive.eso.org/datalink/links?ID=ivo://eso.org/ID?ADP.2014-05-15T08:55:50.017,,SPECTRUM,SPECTRUM (FLUX CALIBRATED),XSHOOTER,La Silla Paranal APEX,Non-solar,55228.23466545,2010-02-01T05:37:55.097,480.0,"[gte:298.92, lte:555.98]",9861.0,,["084.C-0952"],"["OUDMAIJER, R.D."]","ESO, PHASE3",XSHOOTER,NX-Pup,,2014-05-15T00:00:00.000,POSITION J2000 109.86851 -44.58579,109.86851,-44.58579,ADP.2014-05-15T08:55:50.017,1,2011-04-09T13:14:06.687,437004,722,,345.9,256.156786,-14.048619,,,,,,2,2010-02-01T05:49:27.943,55228.24268452,480.0,NX-Pup_387970_2010-02-01T05:37:55.095_S0.5x11_1x1_UVB_NOD,ESO-VLT-U2,"ECHELLE,SLIT,NODDING",["387970"],IDP,XS_SFLX_387970_2010-02-01T05:37:55.095_S0.5x11_1x1_UVB_NOD.fits,,,true
http://archive.eso.org/datalink/links?ID=ivo://eso.org/ID?ADP.2014-05-15T08:55:49.923,,SPECTRUM,SPECTRUM (FLUX CALIBRATED),XSHOOTER,La Silla Paranal APEX,Non-solar,55228.23399861,2010-02-01T05:36:57.480,1.0,"[gte:994.02, lte:2478.96]",11424.0,,["084.C-0952"],"["OUDMAIJER, R.D."]","ESO, PHASE3",XSHOOTER,NX-Pup,,2014-05-15T00:00:00.000,POSITION J2000 109.867625 -44.58607,109.867625,-44.58607,ADP.2014-05-15T08:55:49.923,1,2011-04-09T13:14:06.060,437010,1350,,28.2,256.156781,-14.04931,,,,,,2,2010-02-01T05:36:58.480,55228.23401018,1.0,NX-Pup_387970_2010-02-01T05:36:57.480_S0.4x11_NIR_STA,ESO-VLT-U2,"ECHELLE,SLIT,STARE",["387970"],IDP,XS_SFLX_387970_2010-02-01T05:36:57.480_S0.4x11_NIR_STA.fits,,,true
http://archive.eso.org/datalink/links?ID=ivo://eso.org/ID?ADP.2014-05-15T08:55:49.910,,SPECTRUM,SPECTRUM (FLUX CALIBRATED),XSHOOTER,La Silla Paranal APEX,Non-solar,55228.23396388,2010-02-01T05:36:54.480,10.0,"[gte:533.66, lte:1020.0]",18340.0,,["084.C-0952"],"["OUDMAIJER, R.D."]","ESO, PHASE3",XSHOOTER,NX-Pup,,2014-05-15T00:00:00.000,POSITION J2000 109.867625 -44.58607,109.867625,-44.58607,ADP.2014-05-15T08:55:49.910,1,2011-04-09T13:14:06.030,437003,1321,,60.8,256.156781,-14.049309,,,,,,2,2010-02-01T05:37:04.480,55228.23407962,10.0,NX-Pup_387970_2010-02-01T05:36:54.479_S0.4x11_1x1_VIS_STA,ESO-VLT-U2,"ECHELLE,SLIT,STARE",["387970"],IDP,XS_SFLX_387970_2010-02-01T05:36:54.479_S0.4x11_1x1_VIS_STA.fits,,,truehttp://archive.eso.org/datalink/links?ID=ivo://eso.org/ID?ADP.2014-05-15T14:17:14.853,,SPECTRUM,SPECTRUM (FLUX CALIBRATED),XSHOOTER,La Silla Paranal APEX,Non-solar,55251.13197076,2010-02-24T03:10:02.273,960.0,"[gte:994.02, lte:2478.96]",11424.0,,["084.C-0952"],"["OUDMAIJER, R.D."]","ESO, PHASE3",XSHOOTER,PDS-27,,2014-05-15T00:00:00.000,POSITION J2000 109.90067 -17.65499,109.90067,-17.65499,ADP.2014-05-15T14:17:14.853,1,2011-04-09T13:13:11.060,437560,1353,,82.3,231.799043,-1.967634,,,,,,2,2010-02-24T03:40:04.657,55251.15283165,960.0,PDS-27_387881_2010-02-24T03:10:02.274_S0.4x11_NIR_NOD,ESO-VLT-U2,"ECHELLE,SLIT,NODDING",["387881"],IDP,XS_SFLX_387881_2010-02-24T03:10:02.274_S0.4x11_NIR_NOD.fits,,,true
http://archive.eso.org/datalink/links?ID=ivo://eso.org/ID?ADP.2014-05-15T14:17:15.330,,SPECTRUM,SPECTRUM (FLUX CALIBRATED),XSHOOTER,La Silla Paranal APEX,Non-solar,55251.13193438,2010-02-24T03:09:59.130,1200.0,"[gte:533.66, lte:1020.0]",18340.0,,["084.C-0952"],"["OUDMAIJER, R.D."]","ESO, PHASE3",XSHOOTER,PDS-27,,2014-05-15T00:00:00.000,POSITION J2000 109.90067 -17.65499,109.90067,-17.65499,ADP.2014-05-15T14:17:15.330,1,2011-04-09T13:13:10.910,437546,1319,,236.7,231.799043,-1.967634,,,,,,2,2010-02-24T03:38:09.210,55251.15149547,1200.0,PDS-27_387881_2010-02-24T03:09:59.130_S0.4x11_1x1_VIS_NOD,ESO-VLT-U2,"ECHELLE,SLIT,NODDING",["387881"],IDP,XS_SFLX_387881_2010-02-24T03:09:59.130_S0.4x11_1x1_VIS_NOD.fits,,,true
http://archive.eso.org/datalink/links?ID=ivo://eso.org/ID?ADP.2014-05-15T14:17:15.743,,SPECTRUM,SPECTRUM (FLUX CALIBRATED),XSHOOTER,La Silla Paranal APEX,Non-solar,55251.13187453,2010-02-24T03:09:53.960,1200.0,"[gte:298.92, lte:555.98]",9861.0,,["084.C-0952"],"["OUDMAIJER, R.D."]","ESO, PHASE3",XSHOOTER,PDS-27,,2014-05-15T00:00:00.000,POSITION J2000 109.90067 -17.65499,109.90067,-17.65499,ADP.2014-05-15T14:17:15.743,1,2011-04-09T13:13:10.887,437590,722,,74.5,231.799043,-1.967634,,,,,,2,2010-02-24T03:38:03.957,55251.1514347,1200.0,PDS-27_387881_2010-02-24T03:09:53.959_S0.5x11_1x1_UVB_NOD,ESO-VLT-U2,"ECHELLE,SLIT,NODDING",["387881"],IDP,XS_SFLX_387881_2010-02-24T03:09:53.959_S0.5x11_1x1_UVB_NOD.fits,,,true
http://archive.eso.org/datalink/links?ID=ivo://eso.org/ID?ADP.2014-05-13T15:33:57.200,,SPECTRUM,SPECTRUM (FLUX CALIBRATED),XSHOOTER,La Silla Paranal APEX,Non-solar,55184.32430466,2009-12-19T07:46:59.923,960.0,"[gte:994.02, lte:2478.96]",11424.0,,["084.C-0952"],"["OUDMAIJER, R.D."]","ESO, PHASE3",XSHOOTER,PDS-27,,2014-05-13T00:00:00.000,POSITION J2000 109.900587 -17.65477,109.900587,-17.65477,ADP.2014-05-13T15:33:57.200,1,2011-04-09T13:13:09.867,435786,1353,,53.2,231.798812,-1.967601,,,,,,2,2009-12-19T08:17:02.893,55184.34517236,960.0,PDS-27_387881_2009-12-19T07:46:59.923_S0.4x11_NIR_NOD,ESO-VLT-U2,"ECHELLE,SLIT,NODDING",["387881"],IDP,XS_SFLX_387881_2009-12-19T07:46:59.923_S0.4x11_NIR_NOD.fits,,,true
http://archive.eso.org/datalink/links?ID=ivo://eso.org/ID?ADP.2014-05-13T15:33:58.157,,SPECTRUM,SPECTRUM (FLUX CALIBRATED),XSHOOTER,La Silla Paranal APEX,Non-solar,55184.32427245,2009-12-19T07:46:57.140,1200.0,"[gte:533.66, lte:1020.0]",18340.0,,["084.C-0952"],"["OUDMAIJER, R.D."]","ESO, PHASE3",XSHOOTER,PDS-27,,2014-05-13T00:00:00.000,POSITION J2000 109.900587 -17.65477,109.900587,-17.65477,ADP.2014-05-13T15:33:58.157,1,2011-04-09T13:13:09.493,435793,1319,,180.6,231.798811,-1.967601,,,,,,2,2009-12-19T08:15:06.307,55184.34382301,1200.0,PDS-27_387881_2009-12-19T07:46:57.140_S0.4x11_1x1_VIS_NOD,ESO-VLT-U2,"ECHELLE,SLIT,NODDING",["387881"],IDP,XS_SFLX_387881_2009-12-19T07:46:57.140_S0.4x11_1x1_VIS_NOD.fits,,,true
http://archive.eso.org/datalink/links?ID=ivo://eso.org/ID?ADP.2014-05-13T15:33:57.783,,SPECTRUM,SPECTRUM (FLUX CALIBRATED),XSHOOTER,La Silla Paranal APEX,Non-solar,55184.32421215,2009-12-19T07:46:51.930,1200.0,"[gte:298.92, lte:555.98]",9861.0,,["084.C-0952"],"["OUDMAIJER, R.D."]","ESO, PHASE3",XSHOOTER,PDS-27,,2014-05-13T00:00:00.000,POSITION J2000 109.900587 -17.65477,109.900587,-17.65477,ADP.2014-05-13T15:33:57.783,1,2011-04-09T13:13:09.437,435790,722,,48.2,231.798811,-1.967601,,,,,,2,2009-12-19T08:15:01.137,55184.34376317,1200.0,PDS-27_387881_2009-12-19T07:46:51.930_S0.5x11_1x1_UVB_NOD,ESO-VLT-U2,"ECHELLE,SLIT,NODDING",["387881"],IDP,XS_SFLX_387881_2009-12-19T07:46:51.930_S0.5x11_1x1_UVB_NOD.fits,,,true
http://archive.eso.org/datalink/links?ID=ivo://eso.org/ID?ADP.2014-05-15T14:17:15.103,,SPECTRUM,SPECTRUM (FLUX CALIBRATED),XSHOOTER,La Silla Paranal APEX,Non-solar,55251.13111226,2010-02-24T03:08:48.100,1.0,"[gte:994.02, lte:2478.96]",11424.0,,["084.C-0952"],"["OUDMAIJER, R.D."]","ESO, PHASE3",XSHOOTER,PDS-27,,2014-05-15T00:00:00.000,POSITION J2000 109.899986 -17.65469,109.899986,-17.65469,ADP.2014-05-15T14:17:15.103,1,2011-04-09T13:13:09.947,437573,1350,,17.3,231.798473,-1.96807,,,,,,2,2010-02-24T03:08:49.100,55251.13112383,1.0,PDS-27_387881_2010-02-24T03:08:48.099_S0.4x11_NIR_STA,ESO-VLT-U2,"ECHELLE,SLIT,STARE",["387881"],IDP,XS_SFLX_387881_2010-02-24T03:08:48.099_S0.4x11_NIR_STA.fits,,,true
http://archive.eso.org/datalink/links?ID=ivo://eso.org/ID?ADP.2014-05-15T14:17:14.263,,SPECTRUM,SPECTRUM (FLUX CALIBRATED),XSHOOTER,La Silla Paranal APEX,Non-solar,55251.13107655,2010-02-24T03:08:45.013,20.0,"[gte:533.66, lte:1020.0]",18340.0,,["084.C-0952"],"["OUDMAIJER, R.D."]","ESO, PHASE3",XSHOOTER,PDS-27,,2014-05-15T00:00:00.000,POSITION J2000 109.899986 -17.65469,109.899986,-17.65469,ADP.2014-05-15T14:17:14.263,1,2011-04-09T13:13:09.920,437557,1321,,28.0,231.798472,-1.968069,,,,,,2,2010-02-24T03:09:05.013,55251.13130803,20.0,PDS-27_387881_2010-02-24T03:08:45.014_S0.4x11_1x1_VIS_STA,ESO-VLT-U2,"ECHELLE,SLIT,STARE",["387881"],IDP,XS_SFLX_387881_2010-02-24T03:08:45.014_S0.4x11_1x1_VIS_STA.fits,,,true
http://archive.eso.org/datalink/links?ID=ivo://eso.org/ID?ADP.2014-05-15T14:17:15.650,,SPECTRUM,SPECTRUM (FLUX CALIBRATED),XSHOOTER,La Silla Paranal APEX,Non-solar,55251.13101566,2010-02-24T03:08:39.753,20.0,"[gte:298.92, lte:555.98]",9861.0,,["084.C-0952"],"["OUDMAIJER, R.D."]","ESO, PHASE3",XSHOOTER,PDS-27,,2014-05-15T00:00:00.000,POSITION J2000 109.899986 -17.65469,109.899986,-17.65469,ADP.2014-05-15T14:17:15.650,1,2011-04-09T13:13:09.897,437533,722,,7.1,231.798472,-1.968069,,,,,,2,2010-02-24T03:08:59.753,55251.13124714,20.0,PDS-27_387881_2010-02-24T03:08:39.753_S0.5x11_1x1_UVB_STA,ESO-VLT-U2,"ECHELLE,SLIT,STARE",["387881"],IDP,XS_SFLX_387881_2010-02-24T03:08:39.753_S0.5x11_1x1_UVB_STA.fits,,,true
http://archive.eso.org/datalink/links?ID=ivo://eso.org/ID?ADP.2014-05-13T15:33:57.823,,SPECTRUM,SPECTRUM (FLUX CALIBRATED),XSHOOTER,La Silla Paranal APEX,Non-solar,55184.32343004,2009-12-19T07:45:44.357,1.0,"[gte:994.02, lte:2478.96]",11424.0,,["084.C-0952"],"["OUDMAIJER, R.D."]","ESO, PHASE3",XSHOOTER,PDS-27,,2014-05-13T00:00:00.000,POSITION J2000 109.89992 -17.65452,109.89992,-17.65452,ADP.2014-05-13T15:33:57.823,1,2011-04-09T13:13:07.977,435778,1350,,11.9,231.798293,-1.968046,,,,,,2,2009-12-19T07:45:45.357,55184.32344161,1.0,PDS-27_387881_2009-12-19T07:45:44.355_S0.4x11_NIR_STA,ESO-VLT-U2,"ECHELLE,SLIT,STARE",["387881"],IDP,XS_SFLX_387881_2009-12-19T07:45:44.355_S0.4x11_NIR_STA.fits,,,true
http://archive.eso.org/datalink/links?ID=ivo://eso.org/ID?ADP.2014-05-13T15:33:57.797,,SPECTRUM,SPECTRUM (FLUX CALIBRATED),XSHOOTER,La Silla Paranal APEX,Non-solar,55184.3233983,2009-12-19T07:45:41.613,20.0,"[gte:533.66, lte:1020.0]",18340.0,,["084.C-0952"],"["OUDMAIJER, R.D."]","ESO, PHASE3",XSHOOTER,PDS-27,,2014-05-13T00:00:00.000,POSITION J2000 109.89992 -17.65452,109.89992,-17.65452,ADP.2014-05-13T15:33:57.797,1,2011-04-09T13:13:07.953,435771,1321,,21.6,231.798293,-1.968045,,,,,,2,2009-12-19T07:46:01.613,55184.32362978,20.0,PDS-27_387881_2009-12-19T07:45:41.613_S0.4x11_1x1_VIS_STA,ESO-VLT-U2,"ECHELLE,SLIT,STARE",["387881"],IDP,XS_SFLX_387881_2009-12-19T07:45:41.613_S0.4x11_1x1_VIS_STA.fits,,,true
http://archive.eso.org/datalink/links?ID=ivo://eso.org/ID?ADP.2014-05-13T15:33:57.193,,SPECTRUM,SPECTRUM (FLUX CALIBRATED),XSHOOTER,La Silla Paranal APEX,Non-solar,55184.32333858,2009-12-19T07:45:36.453,20.0,"[gte:298.92, lte:555.98]",9861.0,,["084.C-0952"],"["OUDMAIJER, R.D."]","ESO, PHASE3",XSHOOTER,PDS-27,,2014-05-13T00:00:00.000,POSITION J2000 109.89992 -17.65452,109.89992,-17.65452,ADP.2014-05-13T15:33:57.193,1,2011-04-09T13:13:07.927,435776,722,,4.4,231.798293,-1.968045,,,,,,2,2009-12-19T07:45:56.453,55184.32357006,20.0,PDS-27_387881_2009-12-19T07:45:36.453_S0.5x11_1x1_UVB_STA,ESO-VLT-U2,"ECHELLE,SLIT,STARE",["387881"],IDP,XS_SFLX_387881_2009-12-19T07:45:36.453_S0.5x11_1x1_UVB_STA.fits,,,true
http://archive.eso.org/datalink/links?ID=ivo://eso.org/ID?ADP.2017-05-12T18:21:09.866,,SPECTRUM,SPECTRUM (FLUX CALIBRATED),XSHOOTER,La Silla Paranal APEX,Non-solar,57711.29191314,2016-11-19T07:00:21.297,560.0,"[gte:994.02, lte:2478.96]",11424.0,,["098.C-0636"],"["OUDMAIJER, R.D."]","ESO, PHASE3",XSHOOTER,G231.7986,,2017-05-12T20:21:46.000,POSITION J2000 109.899186 -17.65517,109.899186,-17.65517,ADP.2017-05-12T18:21:09.866,1,2017-11-19T07:21:15.037,5834808,1359,,151.6,231.79854,-1.968968,,,,,,2,2016-11-19T07:10:17.537,57711.29881409,560.0,G231.7986_1424393_2016-11-19T07:00:21.295_S0.4x11_NIR_NOD,ESO-VLT-U2,"ECHELLE,SLIT,NODDING",["1424393"],IDP,XS_SFLX_1424393_2016-11-19T07:00:21.295_S0.4x11_NIR_NOD.fits,,,true
http://archive.eso.org/datalink/links?ID=ivo://eso.org/ID?ADP.2017-05-12T18:21:09.853,,SPECTRUM,SPECTRUM (FLUX CALIBRATED),XSHOOTER,La Silla Paranal APEX,Non-solar,57711.29187608,2016-11-19T07:00:18.093,560.0,"[gte:533.66, lte:1020.0]",5040.0,,["098.C-0636"],"["OUDMAIJER, R.D."]","ESO, PHASE3",XSHOOTER,G231.7986,,2017-05-12T20:21:46.000,POSITION J2000 109.899186 -17.65517,109.899186,-17.65517,ADP.2017-05-12T18:21:09.853,1,2017-11-19T07:21:15.037,5834805,1330,,299.8,231.79854,-1.968968,,,,,,2,2016-11-19T07:10:14.340,57711.29877707,560.0,G231.7986_1424393_2016-11-19T07:00:18.094_S1.5x11_2x2_VIS_NOD,ESO-VLT-U2,"ECHELLE,SLIT,NODDING",["1424393"],IDP,XS_SFLX_1424393_2016-11-19T07:00:18.094_S1.5x11_2x2_VIS_NOD.fits,,,true
http://archive.eso.org/datalink/links?ID=ivo://eso.org/ID?ADP.2017-05-12T18:21:09.888,,SPECTRUM,SPECTRUM (FLUX CALIBRATED),XSHOOTER,La Silla Paranal APEX,Non-solar,57711.29181601,2016-11-19T07:00:12.903,560.0,"[gte:298.92, lte:555.98]",3251.0,,["098.C-0636"],"["OUDMAIJER, R.D."]","ESO, PHASE3",XSHOOTER,G231.7986,,2017-05-12T20:21:46.000,POSITION J2000 109.899186 -17.65517,109.899186,-17.65517,ADP.2017-05-12T18:21:09.888,1,2017-11-19T07:21:15.037,5834813,734,,81.7,231.79854,-1.968968,,,,,,2,2016-11-19T07:10:09.160,57711.29871711,560.0,G231.7986_1424393_2016-11-19T07:00:12.903_S1.6x11_2x2_UVB_NOD,ESO-VLT-U2,"ECHELLE,SLIT,NODDING",["1424393"],IDP,XS_SFLX_1424393_2016-11-19T07:00:12.903_S1.6x11_2x2_UVB_NOD.fits,,,true
http://archive.eso.org/datalink/links?ID=ivo://eso.org/ID?ADP.2020-12-07T09:12:58.211,,SPECTRUM,SPECTRUM (FLUX CALIBRATED),XSHOOTER,La Silla Paranal APEX,Non-solar,59180.23508007,2020-11-27T05:38:30.917,560.0,"[gte:994.02, lte:2478.96]",11424.0,,["106.21PV"],"["OUDMAIJER, R.D."]","ESO, PHASE3",XSHOOTER,G231.7986,,2020-12-07T09:37:49.000,POSITION J2000 109.899215 -17.65536,109.899215,-17.65536,ADP.2020-12-07T09:12:58.211,1,2021-11-27T05:55:22.000,10628528,1362,,262.5,231.798721,-1.969032,,,,,,2,2020-11-27T05:48:27.160,59180.24198102,560.0,G231.7986_2902689_2020-11-27T05:38:30.918_S0.4x11_NIR_NOD,ESO-VLT-U3,"ECHELLE,SLIT,NODDING",["2902689"],IDP,XS_SFLX_2902689_2020-11-27T05:38:30.918_S0.4x11_NIR_NOD.fits,,,true
http://archive.eso.org/datalink/links?ID=ivo://eso.org/ID?ADP.2020-12-07T09:12:58.239,,SPECTRUM,SPECTRUM (FLUX CALIBRATED),XSHOOTER,La Silla Paranal APEX,Non-solar,59180.23504183,2020-11-27T05:38:27.617,560.0,"[gte:533.66, lte:1020.0]",5040.0,,["106.21PV"],"["OUDMAIJER, R.D."]","ESO, PHASE3",XSHOOTER,G231.7986,,2020-12-07T09:37:49.000,POSITION J2000 109.899215 -17.65536,109.899215,-17.65536,ADP.2020-12-07T09:12:58.239,1,2021-11-27T05:55:22.000,10628535,1330,,453.5,231.798721,-1.969032,,,,,,2,2020-11-27T05:48:24.463,59180.24194979,560.0,G231.7986_2902689_2020-11-27T05:38:27.615_S1.5x11_2x2_VIS_NOD,ESO-VLT-U3,"ECHELLE,SLIT,NODDING",["2902689"],IDP,XS_SFLX_2902689_2020-11-27T05:38:27.615_S1.5x11_2x2_VIS_NOD.fits,,,truehttp://archive.eso.org/datalink/links?ID=ivo://eso.org/ID?ADP.2014-05-15T14:17:14.847,,SPECTRUM,SPECTRUM (FLUX CALIBRATED),XSHOOTER,La Silla Paranal APEX,Non-solar,55251.16239986,2010-02-24T03:53:51.347,1280.0,"[gte:994.02, lte:2478.96]",11424.0,,["084.C-0952"],"["OUDMAIJER, R.D."]","ESO, PHASE3",XSHOOTER,PDS-133,,2014-05-15T00:00:00.000,POSITION J2000 111.271389 -25.76366,111.271389,-25.76366,ADP.2014-05-15T14:17:14.847,1,2011-04-09T13:13:07.733,437566,1350,,53.9,239.572285,-4.642938,,,,,,2,2010-02-24T04:18:23.450,55251.17943808,1280.0,PDS-133_387877_2010-02-24T03:53:51.348_S0.4x11_NIR_NOD,ESO-VLT-U2,"ECHELLE,SLIT,NODDING",["387877"],IDP,XS_SFLX_387877_2010-02-24T03:53:51.348_S0.4x11_NIR_NOD.fits,,,true
http://archive.eso.org/datalink/links?ID=ivo://eso.org/ID?ADP.2014-05-15T14:17:14.337,,SPECTRUM,SPECTRUM (FLUX CALIBRATED),XSHOOTER,La Silla Paranal APEX,Non-solar,55251.16236209,2010-02-24T03:53:48.087,1200.0,"[gte:533.66, lte:1020.0]",18340.0,,["084.C-0952"],"["OUDMAIJER, R.D."]","ESO, PHASE3",XSHOOTER,PDS-133,,2014-05-15T00:00:00.000,POSITION J2000 111.271389 -25.76366,111.271389,-25.76366,ADP.2014-05-15T14:17:14.337,1,2011-04-09T13:13:07.637,437552,1319,,60.9,239.572284,-4.642938,,,,,,2,2010-02-24T04:17:31.300,55251.17883449,1200.0,PDS-133_387877_2010-02-24T03:53:48.085_S0.4x11_1x1_VIS_NOD,ESO-VLT-U2,"ECHELLE,SLIT,NODDING",["387877"],IDP,XS_SFLX_387877_2010-02-24T03:53:48.085_S0.4x11_1x1_VIS_NOD.fits,,,true
http://archive.eso.org/datalink/links?ID=ivo://eso.org/ID?ADP.2014-05-15T14:17:14.790,,SPECTRUM,SPECTRUM (FLUX CALIBRATED),XSHOOTER,La Silla Paranal APEX,Non-solar,55251.16230178,2010-02-24T03:53:42.873,1200.0,"[gte:298.92, lte:555.98]",9861.0,,["084.C-0952"],"["OUDMAIJER, R.D."]","ESO, PHASE3",XSHOOTER,PDS-133,,2014-05-15T00:00:00.000,POSITION J2000 111.271389 -25.76366,111.271389,-25.76366,ADP.2014-05-15T14:17:14.790,1,2011-04-09T13:13:07.610,437534,722,,31.7,239.572284,-4.642938,,,,,,2,2010-02-24T04:17:26.100,55251.1787743,1200.0,PDS-133_387877_2010-02-24T03:53:42.874_S0.5x11_1x1_UVB_NOD,ESO-VLT-U2,"ECHELLE,SLIT,NODDING",["387877"],IDP,XS_SFLX_387877_2010-02-24T03:53:42.874_S0.5x11_1x1_UVB_NOD.fits,,,true
http://archive.eso.org/datalink/links?ID=ivo://eso.org/ID?ADP.2014-05-15T14:17:14.503,,SPECTRUM,SPECTRUM (FLUX CALIBRATED),XSHOOTER,La Silla Paranal APEX,Non-solar,55251.16118163,2010-02-24T03:52:06.093,1.0,"[gte:994.02, lte:2478.96]",11424.0,,["084.C-0952"],"["OUDMAIJER, R.D."]","ESO, PHASE3",XSHOOTER,PDS-133,,2014-05-15T00:00:00.000,POSITION J2000 111.270482 -25.76361,111.270482,-25.76361,ADP.2014-05-15T14:17:14.503,1,2011-04-09T13:13:06.750,437586,1350,,0.4,239.571857,-4.643636,,,,,,2,2010-02-24T03:52:07.093,55251.1611932,1.0,PDS-133_387877_2010-02-24T03:52:06.093_S0.4x11_NIR_STA,ESO-VLT-U2,"ECHELLE,SLIT,STARE",["387877"],IDP,XS_SFLX_387877_2010-02-24T03:52:06.093_S0.4x11_NIR_STA.fits,,,true
http://archive.eso.org/datalink/links?ID=ivo://eso.org/ID?ADP.2014-05-15T14:17:15.763,,SPECTRUM,SPECTRUM (FLUX CALIBRATED),XSHOOTER,La Silla Paranal APEX,Non-solar,55251.16114682,2010-02-24T03:52:03.087,20.0,"[gte:533.66, lte:1020.0]",18340.0,,["084.C-0952"],"["OUDMAIJER, R.D."]","ESO, PHASE3",XSHOOTER,PDS-133,,2014-05-15T00:00:00.000,POSITION J2000 111.270482 -25.76361,111.270482,-25.76361,ADP.2014-05-15T14:17:15.763,1,2011-04-09T13:13:06.727,437570,1321,,4.8,239.571856,-4.643636,,,,,,2,2010-02-24T03:52:23.087,55251.1613783,20.0,PDS-133_387877_2010-02-24T03:52:03.085_S0.4x11_1x1_VIS_STA,ESO-VLT-U2,"ECHELLE,SLIT,STARE",["387877"],IDP,XS_SFLX_387877_2010-02-24T03:52:03.085_S0.4x11_1x1_VIS_STA.fits,,,truehttp://archive.eso.org/datalink/links?ID=ivo://eso.org/ID?ADP.2014-05-15T14:17:15.823,,SPECTRUM,SPECTRUM (FLUX CALIBRATED),XSHOOTER,La Silla Paranal APEX,Non-solar,55251.19196523,2010-02-24T04:36:25.797,160.0,"[gte:994.02, lte:2478.96]",11424.0,,["084.C-0952"],"["OUDMAIJER, R.D."]","ESO, PHASE3",XSHOOTER,HD-59319,,2014-05-15T00:00:00.000,POSITION J2000 112.153981 -21.96347,112.153981,-21.96347,ADP.2014-05-15T14:17:15.823,1,2011-04-09T13:12:22.400,437587,1347,,82.6,236.600726,-2.134024,,,,,,2,2010-02-24T04:42:54.557,55251.19646478,160.0,HD-59319_387812_2010-02-24T04:36:25.796_S0.4x11_NIR_NOD,ESO-VLT-U2,"ECHELLE,SLIT,NODDING",["387812"],IDP,XS_SFLX_387812_2010-02-24T04:36:25.796_S0.4x11_NIR_NOD.fits,,,true
http://archive.eso.org/datalink/links?ID=ivo://eso.org/ID?ADP.2014-05-15T14:17:15.810,,SPECTRUM,SPECTRUM (FLUX CALIBRATED),XSHOOTER,La Silla Paranal APEX,Non-solar,55251.19193347,2010-02-24T04:36:23.053,70.0,"[gte:533.66, lte:1020.0]",18340.0,,["084.C-0952"],"["OUDMAIJER, R.D."]","ESO, PHASE3",XSHOOTER,HD-59319,,2014-05-15T00:00:00.000,POSITION J2000 112.153981 -21.96347,112.153981,-21.96347,ADP.2014-05-15T14:17:15.810,1,2011-04-09T13:12:22.377,437529,1319,,193.8,236.600725,-2.134024,,,,,,2,2010-02-24T04:42:21.253,55251.1960793,70.0,HD-59319_387812_2010-02-24T04:36:23.052_S0.4x11_1x1_VIS_NOD,ESO-VLT-U2,"ECHELLE,SLIT,NODDING",["387812"],IDP,XS_SFLX_387812_2010-02-24T04:36:23.052_S0.4x11_1x1_VIS_NOD.fits,,,true
http://archive.eso.org/datalink/links?ID=ivo://eso.org/ID?ADP.2014-05-15T14:17:16.100,,SPECTRUM,SPECTRUM (FLUX CALIBRATED),XSHOOTER,La Silla Paranal APEX,Non-solar,55251.19187363,2010-02-24T04:36:17.883,80.0,"[gte:298.92, lte:555.98]",9861.0,,["084.C-0952"],"["OUDMAIJER, R.D."]","ESO, PHASE3",XSHOOTER,HD-59319,,2014-05-15T00:00:00.000,POSITION J2000 112.153981 -21.96347,112.153981,-21.96347,ADP.2014-05-15T14:17:16.100,1,2011-04-09T13:12:22.423,437550,722,,384.8,236.600725,-2.134024,,,,,,2,2010-02-24T04:43:09.667,55251.19663965,80.0,HD-59319_387812_2010-02-24T04:36:17.882_S0.5x11_1x1_UVB_NOD,ESO-VLT-U2,"ECHELLE,SLIT,NODDING",["387812"],IDP,XS_SFLX_387812_2010-02-24T04:36:17.882_S0.5x11_1x1_UVB_NOD.fits,,,true
http://archive.eso.org/datalink/links?ID=ivo://eso.org/ID?ADP.2014-05-15T14:17:15.670,,SPECTRUM,SPECTRUM (FLUX CALIBRATED),XSHOOTER,La Silla Paranal APEX,Non-solar,55251.19103793,2010-02-24T04:35:05.677,1.0,"[gte:994.02, lte:2478.96]",11424.0,,["084.C-0952"],"["OUDMAIJER, R.D."]","ESO, PHASE3",XSHOOTER,HD-59319,,2014-05-15T00:00:00.000,POSITION J2000 112.153142 -21.9633,112.153142,-21.9633,ADP.2014-05-15T14:17:15.670,1,2011-04-09T13:12:21.450,437553,1350,,6.5,236.600205,-2.134627,,,,,,2,2010-02-24T04:35:06.677,55251.1910495,1.0,HD-59319_387812_2010-02-24T04:35:05.677_S0.4x11_NIR_STA,ESO-VLT-U2,"ECHELLE,SLIT,STARE",["387812"],IDP,XS_SFLX_387812_2010-02-24T04:35:05.677_S0.4x11_NIR_STA.fits,,,true
http://archive.eso.org/datalink/links?ID=ivo://eso.org/ID?ADP.2014-05-15T14:17:14.290,,SPECTRUM,SPECTRUM (FLUX CALIBRATED),XSHOOTER,La Silla Paranal APEX,Non-solar,55251.19100446,2010-02-24T04:35:02.787,1.0,"[gte:533.66, lte:1020.0]",18340.0,,["084.C-0952"],"["OUDMAIJER, R.D."]","ESO, PHASE3",XSHOOTER,HD-59319,,2014-05-15T00:00:00.000,POSITION J2000 112.153142 -21.9633,112.153142,-21.9633,ADP.2014-05-15T14:17:14.290,1,2011-04-09T13:12:21.427,437535,1321,,21.8,236.600204,-2.134626,,,,,,2,2010-02-24T04:35:03.787,55251.19101603,1.0,HD-59319_387812_2010-02-24T04:35:02.785_S0.4x11_1x1_VIS_STA,ESO-VLT-U2,"ECHELLE,SLIT,STARE",["387812"],IDP,XS_SFLX_387812_2010-02-24T04:35:02.785_S0.4x11_1x1_VIS_STA.fits,,,truehttp://archive.eso.org/datalink/links?ID=ivo://eso.org/ID?ADP.2014-05-15T14:17:15.543,,SPECTRUM,SPECTRUM (FLUX CALIBRATED),XSHOOTER,La Silla Paranal APEX,Non-solar,55251.21433265,2010-02-24T05:08:38.340,1200.0,"[gte:994.02, lte:2478.96]",11424.0,,["084.C-0952"],"["OUDMAIJER, R.D."]","ESO, PHASE3",XSHOOTER,PDS-134,,2014-05-15T00:00:00.000,POSITION J2000 113.111864 -21.92648,113.111864,-21.92648,ADP.2014-05-15T14:17:15.543,1,2011-04-09T13:13:06.520,437577,1347,,119.0,236.994591,-1.33667,,,,,,2,2010-02-24T05:31:16.460,55251.23005162,1200.0,PDS-134_387875_2010-02-24T05:08:38.341_S0.4x11_NIR_NOD,ESO-VLT-U2,"ECHELLE,SLIT,NODDING",["387875"],IDP,XS_SFLX_387875_2010-02-24T05:08:38.341_S0.4x11_NIR_NOD.fits,,,true
http://archive.eso.org/datalink/links?ID=ivo://eso.org/ID?ADP.2014-05-15T14:17:15.603,,SPECTRUM,SPECTRUM (FLUX CALIBRATED),XSHOOTER,La Silla Paranal APEX,Non-solar,55251.21429544,2010-02-24T05:08:35.127,1200.0,"[gte:533.66, lte:1020.0]",18340.0,,["084.C-0952"],"["OUDMAIJER, R.D."]","ESO, PHASE3",XSHOOTER,PDS-134,,2014-05-15T00:00:00.000,POSITION J2000 113.111864 -21.92648,113.111864,-21.92648,ADP.2014-05-15T14:17:15.603,1,2011-04-09T13:13:06.493,437585,1319,,175.0,236.99459,-1.33667,,,,,,2,2010-02-24T05:31:13.327,55251.23001533,1200.0,PDS-134_387875_2010-02-24T05:08:35.126_S0.4x11_1x1_VIS_NOD,ESO-VLT-U2,"ECHELLE,SLIT,NODDING",["387875"],IDP,XS_SFLX_387875_2010-02-24T05:08:35.126_S0.4x11_1x1_VIS_NOD.fits,,,true
http://archive.eso.org/datalink/links?ID=ivo://eso.org/ID?ADP.2014-05-15T14:17:15.757,,SPECTRUM,SPECTRUM (FLUX CALIBRATED),XSHOOTER,La Silla Paranal APEX,Non-solar,55251.2142349,2010-02-24T05:08:29.897,1200.0,"[gte:298.92, lte:555.98]",9861.0,,["084.C-0952"],"["OUDMAIJER, R.D."]","ESO, PHASE3",XSHOOTER,PDS-134,,2014-05-15T00:00:00.000,POSITION J2000 113.111864 -21.92648,113.111864,-21.92648,ADP.2014-05-15T14:17:15.757,1,2011-04-09T13:13:06.460,437555,722,,196.5,236.99459,-1.33667,,,,,,2,2010-02-24T05:31:08.117,55251.22995503,1200.0,PDS-134_387875_2010-02-24T05:08:29.895_S0.5x11_1x1_UVB_NOD,ESO-VLT-U2,"ECHELLE,SLIT,NODDING",["387875"],IDP,XS_SFLX_387875_2010-02-24T05:08:29.895_S0.5x11_1x1_UVB_NOD.fits,,,true
http://archive.eso.org/datalink/links?ID=ivo://eso.org/ID?ADP.2014-05-15T14:17:14.710,,SPECTRUM,SPECTRUM (FLUX CALIBRATED),XSHOOTER,La Silla Paranal APEX,Non-solar,55251.20853154,2010-02-24T05:00:17.127,1.0,"[gte:994.02, lte:2478.96]",11424.0,,["084.C-0952"],"["OUDMAIJER, R.D."]","ESO, PHASE3",XSHOOTER,PDS-134,,2014-05-15T00:00:00.000,POSITION J2000 113.111014 -21.92631,113.111014,-21.92631,ADP.2014-05-15T14:17:14.710,1,2011-04-09T13:13:06.187,437541,1350,,0.3,236.994061,-1.337279,,,,,,2,2010-02-24T05:00:18.127,55251.20854311,1.0,PDS-134_387875_2010-02-24T05:00:17.125_S0.4x11_NIR_STA,ESO-VLT-U2,"ECHELLE,SLIT,STARE",["387875"],IDP,XS_SFLX_387875_2010-02-24T05:00:17.125_S0.4x11_NIR_STA.fits,,,true
http://archive.eso.org/datalink/links?ID=ivo://eso.org/ID?ADP.2014-05-15T14:17:15.177,,SPECTRUM,SPECTRUM (FLUX CALIBRATED),XSHOOTER,La Silla Paranal APEX,Non-solar,55251.20849449,2010-02-24T05:00:13.923,60.0,"[gte:533.66, lte:1020.0]",18340.0,,["084.C-0952"],"["OUDMAIJER, R.D."]","ESO, PHASE3",XSHOOTER,PDS-134,,2014-05-15T00:00:00.000,POSITION J2000 113.111014 -21.92631,113.111014,-21.92631,ADP.2014-05-15T14:17:15.177,1,2011-04-09T13:13:06.163,437558,1321,,39.6,236.994061,-1.337278,,,,,,2,2010-02-24T05:01:13.923,55251.20918893,60.0,PDS-134_387875_2010-02-24T05:00:13.924_S0.4x11_1x1_VIS_STA,ESO-VLT-U2,"ECHELLE,SLIT,STARE",["387875"],IDP,XS_SFLX_387875_2010-02-24T05:00:13.924_S0.4x11_1x1_VIS_STA.fits,,,truehttp://archive.eso.org/datalink/links?ID=ivo://eso.org/ID?ADP.2014-05-13T15:35:39.687,,SPECTRUM,SPECTRUM (FLUX CALIBRATED),XSHOOTER,La Silla Paranal APEX,Non-solar,55186.26586437,2009-12-21T06:22:50.683,180.0,"[gte:994.02, lte:2478.96]",11424.0,,["084.C-0952"],"["OUDMAIJER, R.D."]","ESO, PHASE3",XSHOOTER,PDS-272,,2014-05-13T00:00:00.000,POSITION J2000 122.934766 -44.08544,122.934766,-44.08544,ADP.2014-05-13T15:35:39.687,1,2011-04-09T13:13:05.913,435849,1347,,179.8,260.251371,-5.612896,,,,,,2,2009-12-21T06:30:24.223,55186.27111368,180.0,PDS-272_387873_2009-12-21T06:22:50.682_S0.4x11_NIR_NOD,ESO-VLT-U2,"ECHELLE,SLIT,NODDING",["387873"],IDP,XS_SFLX_387873_2009-12-21T06:22:50.682_S0.4x11_NIR_NOD.fits,,,true
http://archive.eso.org/datalink/links?ID=ivo://eso.org/ID?ADP.2014-05-13T15:35:39.057,,SPECTRUM,SPECTRUM (FLUX CALIBRATED),XSHOOTER,La Silla Paranal APEX,Non-solar,55186.26582486,2009-12-21T06:22:47.267,160.0,"[gte:533.66, lte:1020.0]",18340.0,,["084.C-0952"],"["OUDMAIJER, R.D."]","ESO, PHASE3",XSHOOTER,PDS-272,,2014-05-13T00:00:00.000,POSITION J2000 122.934766 -44.08544,122.934766,-44.08544,ADP.2014-05-13T15:35:39.057,1,2011-04-09T13:13:05.970,435839,1319,,219.1,260.25137,-5.612895,,,,,,2,2009-12-21T06:31:01.370,55186.27154362,160.0,PDS-272_387873_2009-12-21T06:22:47.268_S0.4x11_1x1_VIS_NOD,ESO-VLT-U2,"ECHELLE,SLIT,NODDING",["387873"],IDP,XS_SFLX_387873_2009-12-21T06:22:47.268_S0.4x11_1x1_VIS_NOD.fits,,,true
http://archive.eso.org/datalink/links?ID=ivo://eso.org/ID?ADP.2014-05-13T15:35:39.433,,SPECTRUM,SPECTRUM (FLUX CALIBRATED),XSHOOTER,La Silla Paranal APEX,Non-solar,55186.26576502,2009-12-21T06:22:42.097,160.0,"[gte:298.92, lte:555.98]",9861.0,,["084.C-0952"],"["OUDMAIJER, R.D."]","ESO, PHASE3",XSHOOTER,PDS-272,,2014-05-13T00:00:00.000,POSITION J2000 122.934766 -44.08544,122.934766,-44.08544,ADP.2014-05-13T15:35:39.433,1,2011-04-09T13:13:05.947,435832,722,,282.1,260.25137,-5.612895,,,,,,2,2009-12-21T06:30:55.117,55186.27147127,160.0,PDS-272_387873_2009-12-21T06:22:42.098_S0.5x11_1x1_UVB_NOD,ESO-VLT-U2,"ECHELLE,SLIT,NODDING",["387873"],IDP,XS_SFLX_387873_2009-12-21T06:22:42.098_S0.5x11_1x1_UVB_NOD.fits,,,true
http://archive.eso.org/datalink/links?ID=ivo://eso.org/ID?ADP.2014-05-13T15:35:40.040,,SPECTRUM,SPECTRUM (FLUX CALIBRATED),XSHOOTER,La Silla Paranal APEX,Non-solar,55186.26515634,2009-12-21T06:21:49.507,1.0,"[gte:994.02, lte:2478.96]",11424.0,,["084.C-0952"],"["OUDMAIJER, R.D."]","ESO, PHASE3",XSHOOTER,PDS-272,,2014-05-13T00:00:00.000,POSITION J2000 122.935146 -44.08606,122.935146,-44.08606,ADP.2014-05-13T15:35:40.040,1,2011-04-09T13:13:05.140,435807,1350,,8.0,260.252043,-5.613003,,,,,,2,2009-12-21T06:21:50.507,55186.26516791,1.0,PDS-272_387873_2009-12-21T06:21:49.508_S0.4x11_NIR_STA,ESO-VLT-U2,"ECHELLE,SLIT,STARE",["387873"],IDP,XS_SFLX_387873_2009-12-21T06:21:49.508_S0.4x11_NIR_STA.fits,,,true
http://archive.eso.org/datalink/links?ID=ivo://eso.org/ID?ADP.2014-05-13T15:35:38.977,,SPECTRUM,SPECTRUM (FLUX CALIBRATED),XSHOOTER,La Silla Paranal APEX,Non-solar,55186.2651204,2009-12-21T06:21:46.403,5.0,"[gte:533.66, lte:1020.0]",18340.0,,["084.C-0952"],"["OUDMAIJER, R.D."]","ESO, PHASE3",XSHOOTER,PDS-272,,2014-05-13T00:00:00.000,POSITION J2000 122.935146 -44.08606,122.935146,-44.08606,ADP.2014-05-13T15:35:38.977,1,2011-04-09T13:13:05.100,435827,1321,,36.4,260.252042,-5.613003,,,,,,2,2009-12-21T06:21:51.403,55186.26517827,5.0,PDS-272_387873_2009-12-21T06:21:46.403_S0.4x11_1x1_VIS_STA,ESO-VLT-U2,"ECHELLE,SLIT,STARE",["387873"],IDP,XS_SFLX_387873_2009-12-21T06:21:46.403_S0.4x11_1x1_VIS_STA.fits,,,truehttp://archive.eso.org/datalink/links?ID=ivo://eso.org/ID?ADP.2014-05-13T15:33:57.837,,SPECTRUM,SPECTRUM (FLUX CALIBRATED),XSHOOTER,La Silla Paranal APEX,Non-solar,55184.35300448,2009-12-19T08:28:19.587,160.0,"[gte:994.02, lte:2478.96]",11424.0,,["084.C-0952"],"["OUDMAIJER, R.D."]","ESO, PHASE3",XSHOOTER,PDS-31,,2014-05-13T00:00:00.000,POSITION J2000 127.396045 -38.60514,127.396045,-38.60514,ADP.2014-05-13T15:33:57.837,1,2011-04-09T13:13:04.837,435779,1347,,57.7,257.623629,0.246844,,,,,,2,2009-12-19T08:34:47.057,55184.35748906,160.0,PDS-31_387871_2009-12-19T08:28:19.587_S0.4x11_NIR_NOD,ESO-VLT-U2,"ECHELLE,SLIT,NODDING",["387871"],IDP,XS_SFLX_387871_2009-12-19T08:28:19.587_S0.4x11_NIR_NOD.fits,,,true
http://archive.eso.org/datalink/links?ID=ivo://eso.org/ID?ADP.2014-05-13T15:33:57.233,,SPECTRUM,SPECTRUM (FLUX CALIBRATED),XSHOOTER,La Silla Paranal APEX,Non-solar,55184.3529668,2009-12-19T08:28:16.333,80.0,"[gte:533.66, lte:1020.0]",18340.0,,["084.C-0952"],"["OUDMAIJER, R.D."]","ESO, PHASE3",XSHOOTER,PDS-31,,2014-05-13T00:00:00.000,POSITION J2000 127.396045 -38.60514,127.396045,-38.60514,ADP.2014-05-13T15:33:57.233,1,2011-04-09T13:13:05.007,435777,1319,,142.1,257.623629,0.246843,,,,,,2,2009-12-19T08:35:11.777,55184.3577752,80.0,PDS-31_387871_2009-12-19T08:28:16.332_S0.4x11_1x1_VIS_NOD,ESO-VLT-U2,"ECHELLE,SLIT,NODDING",["387871"],IDP,XS_SFLX_387871_2009-12-19T08:28:16.332_S0.4x11_1x1_VIS_NOD.fits,,,true
http://archive.eso.org/datalink/links?ID=ivo://eso.org/ID?ADP.2014-05-13T15:33:57.120,,SPECTRUM,SPECTRUM (FLUX CALIBRATED),XSHOOTER,La Silla Paranal APEX,Non-solar,55184.35290638,2009-12-19T08:28:11.110,80.0,"[gte:298.92, lte:555.98]",9861.0,,["084.C-0952"],"["OUDMAIJER, R.D."]","ESO, PHASE3",XSHOOTER,PDS-31,,2014-05-13T00:00:00.000,POSITION J2000 127.396045 -38.60514,127.396045,-38.60514,ADP.2014-05-13T15:33:57.120,1,2011-04-09T13:13:04.860,435768,722,,233.4,257.623629,0.246843,,,,,,2,2009-12-19T08:35:03.047,55184.35767414,80.0,PDS-31_387871_2009-12-19T08:28:11.111_S0.5x11_1x1_UVB_NOD,ESO-VLT-U2,"ECHELLE,SLIT,NODDING",["387871"],IDP,XS_SFLX_387871_2009-12-19T08:28:11.111_S0.5x11_1x1_UVB_NOD.fits,,,true
http://archive.eso.org/datalink/links?ID=ivo://eso.org/ID?ADP.2014-05-13T15:33:58.023,,SPECTRUM,SPECTRUM (FLUX CALIBRATED),XSHOOTER,La Silla Paranal APEX,Non-solar,55184.3523174,2009-12-19T08:27:20.223,1.0,"[gte:994.02, lte:2478.96]",11424.0,,["084.C-0952"],"["OUDMAIJER, R.D."]","ESO, PHASE3",XSHOOTER,PDS-31,,2014-05-13T00:00:00.000,POSITION J2000 127.395254 -38.60568,127.395254,-38.60568,ADP.2014-05-13T15:33:58.023,1,2011-04-09T13:13:04.290,435785,1350,,2.9,257.623704,0.246026,,,,,,2,2009-12-19T08:27:21.223,55184.35232897,1.0,PDS-31_387871_2009-12-19T08:27:20.223_S0.4x11_NIR_STA,ESO-VLT-U2,"ECHELLE,SLIT,STARE",["387871"],IDP,XS_SFLX_387871_2009-12-19T08:27:20.223_S0.4x11_NIR_STA.fits,,,true
http://archive.eso.org/datalink/links?ID=ivo://eso.org/ID?ADP.2014-05-13T15:33:57.400,,SPECTRUM,SPECTRUM (FLUX CALIBRATED),XSHOOTER,La Silla Paranal APEX,Non-solar,55184.35228202,2009-12-19T08:27:17.167,1.0,"[gte:533.66, lte:1020.0]",18340.0,,["084.C-0952"],"["OUDMAIJER, R.D."]","ESO, PHASE3",XSHOOTER,PDS-31,,2014-05-13T00:00:00.000,POSITION J2000 127.395254 -38.60568,127.395254,-38.60568,ADP.2014-05-13T15:33:57.400,1,2011-04-09T13:13:04.253,435774,1321,,10.7,257.623703,0.246026,,,,,,2,2009-12-19T08:27:18.167,55184.35229359,1.0,PDS-31_387871_2009-12-19T08:27:17.167_S0.4x11_1x1_VIS_STA,ESO-VLT-U2,"ECHELLE,SLIT,STARE",["387871"],IDP,XS_SFLX_387871_2009-12-19T08:27:17.167_S0.4x11_1x1_VIS_STA.fits,,,truehttp://archive.eso.org/datalink/links?ID=ivo://eso.org/ID?ADP.2014-05-13T15:35:39.270,,SPECTRUM,SPECTRUM (FLUX CALIBRATED),XSHOOTER,La Silla Paranal APEX,Non-solar,55186.30231362,2009-12-21T07:15:19.897,600.0,"[gte:994.02, lte:2478.96]",11424.0,,["084.C-0952"],"["OUDMAIJER, R.D."]","ESO, PHASE3",XSHOOTER,TYC-8581-2002-1,,2014-05-13T00:00:00.000,POSITION J2000 131.097942 -59.94884,131.097942,-59.94884,ADP.2014-05-13T15:35:39.270,1,2011-04-09T13:13:04.163,435828,1347,,98.6,276.263857,-10.59236,,,,,,2,2009-12-21T07:27:56.300,55186.31106829,600.0,TYC-8581-2002-1_387869_2009-12-21T07:15:19.897_S0.4x11_NIR_NOD,ESO-VLT-U2,"ECHELLE,SLIT,NODDING",["387869"],IDP,XS_SFLX_387869_2009-12-21T07:15:19.897_S0.4x11_NIR_NOD.fits,,,true
http://archive.eso.org/datalink/links?ID=ivo://eso.org/ID?ADP.2014-05-13T15:35:39.573,,SPECTRUM,SPECTRUM (FLUX CALIBRATED),XSHOOTER,La Silla Paranal APEX,Non-solar,55186.30228066,2009-12-21T07:15:17.050,600.0,"[gte:533.66, lte:1020.0]",18340.0,,["084.C-0952"],"["OUDMAIJER, R.D."]","ESO, PHASE3",XSHOOTER,TYC-8581-2002-1,,2014-05-13T00:00:00.000,POSITION J2000 131.097942 -59.94884,131.097942,-59.94884,ADP.2014-05-13T15:35:39.573,1,2011-04-09T13:13:04.130,435822,1319,,217.7,276.263857,-10.592359,,,,,,2,2009-12-21T07:27:53.440,55186.3110352,600.0,TYC-8581-2002-1_387869_2009-12-21T07:15:17.049_S0.4x11_1x1_VIS_NOD,ESO-VLT-U2,"ECHELLE,SLIT,NODDING",["387869"],IDP,XS_SFLX_387869_2009-12-21T07:15:17.049_S0.4x11_1x1_VIS_NOD.fits,,,true
http://archive.eso.org/datalink/links?ID=ivo://eso.org/ID?ADP.2014-05-13T15:35:39.727,,SPECTRUM,SPECTRUM (FLUX CALIBRATED),XSHOOTER,La Silla Paranal APEX,Non-solar,55186.30222035,2009-12-21T07:15:11.837,600.0,"[gte:298.92, lte:555.98]",9861.0,,["084.C-0952"],"["OUDMAIJER, R.D."]","ESO, PHASE3",XSHOOTER,TYC-8581-2002-1,,2014-05-13T00:00:00.000,POSITION J2000 131.097943 -59.94884,131.097943,-59.94884,ADP.2014-05-13T15:35:39.727,1,2011-04-09T13:13:04.090,435821,722,,236.3,276.263857,-10.592359,,,,,,2,2009-12-21T07:27:47.800,55186.31096991,600.0,TYC-8581-2002-1_387869_2009-12-21T07:15:11.838_S0.5x11_1x1_UVB_NOD,ESO-VLT-U2,"ECHELLE,SLIT,NODDING",["387869"],IDP,XS_SFLX_387869_2009-12-21T07:15:11.838_S0.5x11_1x1_UVB_NOD.fits,,,true
http://archive.eso.org/datalink/links?ID=ivo://eso.org/ID?ADP.2014-05-13T15:35:40.147,,SPECTRUM,SPECTRUM (FLUX CALIBRATED),XSHOOTER,La Silla Paranal APEX,Non-solar,55186.30144936,2009-12-21T07:14:05.227,1.0,"[gte:994.02, lte:2478.96]",11424.0,,["084.C-0952"],"["OUDMAIJER, R.D."]","ESO, PHASE3",XSHOOTER,TYC-8581-2002-1,,2014-05-13T00:00:00.000,POSITION J2000 131.098127 -59.94963,131.098127,-59.94963,ADP.2014-05-13T15:35:40.147,1,2011-04-09T13:13:03.643,435810,1350,,1.1,276.264555,-10.592763,,,,,,2,2009-12-21T07:14:06.223,55186.30146093,1.0,TYC-8581-2002-1_387869_2009-12-21T07:14:05.225_S0.4x11_NIR_STA,ESO-VLT-U2,"ECHELLE,SLIT,STARE",["387869"],IDP,XS_SFLX_387869_2009-12-21T07:14:05.225_S0.4x11_NIR_STA.fits,,,true
http://archive.eso.org/datalink/links?ID=ivo://eso.org/ID?ADP.2014-05-13T15:35:40.493,,SPECTRUM,SPECTRUM (FLUX CALIBRATED),XSHOOTER,La Silla Paranal APEX,Non-solar,55186.30140998,2009-12-21T07:14:01.823,20.0,"[gte:533.66, lte:1020.0]",18340.0,,["084.C-0952"],"["OUDMAIJER, R.D."]","ESO, PHASE3",XSHOOTER,TYC-8581-2002-1,,2014-05-13T00:00:00.000,POSITION J2000 131.098127 -59.94963,131.098127,-59.94963,ADP.2014-05-13T15:35:40.493,1,2011-04-09T13:13:03.620,435823,1321,,50.2,276.264555,-10.592762,,,,,,2,2009-12-21T07:14:21.823,55186.30164146,20.0,TYC-8581-2002-1_387869_2009-12-21T07:14:01.822_S0.4x11_1x1_VIS_STA,ESO-VLT-U2,"ECHELLE,SLIT,STARE",["387869"],IDP,XS_SFLX_387869_2009-12-21T07:14:01.822_S0.4x11_1x1_VIS_STA.fits,,,truehttp://archive.eso.org/datalink/links?ID=ivo://eso.org/ID?ADP.2014-05-13T15:35:40.293,,SPECTRUM,SPECTRUM (FLUX CALIBRATED),XSHOOTER,La Silla Paranal APEX,Non-solar,55186.28065192,2009-12-21T06:44:08.327,1200.0,"[gte:994.02, lte:2478.96]",11424.0,,["084.C-0952"],"["OUDMAIJER, R.D."]","ESO, PHASE3",XSHOOTER,PDS-33,,2014-05-13T00:00:00.000,POSITION J2000 132.189275 -40.80561,132.189275,-40.80561,ADP.2014-05-13T15:35:40.293,1,2011-04-09T13:13:03.543,435846,1347,,179.0,261.613677,1.833678,,,,,,2,2009-12-21T07:06:44.450,55186.29634779,1200.0,PDS-33_387867_2009-12-21T06:44:08.326_S0.4x11_NIR_NOD,ESO-VLT-U2,"ECHELLE,SLIT,NODDING",["387867"],IDP,XS_SFLX_387867_2009-12-21T06:44:08.326_S0.4x11_NIR_NOD.fits,,,true
http://archive.eso.org/datalink/links?ID=ivo://eso.org/ID?ADP.2014-05-13T15:35:39.343,,SPECTRUM,SPECTRUM (FLUX CALIBRATED),XSHOOTER,La Silla Paranal APEX,Non-solar,55186.28061456,2009-12-21T06:44:05.097,1200.0,"[gte:533.66, lte:1020.0]",18340.0,,["084.C-0952"],"["OUDMAIJER, R.D."]","ESO, PHASE3",XSHOOTER,PDS-33,,2014-05-13T00:00:00.000,POSITION J2000 132.189275 -40.80561,132.189275,-40.80561,ADP.2014-05-13T15:35:39.343,1,2011-04-09T13:13:03.520,435801,1319,,176.5,261.613677,1.833678,,,,,,2,2009-12-21T07:06:41.190,55186.29631005,1200.0,PDS-33_387867_2009-12-21T06:44:05.098_S0.4x11_1x1_VIS_NOD,ESO-VLT-U2,"ECHELLE,SLIT,NODDING",["387867"],IDP,XS_SFLX_387867_2009-12-21T06:44:05.098_S0.4x11_1x1_VIS_NOD.fits,,,true
http://archive.eso.org/datalink/links?ID=ivo://eso.org/ID?ADP.2014-05-13T15:35:39.097,,SPECTRUM,SPECTRUM (FLUX CALIBRATED),XSHOOTER,La Silla Paranal APEX,Non-solar,55186.28055471,2009-12-21T06:43:59.927,1200.0,"[gte:298.92, lte:555.98]",9861.0,,["084.C-0952"],"["OUDMAIJER, R.D."]","ESO, PHASE3",XSHOOTER,PDS-33,,2014-05-13T00:00:00.000,POSITION J2000 132.189275 -40.80561,132.189275,-40.80561,ADP.2014-05-13T15:35:39.097,1,2011-04-09T13:13:03.497,435819,722,,198.2,261.613677,1.833678,,,,,,2,2009-12-21T07:06:36.017,55186.29625021,1200.0,PDS-33_387867_2009-12-21T06:43:59.927_S0.5x11_1x1_UVB_NOD,ESO-VLT-U2,"ECHELLE,SLIT,NODDING",["387867"],IDP,XS_SFLX_387867_2009-12-21T06:43:59.927_S0.5x11_1x1_UVB_NOD.fits,,,true
http://archive.eso.org/datalink/links?ID=ivo://eso.org/ID?ADP.2014-05-13T15:35:39.513,,SPECTRUM,SPECTRUM (FLUX CALIBRATED),XSHOOTER,La Silla Paranal APEX,Non-solar,55186.27930046,2009-12-21T06:42:11.560,1.0,"[gte:994.02, lte:2478.96]",11424.0,,["084.C-0952"],"["OUDMAIJER, R.D."]","ESO, PHASE3",XSHOOTER,PDS-33,,2014-05-13T00:00:00.000,POSITION J2000 132.189767 -40.80609,132.189767,-40.80609,ADP.2014-05-13T15:35:39.513,1,2011-04-09T13:13:03.237,435840,1350,,0.7,261.614285,1.833665,,,,,,2,2009-12-21T06:42:12.560,55186.27931203,1.0,PDS-33_387867_2009-12-21T06:42:11.560_S0.4x11_NIR_STA,ESO-VLT-U2,"ECHELLE,SLIT,STARE",["387867"],IDP,XS_SFLX_387867_2009-12-21T06:42:11.560_S0.4x11_NIR_STA.fits,,,true
http://archive.eso.org/datalink/links?ID=ivo://eso.org/ID?ADP.2014-05-13T15:35:39.383,,SPECTRUM,SPECTRUM (FLUX CALIBRATED),XSHOOTER,La Silla Paranal APEX,Non-solar,55186.27926838,2009-12-21T06:42:08.787,60.0,"[gte:533.66, lte:1020.0]",18340.0,,["084.C-0952"],"["OUDMAIJER, R.D."]","ESO, PHASE3",XSHOOTER,PDS-33,,2014-05-13T00:00:00.000,POSITION J2000 132.189767 -40.80609,132.189767,-40.80609,ADP.2014-05-13T15:35:39.383,1,2011-04-09T13:13:03.213,435808,1321,,36.7,261.614284,1.833664,,,,,,2,2009-12-21T06:43:08.787,55186.27996282,60.0,PDS-33_387867_2009-12-21T06:42:08.788_S0.4x11_1x1_VIS_STA,ESO-VLT-U2,"ECHELLE,SLIT,STARE",["387867"],IDP,XS_SFLX_387867_2009-12-21T06:42:08.788_S0.4x11_1x1_VIS_STA.fits,,,truehttp://archive.eso.org/datalink/links?ID=ivo://eso.org/ID?ADP.2014-05-15T08:52:44.257,,SPECTRUM,SPECTRUM (FLUX CALIBRATED),XSHOOTER,La Silla Paranal APEX,Non-solar,55226.27843891,2010-01-30T06:40:57.123,180.0,"[gte:994.02, lte:2478.96]",11424.0,,["084.C-0952"],"["OUDMAIJER, R.D."]","ESO, PHASE3",XSHOOTER,HD-76534,,2014-05-15T00:00:00.000,POSITION J2000 133.786982 -43.46593,133.786982,-43.46593,ADP.2014-05-15T08:52:44.257,1,2011-04-09T13:14:05.633,436937,1347,,221.6,264.418804,1.048512,,,,,,2,2010-01-30T06:50:11.807,55226.28485887,180.0,HD-76534_387966_2010-01-30T06:40:57.122_S0.4x11_NIR_NOD,ESO-VLT-U2,"ECHELLE,SLIT,NODDING",["387966"],IDP,XS_SFLX_387966_2010-01-30T06:40:57.122_S0.4x11_NIR_NOD.fits,,,true
http://archive.eso.org/datalink/links?ID=ivo://eso.org/ID?ADP.2014-05-15T08:52:44.023,,SPECTRUM,SPECTRUM (FLUX CALIBRATED),XSHOOTER,La Silla Paranal APEX,Non-solar,55226.27840436,2010-01-30T06:40:54.137,180.0,"[gte:533.66, lte:1020.0]",18340.0,,["084.C-0952"],"["OUDMAIJER, R.D."]","ESO, PHASE3",XSHOOTER,HD-76534,,2014-05-15T00:00:00.000,POSITION J2000 133.786982 -43.46593,133.786982,-43.46593,ADP.2014-05-15T08:52:44.023,1,2011-04-09T13:14:05.753,436974,1321,,346.9,264.418803,1.048511,,,,,,2,2010-01-30T06:51:28.457,55226.28574604,180.0,HD-76534_387966_2010-01-30T06:40:54.137_S0.4x11_1x1_VIS_NOD,ESO-VLT-U2,"ECHELLE,SLIT,NODDING",["387966"],IDP,XS_SFLX_387966_2010-01-30T06:40:54.137_S0.4x11_1x1_VIS_NOD.fits,,,true
http://archive.eso.org/datalink/links?ID=ivo://eso.org/ID?ADP.2014-05-15T08:52:43.450,,SPECTRUM,SPECTRUM (FLUX CALIBRATED),XSHOOTER,La Silla Paranal APEX,Non-solar,55226.27834393,2010-01-30T06:40:48.917,120.0,"[gte:298.92, lte:555.98]",9861.0,,["084.C-0952"],"["OUDMAIJER, R.D."]","ESO, PHASE3",XSHOOTER,HD-76534,,2014-05-15T00:00:00.000,POSITION J2000 133.786982 -43.46593,133.786982,-43.46593,ADP.2014-05-15T08:52:43.450,1,2011-04-09T13:14:05.727,436955,725,,341.1,264.418803,1.048511,,,,,,2,2010-01-30T06:51:16.937,55226.2856127,120.0,HD-76534_387966_2010-01-30T06:40:48.916_S0.5x11_1x1_UVB_NOD,ESO-VLT-U2,"ECHELLE,SLIT,NODDING",["387966"],IDP,XS_SFLX_387966_2010-01-30T06:40:48.916_S0.5x11_1x1_UVB_NOD.fits,,,true
http://archive.eso.org/datalink/links?ID=ivo://eso.org/ID?ADP.2014-05-15T08:52:43.550,,SPECTRUM,SPECTRUM (FLUX CALIBRATED),XSHOOTER,La Silla Paranal APEX,Non-solar,55226.27776191,2010-01-30T06:39:58.630,1.0,"[gte:994.02, lte:2478.96]",11424.0,,["084.C-0952"],"["OUDMAIJER, R.D."]","ESO, PHASE3",XSHOOTER,HD-76534,,2014-05-15T00:00:00.000,POSITION J2000 133.786064 -43.46641,133.786064,-43.46641,ADP.2014-05-15T08:52:43.550,1,2011-04-09T13:14:04.210,436934,1350,,14.4,264.41874,1.047693,,,,,,2,2010-01-30T06:39:59.630,55226.27777348,1.0,HD-76534_387966_2010-01-30T06:39:58.629_S0.4x11_NIR_STA,ESO-VLT-U2,"ECHELLE,SLIT,STARE",["387966"],IDP,XS_SFLX_387966_2010-01-30T06:39:58.629_S0.4x11_NIR_STA.fits,,,true
http://archive.eso.org/datalink/links?ID=ivo://eso.org/ID?ADP.2014-05-15T08:52:43.610,,SPECTRUM,SPECTRUM (FLUX CALIBRATED),XSHOOTER,La Silla Paranal APEX,Non-solar,55226.27772595,2010-01-30T06:39:55.523,1.0,"[gte:533.66, lte:1020.0]",18340.0,,["084.C-0952"],"["OUDMAIJER, R.D."]","ESO, PHASE3",XSHOOTER,HD-76534,,2014-05-15T00:00:00.000,POSITION J2000 133.786064 -43.46641,133.786064,-43.46641,ADP.2014-05-15T08:52:43.610,1,2011-04-09T13:14:04.187,436958,1321,,33.9,264.418739,1.047692,,,,,,2,2010-01-30T06:39:56.523,55226.27773752,1.0,HD-76534_387966_2010-01-30T06:39:55.522_S0.4x11_1x1_VIS_STA,ESO-VLT-U2,"ECHELLE,SLIT,STARE",["387966"],IDP,XS_SFLX_387966_2010-01-30T06:39:55.522_S0.4x11_1x1_VIS_STA.fits,,,truehttp://archive.eso.org/datalink/links?ID=ivo://eso.org/ID?ADP.2014-05-13T15:35:39.633,,SPECTRUM,SPECTRUM (FLUX CALIBRATED),XSHOOTER,La Silla Paranal APEX,Non-solar,55186.32711953,2009-12-21T07:51:03.127,60.0,"[gte:994.02, lte:2478.96]",11424.0,,["084.C-0952"],"["OUDMAIJER, R.D."]","ESO, PHASE3",XSHOOTER,PDS-281,,2014-05-13T00:00:00.000,POSITION J2000 133.941465 -44.41985,133.941465,-44.41985,ADP.2014-05-13T15:35:39.633,1,2011-04-09T13:13:02.793,435838,1347,,93.5,265.218543,0.516651,,,,,,2,2009-12-21T07:53:38.577,55186.32891873,60.0,PDS-281_387865_2009-12-21T07:51:03.127_S0.4x11_NIR_NOD,ESO-VLT-U2,"ECHELLE,SLIT,NODDING",["387865"],IDP,XS_SFLX_387865_2009-12-21T07:51:03.127_S0.4x11_NIR_NOD.fits,,,true
http://archive.eso.org/datalink/links?ID=ivo://eso.org/ID?ADP.2014-05-13T15:35:39.303,,SPECTRUM,SPECTRUM (FLUX CALIBRATED),XSHOOTER,La Silla Paranal APEX,Non-solar,55186.32708141,2009-12-21T07:50:59.833,60.0,"[gte:533.66, lte:1020.0]",18340.0,,["084.C-0952"],"["OUDMAIJER, R.D."]","ESO, PHASE3",XSHOOTER,PDS-281,,2014-05-13T00:00:00.000,POSITION J2000 133.941465 -44.41985,133.941465,-44.41985,ADP.2014-05-13T15:35:39.303,1,2011-04-09T13:13:03.133,435803,1319,,220.0,265.218542,0.51665,,,,,,2,2009-12-21T07:54:20.530,55186.32940428,60.0,PDS-281_387865_2009-12-21T07:50:59.834_S0.4x11_1x1_VIS_NOD,ESO-VLT-U2,"ECHELLE,SLIT,NODDING",["387865"],IDP,XS_SFLX_387865_2009-12-21T07:50:59.834_S0.4x11_1x1_VIS_NOD.fits,,,true
http://archive.eso.org/datalink/links?ID=ivo://eso.org/ID?ADP.2014-05-13T15:35:40.507,,SPECTRUM,SPECTRUM (FLUX CALIBRATED),XSHOOTER,La Silla Paranal APEX,Non-solar,55186.3270071,2009-12-21T07:50:53.413,60.0,"[gte:298.92, lte:555.98]",9861.0,,["084.C-0952"],"["OUDMAIJER, R.D."]","ESO, PHASE3",XSHOOTER,PDS-281,,2014-05-13T00:00:00.000,POSITION J2000 133.941465 -44.41985,133.941465,-44.41985,ADP.2014-05-13T15:35:40.507,1,2011-04-09T13:13:03.103,435834,722,,191.0,265.218542,0.51665,,,,,,2,2009-12-21T07:54:14.330,55186.32933251,60.0,PDS-281_387865_2009-12-21T07:50:53.413_S0.5x11_1x1_UVB_NOD,ESO-VLT-U2,"ECHELLE,SLIT,NODDING",["387865"],IDP,XS_SFLX_387865_2009-12-21T07:50:53.413_S0.5x11_1x1_UVB_NOD.fits,,,true
http://archive.eso.org/datalink/links?ID=ivo://eso.org/ID?ADP.2014-05-13T15:35:40.280,,SPECTRUM,SPECTRUM (FLUX CALIBRATED),XSHOOTER,La Silla Paranal APEX,Non-solar,55186.31691122,2009-12-21T07:36:21.130,120.0,"[gte:994.02, lte:2478.96]",11424.0,,["084.C-0952"],"["OUDMAIJER, R.D."]","ESO, PHASE3",XSHOOTER,PDS-281,,2014-05-13T00:00:00.000,POSITION J2000 133.94094 -44.41979,133.94094,-44.41979,ADP.2014-05-13T15:35:40.280,1,2011-04-09T13:13:02.397,435806,1347,,50.8,265.218254,0.516404,,,,,,2,2009-12-21T07:43:02.107,55186.32155215,120.0,PDS-281_387865_2009-12-21T07:36:21.129_S0.4x11_NIR_NOD,ESO-VLT-U2,"ECHELLE,SLIT,NODDING",["387865"],IDP,XS_SFLX_387865_2009-12-21T07:36:21.129_S0.4x11_NIR_NOD.fits,,,true
http://archive.eso.org/datalink/links?ID=ivo://eso.org/ID?ADP.2014-05-13T15:35:40.353,,SPECTRUM,SPECTRUM (FLUX CALIBRATED),XSHOOTER,La Silla Paranal APEX,Non-solar,55186.31687972,2009-12-21T07:36:18.407,105.0,"[gte:533.66, lte:1020.0]",18340.0,,["084.C-0952"],"["OUDMAIJER, R.D."]","ESO, PHASE3",XSHOOTER,PDS-281,,2014-05-13T00:00:00.000,POSITION J2000 133.94094 -44.41979,133.94094,-44.41979,ADP.2014-05-13T15:35:40.353,1,2011-04-09T13:13:02.367,435830,1319,,130.3,265.218254,0.516403,,,,,,2,2009-12-21T07:42:43.930,55186.32134178,105.0,PDS-281_387865_2009-12-21T07:36:18.408_S0.4x11_1x1_VIS_NOD,ESO-VLT-U2,"ECHELLE,SLIT,NODDING",["387865"],IDP,XS_SFLX_387865_2009-12-21T07:36:18.408_S0.4x11_1x1_VIS_NOD.fits,,,true
http://archive.eso.org/datalink/links?ID=ivo://eso.org/ID?ADP.2014-05-13T15:35:39.413,,SPECTRUM,SPECTRUM (FLUX CALIBRATED),XSHOOTER,La Silla Paranal APEX,Non-solar,55186.31681571,2009-12-21T07:36:12.877,106.459,"[gte:298.92, lte:555.98]",9861.0,,["084.C-0952"],"["OUDMAIJER, R.D."]","ESO, PHASE3",XSHOOTER,PDS-281,,2014-05-13T00:00:00.000,POSITION J2000 133.94094 -44.41979,133.94094,-44.41979,ADP.2014-05-13T15:35:39.413,1,2011-04-09T13:13:02.430,435804,722,,128.4,265.218254,0.516403,,,,,,2,2009-12-21T07:43:24.303,55186.32180907,106.459,PDS-281_387865_2009-12-21T07:36:12.877_S0.5x11_1x1_UVB_NOD,ESO-VLT-U2,"ECHELLE,SLIT,NODDING",["387865"],IDP,XS_SFLX_387865_2009-12-21T07:36:12.877_S0.5x11_1x1_UVB_NOD.fits,,,true
http://archive.eso.org/datalink/links?ID=ivo://eso.org/ID?ADP.2014-05-13T15:35:39.747,,SPECTRUM,SPECTRUM (FLUX CALIBRATED),XSHOOTER,La Silla Paranal APEX,Non-solar,55186.31622349,2009-12-21T07:35:21.710,1.0,"[gte:994.02, lte:2478.96]",11424.0,,["084.C-0952"],"["OUDMAIJER, R.D."]","ESO, PHASE3",XSHOOTER,PDS-281,,2014-05-13T00:00:00.000,POSITION J2000 133.941026 -44.42053,133.941026,-44.42053,ADP.2014-05-13T15:35:39.747,1,2011-04-09T13:13:01.767,435799,1350,,7.5,265.218858,0.515971,,,,,,2,2009-12-21T07:35:22.710,55186.31623506,1.0,PDS-281_387865_2009-12-21T07:35:21.710_S0.4x11_NIR_STA,ESO-VLT-U2,"ECHELLE,SLIT,STARE",["387865"],IDP,XS_SFLX_387865_2009-12-21T07:35:21.710_S0.4x11_NIR_STA.fits,,,true
http://archive.eso.org/datalink/links?ID=ivo://eso.org/ID?ADP.2014-05-13T15:35:39.263,,SPECTRUM,SPECTRUM (FLUX CALIBRATED),XSHOOTER,La Silla Paranal APEX,Non-solar,55186.31618706,2009-12-21T07:35:18.563,5.0,"[gte:533.66, lte:1020.0]",18340.0,,["084.C-0952"],"["OUDMAIJER, R.D."]","ESO, PHASE3",XSHOOTER,PDS-281,,2014-05-13T00:00:00.000,POSITION J2000 133.941026 -44.42053,133.941026,-44.42053,ADP.2014-05-13T15:35:39.263,1,2011-04-09T13:13:01.733,435814,1321,,53.5,265.218858,0.515971,,,,,,2,2009-12-21T07:35:23.563,55186.31624493,5.0,PDS-281_387865_2009-12-21T07:35:18.562_S0.4x11_1x1_VIS_STA,ESO-VLT-U2,"ECHELLE,SLIT,STARE",["387865"],IDP,XS_SFLX_387865_2009-12-21T07:35:18.562_S0.4x11_1x1_VIS_STA.fits,,,truehttp://archive.eso.org/datalink/links?ID=ivo://eso.org/ID?ADP.2014-05-13T15:35:40.247,,SPECTRUM,SPECTRUM (FLUX CALIBRATED),XSHOOTER,La Silla Paranal APEX,Non-solar,55186.33986638,2009-12-21T08:09:24.457,960.0,"[gte:994.02, lte:2478.96]",11424.0,,["084.C-0952"],"["OUDMAIJER, R.D."]","ESO, PHASE3",XSHOOTER,PDS-286,,2014-05-13T00:00:00.000,POSITION J2000 136.499886 -47.31536,136.499886,-47.31536,ADP.2014-05-13T15:35:40.247,1,2011-04-09T13:13:01.423,435797,1353,,39.1,268.569616,-0.053544,,,,,,2,2009-12-21T08:39:33.507,55186.36080448,960.0,PDS-286_387863_2009-12-21T08:09:24.455_S0.4x11_NIR_NOD,ESO-VLT-U2,"ECHELLE,SLIT,NODDING",["387863"],IDP,XS_SFLX_387863_2009-12-21T08:09:24.455_S0.4x11_NIR_NOD.fits,,,true
http://archive.eso.org/datalink/links?ID=ivo://eso.org/ID?ADP.2014-05-13T15:35:40.087,,SPECTRUM,SPECTRUM (FLUX CALIBRATED),XSHOOTER,La Silla Paranal APEX,Non-solar,55186.33982892,2009-12-21T08:09:21.220,1200.0,"[gte:533.66, lte:1020.0]",18340.0,,["084.C-0952"],"["OUDMAIJER, R.D."]","ESO, PHASE3",XSHOOTER,PDS-286,,2014-05-13T00:00:00.000,POSITION J2000 136.499886 -47.31536,136.499886,-47.31536,ADP.2014-05-13T15:35:40.087,1,2011-04-09T13:13:01.327,435842,1319,,349.5,268.569615,-0.053543,,,,,,2,2009-12-21T08:38:06.883,55186.3598019,1200.0,PDS-286_387863_2009-12-21T08:09:21.219_S0.4x11_1x1_VIS_NOD,ESO-VLT-U2,"ECHELLE,SLIT,NODDING",["387863"],IDP,XS_SFLX_387863_2009-12-21T08:09:21.219_S0.4x11_1x1_VIS_NOD.fits,,,true
http://archive.eso.org/datalink/links?ID=ivo://eso.org/ID?ADP.2014-05-13T15:35:39.123,,SPECTRUM,SPECTRUM (FLUX CALIBRATED),XSHOOTER,La Silla Paranal APEX,Non-solar,55186.3397685,2009-12-21T08:09:15.997,1200.0,"[gte:298.92, lte:555.98]",9861.0,,["084.C-0952"],"["OUDMAIJER, R.D."]","ESO, PHASE3",XSHOOTER,PDS-286,,2014-05-13T00:00:00.000,POSITION J2000 136.499886 -47.31536,136.499886,-47.31536,ADP.2014-05-13T15:35:39.123,1,2011-04-09T13:13:01.173,435815,722,,119.5,268.569615,-0.053543,,,,,,2,2009-12-21T08:37:31.930,55186.35939732,1200.0,PDS-286_387863_2009-12-21T08:09:15.998_S0.5x11_1x1_UVB_NOD,ESO-VLT-U2,"ECHELLE,SLIT,NODDING",["387863"],IDP,XS_SFLX_387863_2009-12-21T08:09:15.998_S0.5x11_1x1_UVB_NOD.fits,,,true
http://archive.eso.org/datalink/links?ID=ivo://eso.org/ID?ADP.2014-05-13T15:35:40.227,,SPECTRUM,SPECTRUM (FLUX CALIBRATED),XSHOOTER,La Silla Paranal APEX,Non-solar,55186.33852011,2009-12-21T08:07:28.137,1.0,"[gte:994.02, lte:2478.96]",11424.0,,["084.C-0952"],"["OUDMAIJER, R.D."]","ESO, PHASE3",XSHOOTER,PDS-286,,2014-05-13T00:00:00.000,POSITION J2000 136.49971 -47.31613,136.49971,-47.31613,ADP.2014-05-13T15:35:40.227,1,2011-04-09T13:12:58.297,435833,1350,,7.6,268.570106,-0.054149,,,,,,2,2009-12-21T08:07:29.137,55186.33853168,1.0,PDS-286_387863_2009-12-21T08:07:28.138_S0.4x11_NIR_STA,ESO-VLT-U2,"ECHELLE,SLIT,STARE",["387863"],IDP,XS_SFLX_387863_2009-12-21T08:07:28.138_S0.4x11_NIR_STA.fits,,,true
http://archive.eso.org/datalink/links?ID=ivo://eso.org/ID?ADP.2014-05-13T15:35:39.980,,SPECTRUM,SPECTRUM (FLUX CALIBRATED),XSHOOTER,La Silla Paranal APEX,Non-solar,55186.33848864,2009-12-21T08:07:25.417,60.0,"[gte:533.66, lte:1020.0]",18340.0,,["084.C-0952"],"["OUDMAIJER, R.D."]","ESO, PHASE3",XSHOOTER,PDS-286,,2014-05-13T00:00:00.000,POSITION J2000 136.49971 -47.31613,136.49971,-47.31613,ADP.2014-05-13T15:35:39.980,1,2011-04-09T13:12:58.273,435809,1321,,86.7,268.570106,-0.054149,,,,,,2,2009-12-21T08:08:25.417,55186.33918308,60.0,PDS-286_387863_2009-12-21T08:07:25.418_S0.4x11_1x1_VIS_STA,ESO-VLT-U2,"ECHELLE,SLIT,STARE",["387863"],IDP,XS_SFLX_387863_2009-12-21T08:07:25.418_S0.4x11_1x1_VIS_STA.fits,,,truehttp://archive.eso.org/datalink/links?ID=ivo://eso.org/ID?ADP.2014-05-13T15:50:25.360,,SPECTRUM,SPECTRUM (FLUX CALIBRATED),XSHOOTER,La Silla Paranal APEX,Non-solar,55200.2890924,2010-01-04T06:56:17.583,1200.0,"[gte:994.02, lte:2478.96]",11424.0,,["084.C-0952"],"["OUDMAIJER, R.D."]","ESO, PHASE3",XSHOOTER,TYC-8593-2802-1,,2014-05-13T00:00:00.000,POSITION J2000 145.666838 -56.25897,145.666838,-56.25897,ADP.2014-05-13T15:50:25.360,1,2011-04-09T13:12:58.117,436074,1347,,186.1,278.86049,-2.479369,,,,,,2,2010-01-04T07:18:54.373,55200.30479599,1200.0,TYC-8593-2802-1_387861_2010-01-04T06:56:17.583_S0.4x11_NIR_NOD,ESO-VLT-U2,"ECHELLE,SLIT,NODDING",["387861"],IDP,XS_SFLX_387861_2010-01-04T06:56:17.583_S0.4x11_NIR_NOD.fits,,,true
http://archive.eso.org/datalink/links?ID=ivo://eso.org/ID?ADP.2014-05-13T15:50:24.500,,SPECTRUM,SPECTRUM (FLUX CALIBRATED),XSHOOTER,La Silla Paranal APEX,Non-solar,55200.28905355,2010-01-04T06:56:14.227,1200.0,"[gte:533.66, lte:1020.0]",18340.0,,["084.C-0952"],"["OUDMAIJER, R.D."]","ESO, PHASE3",XSHOOTER,TYC-8593-2802-1,,2014-05-13T00:00:00.000,POSITION J2000 145.666838 -56.25897,145.666838,-56.25897,ADP.2014-05-13T15:50:24.500,1,2011-04-09T13:12:57.940,436052,1319,,270.9,278.86049,-2.479368,,,,,,2,2010-01-04T07:18:51.337,55200.30476083,1200.0,TYC-8593-2802-1_387861_2010-01-04T06:56:14.227_S0.4x11_1x1_VIS_NOD,ESO-VLT-U2,"ECHELLE,SLIT,NODDING",["387861"],IDP,XS_SFLX_387861_2010-01-04T06:56:14.227_S0.4x11_1x1_VIS_NOD.fits,,,true
http://archive.eso.org/datalink/links?ID=ivo://eso.org/ID?ADP.2014-05-13T15:50:24.480,,SPECTRUM,SPECTRUM (FLUX CALIBRATED),XSHOOTER,La Silla Paranal APEX,Non-solar,55200.28899324,2010-01-04T06:56:09.017,1200.0,"[gte:298.92, lte:555.98]",9861.0,,["084.C-0952"],"["OUDMAIJER, R.D."]","ESO, PHASE3",XSHOOTER,TYC-8593-2802-1,,2014-05-13T00:00:00.000,POSITION J2000 145.666838 -56.25897,145.666838,-56.25897,ADP.2014-05-13T15:50:24.480,1,2011-04-09T13:12:57.910,436050,722,,253.3,278.86049,-2.479368,,,,,,2,2010-01-04T07:18:46.067,55200.30469983,1200.0,TYC-8593-2802-1_387861_2010-01-04T06:56:09.016_S0.5x11_1x1_UVB_NOD,ESO-VLT-U2,"ECHELLE,SLIT,NODDING",["387861"],IDP,XS_SFLX_387861_2010-01-04T06:56:09.016_S0.5x11_1x1_UVB_NOD.fits,,,true
http://archive.eso.org/datalink/links?ID=ivo://eso.org/ID?ADP.2014-05-13T15:50:25.407,,SPECTRUM,SPECTRUM (FLUX CALIBRATED),XSHOOTER,La Silla Paranal APEX,Non-solar,55200.28646941,2010-01-04T06:52:30.957,1.0,"[gte:994.02, lte:2478.96]",11424.0,,["084.C-0952"],"["OUDMAIJER, R.D."]","ESO, PHASE3",XSHOOTER,TYC-8593-2802-1,,2014-05-13T00:00:00.000,POSITION J2000 145.667258 -56.2597,145.667258,-56.2597,ADP.2014-05-13T15:50:25.407,1,2011-04-09T13:12:57.420,436073,1350,,0.5,278.861145,-2.479769,,,,,,2,2010-01-04T06:52:31.957,55200.28648098,1.0,TYC-8593-2802-1_387861_2010-01-04T06:52:30.957_S0.4x11_NIR_STA,ESO-VLT-U2,"ECHELLE,SLIT,STARE",["387861"],IDP,XS_SFLX_387861_2010-01-04T06:52:30.957_S0.4x11_NIR_STA.fits,,,true
http://archive.eso.org/datalink/links?ID=ivo://eso.org/ID?ADP.2014-05-13T15:50:24.773,,SPECTRUM,SPECTRUM (FLUX CALIBRATED),XSHOOTER,La Silla Paranal APEX,Non-solar,55200.28643654,2010-01-04T06:52:28.117,60.0,"[gte:533.66, lte:1020.0]",18340.0,,["084.C-0952"],"["OUDMAIJER, R.D."]","ESO, PHASE3",XSHOOTER,TYC-8593-2802-1,,2014-05-13T00:00:00.000,POSITION J2000 145.667258 -56.2597,145.667258,-56.2597,ADP.2014-05-13T15:50:24.773,1,2011-04-09T13:12:57.360,436069,1321,,55.0,278.861144,-2.479768,,,,,,2,2010-01-04T06:53:28.117,55200.28713098,60.0,TYC-8593-2802-1_387861_2010-01-04T06:52:28.117_S0.4x11_1x1_VIS_STA,ESO-VLT-U2,"ECHELLE,SLIT,STARE",["387861"],IDP,XS_SFLX_387861_2010-01-04T06:52:28.117_S0.4x11_1x1_VIS_STA.fits,,,truehttp://archive.eso.org/datalink/links?ID=ivo://eso.org/ID?ADP.2017-06-02T15:33:43.717,,SPECTRUM,SPECTRUM (FLUX CALIBRATED),XSHOOTER,La Silla Paranal APEX,Non-solar,55261.16300318,2010-03-06T03:54:43.477,160.0,"[gte:994.02, lte:2478.96]",11424.0,,["084.C-0952"],"["OUDMAIJER, R.D."]","ESO, PHASE3",XSHOOTER,HD-85567,,2017-06-02T15:36:34.000,POSITION J2000 147.618304 -60.96653,147.618304,-60.96653,ADP.2017-06-02T15:33:43.717,1,2011-04-09T13:14:03.877,5853314,1356,,99.4,282.679016,-5.425583,,,,,,2,2010-03-06T04:03:55.367,55261.16939081,160.0,HD-85567_387964_2010-03-06T03:54:43.475_S0.4x11_NIR_NOD,ESO-VLT-U2,"ECHELLE,SLIT,NODDING",["387964"],IDP,XS_SFLX_387964_2010-03-06T03:54:43.475_S0.4x11_NIR_NOD.fits,,,true
http://archive.eso.org/datalink/links?ID=ivo://eso.org/ID?ADP.2017-06-02T15:33:43.734,,SPECTRUM,SPECTRUM (FLUX CALIBRATED),XSHOOTER,La Silla Paranal APEX,Non-solar,55261.16296593,2010-03-06T03:54:40.257,180.0,"[gte:533.66, lte:1020.0]",18340.0,,["084.C-0952"],"["OUDMAIJER, R.D."]","ESO, PHASE3",XSHOOTER,HD-85567,,2017-06-02T15:36:34.000,POSITION J2000 147.618304 -60.96653,147.618304,-60.96653,ADP.2017-06-02T15:33:43.734,1,2011-04-09T13:14:03.980,5853318,1330,,244.1,282.679016,-5.425582,,,,,,2,2010-03-06T04:05:16.180,55261.17032615,180.0,HD-85567_387964_2010-03-06T03:54:40.256_S0.4x11_1x1_VIS_NOD,ESO-VLT-U2,"ECHELLE,SLIT,NODDING",["387964"],IDP,XS_SFLX_387964_2010-03-06T03:54:40.256_S0.4x11_1x1_VIS_NOD.fits,,,true
http://archive.eso.org/datalink/links?ID=ivo://eso.org/ID?ADP.2017-06-02T15:33:43.691,,SPECTRUM,SPECTRUM (FLUX CALIBRATED),XSHOOTER,La Silla Paranal APEX,Non-solar,55261.16290551,2010-03-06T03:54:35.037,120.0,"[gte:298.92, lte:555.98]",9861.0,,["084.C-0952"],"["OUDMAIJER, R.D."]","ESO, PHASE3",XSHOOTER,HD-85567,,2017-06-02T15:36:34.000,POSITION J2000 147.618304 -60.96653,147.618304,-60.96653,ADP.2017-06-02T15:33:43.691,1,2011-04-09T13:14:03.957,5853308,734,,257.1,282.679016,-5.425582,,,,,,2,2010-03-06T04:05:04.967,55261.17019639,120.0,HD-85567_387964_2010-03-06T03:54:35.036_S0.5x11_1x1_UVB_NOD,ESO-VLT-U2,"ECHELLE,SLIT,NODDING",["387964"],IDP,XS_SFLX_387964_2010-03-06T03:54:35.036_S0.5x11_1x1_UVB_NOD.fits,,,true
http://archive.eso.org/datalink/links?ID=ivo://eso.org/ID?ADP.2014-05-17T08:32:18.017,,SPECTRUM,SPECTRUM (FLUX CALIBRATED),XSHOOTER,La Silla Paranal APEX,Non-solar,55947.26086187,2012-01-21T06:15:38.467,12.0,"[gte:533.66, lte:1020.0]",1512.0,,["088.C-0218"],"["MENDIGUTIA, IGNACIO"]","ESO, PHASE3",XSHOOTER,HD-85567,,2014-05-17T00:00:00.000,POSITION J2000 147.617941 -60.96686,147.617941,-60.96686,ADP.2014-05-17T08:32:18.017,1,2013-04-20T14:21:54.637,455064,1319,,360.8,282.67909,-5.42595,,,,,,2,2012-01-21T06:17:03.663,55947.26184795,12.0,HD-85567_586419_2012-01-21T06:15:38.466_S5.0x11_2x2_VIS_NOD,ESO-VLT-U2,"ECHELLE,SLIT,NODDING",["586419"],IDP,XS_SFLX_586419_2012-01-21T06:15:38.466_S5.0x11_2x2_VIS_NOD.fits,,,true
http://archive.eso.org/datalink/links?ID=ivo://eso.org/ID?ADP.2014-05-17T08:32:18.437,,SPECTRUM,SPECTRUM (FLUX CALIBRATED),XSHOOTER,La Silla Paranal APEX,Non-solar,55947.26080156,2012-01-21T06:15:33.257,8.0,"[gte:298.92, lte:555.98]",1040.0,,["088.C-0218"],"["MENDIGUTIA, IGNACIO"]","ESO, PHASE3",XSHOOTER,HD-85567,,2014-05-17T00:00:00.000,POSITION J2000 147.617941 -60.96686,147.617941,-60.96686,ADP.2014-05-17T08:32:18.437,1,2013-04-20T14:21:54.637,455071,722,,362.7,282.67909,-5.425949,,,,,,2,2012-01-21T06:16:57.063,55947.26177155,8.0,HD-85567_586419_2012-01-21T06:15:33.256_S5.0x11_2x2_UVB_NOD,ESO-VLT-U2,"ECHELLE,SLIT,NODDING",["586419"],IDP,XS_SFLX_586419_2012-01-21T06:15:33.256_S5.0x11_2x2_UVB_NOD.fits,,,true
http://archive.eso.org/datalink/links?ID=ivo://eso.org/ID?ADP.2014-05-17T08:32:18.237,,SPECTRUM,SPECTRUM (FLUX CALIBRATED),XSHOOTER,La Silla Paranal APEX,Non-solar,55947.25771828,2012-01-21T06:11:06.860,8.0,"[gte:994.02, lte:2478.96]",5573.0,,["088.C-0218"],"["MENDIGUTIA, IGNACIO"]","ESO, PHASE3",XSHOOTER,HD-85567,,2014-05-17T00:00:00.000,POSITION J2000 147.617941 -60.96686,147.617941,-60.96686,ADP.2014-05-17T08:32:18.237,1,2013-04-20T14:21:54.637,455075,1347,,78.9,282.67909,-5.42595,,,,,,2,2012-01-21T06:13:57.150,55947.25968925,8.0,HD-85567_586419_2012-01-21T06:11:06.859_S0.9x11_NIR_NOD,ESO-VLT-U2,"ECHELLE,SLIT,NODDING",["586419"],IDP,XS_SFLX_586419_2012-01-21T06:11:06.859_S0.9x11_NIR_NOD.fits,,,true
http://archive.eso.org/datalink/links?ID=ivo://eso.org/ID?ADP.2014-05-17T08:32:18.270,,SPECTRUM,SPECTRUM (FLUX CALIBRATED),XSHOOTER,La Silla Paranal APEX,Non-solar,55947.25767886,2012-01-21T06:11:03.453,52.0,"[gte:533.66, lte:1020.0]",8935.0,,["088.C-0218"],"["MENDIGUTIA, IGNACIO"]","ESO, PHASE3",XSHOOTER,HD-85567,,2014-05-17T00:00:00.000,POSITION J2000 147.617941 -60.96686,147.617941,-60.96686,ADP.2014-05-17T08:32:18.270,1,2013-04-20T14:21:54.637,455081,1319,,275.3,282.67909,-5.42595,,,,,,2,2012-01-21T06:14:05.307,55947.25978365,52.0,HD-85567_586419_2012-01-21T06:11:03.454_S0.9x11_1x1_VIS_NOD,ESO-VLT-U2,"ECHELLE,SLIT,NODDING",["586419"],IDP,XS_SFLX_586419_2012-01-21T06:11:03.454_S0.9x11_1x1_VIS_NOD.fits,,,true
http://archive.eso.org/datalink/links?ID=ivo://eso.org/ID?ADP.2014-05-17T08:32:18.063,,SPECTRUM,SPECTRUM (FLUX CALIBRATED),XSHOOTER,La Silla Paranal APEX,Non-solar,55947.2608992,2012-01-21T06:15:41.690,8.0,"[gte:994.02, lte:2478.96]",1029.0,,["088.C-0218"],"["MENDIGUTIA, IGNACIO"]","ESO, PHASE3",XSHOOTER,HD-85567,,2014-05-17T00:00:00.000,POSITION J2000 147.617942 -60.96686,147.617942,-60.96686,ADP.2014-05-17T08:32:18.063,1,2013-04-20T14:21:54.637,455078,1347,,112.2,282.679091,-5.425949,,,,,,2,2012-01-21T06:17:05.937,55947.26187426,8.0,HD-85567_586419_2012-01-21T06:15:41.691_S5.0x11_NIR_NOD,ESO-VLT-U2,"ECHELLE,SLIT,NODDING",["586419"],IDP,XS_SFLX_586419_2012-01-21T06:15:41.691_S5.0x11_NIR_NOD.fits,,,true
http://archive.eso.org/datalink/links?ID=ivo://eso.org/ID?ADP.2014-05-17T08:32:18.450,,SPECTRUM,SPECTRUM (FLUX CALIBRATED),XSHOOTER,La Silla Paranal APEX,Non-solar,55947.25761832,2012-01-21T06:10:58.223,24.0,"[gte:298.92, lte:555.98]",3251.0,,["088.C-0218"],"["MENDIGUTIA, IGNACIO"]","ESO, PHASE3",XSHOOTER,HD-85567,,2014-05-17T00:00:00.000,POSITION J2000 147.617942 -60.96686,147.617942,-60.96686,ADP.2014-05-17T08:32:18.450,1,2013-04-20T14:21:54.637,455068,722,,266.8,282.67909,-5.425949,,,,,,2,2012-01-21T06:13:53.067,55947.25964197,24.0,HD-85567_586419_2012-01-21T06:10:58.224_S1.6x11_1x1_UVB_NOD,ESO-VLT-U2,"ECHELLE,SLIT,NODDING",["586419"],IDP,XS_SFLX_586419_2012-01-21T06:10:58.224_S1.6x11_1x1_UVB_NOD.fits,,,true
http://archive.eso.org/datalink/links?ID=ivo://eso.org/ID?ADP.2014-05-17T10:22:12.067,,SPECTRUM,SPECTRUM (FLUX CALIBRATED),XSHOOTER,La Silla Paranal APEX,Non-solar,56051.07124625,2012-05-04T01:42:35.677,8.0,"[gte:994.02, lte:2478.96]",1029.0,,["088.C-0218"],"["MENDIGUTIA, IGNACIO"]","ESO, PHASE3",XSHOOTER,HD 85567,,2014-05-17T00:00:00.000,POSITION J2000 147.619033 -60.96668,147.619033,-60.96668,ADP.2014-05-17T10:22:12.067,1,2013-06-01T08:50:12.307,456626,1347,,107.6,282.679387,-5.425474,,,,,,2,2012-05-04T01:44:00.927,56051.07223293,8.0,HD85567_768345_2012-05-04T01:42:35.676_S5.0x11_NIR_NOD,ESO-VLT-U2,"ECHELLE,SLIT,NODDING",["768345"],IDP,XS_SFLX_768345_2012-05-04T01:42:35.676_S5.0x11_NIR_NOD.fits,,,true
http://archive.eso.org/datalink/links?ID=ivo://eso.org/ID?ADP.2014-05-17T10:22:11.760,,SPECTRUM,SPECTRUM (FLUX CALIBRATED),XSHOOTER,La Silla Paranal APEX,Non-solar,56051.07121557,2012-05-04T01:42:33.027,12.0,"[gte:533.66, lte:1020.0]",1512.0,,["088.C-0218"],"["MENDIGUTIA, IGNACIO"]","ESO, PHASE3",XSHOOTER,HD 85567,,2014-05-17T00:00:00.000,POSITION J2000 147.619033 -60.96668,147.619033,-60.96668,ADP.2014-05-17T10:22:11.760,1,2013-06-01T08:05:21.123,456610,1319,,356.3,282.679387,-5.425474,,,,,,2,2012-05-04T01:43:58.553,56051.07220546,12.0,HD85567_768345_2012-05-04T01:42:33.025_S5.0x11_2x2_VIS_NOD,ESO-VLT-U2,"ECHELLE,SLIT,NODDING",["768345"],IDP,XS_SFLX_768345_2012-05-04T01:42:33.025_S5.0x11_2x2_VIS_NOD.fits,,,true
http://archive.eso.org/datalink/links?ID=ivo://eso.org/ID?ADP.2014-05-17T10:22:11.887,,SPECTRUM,SPECTRUM (FLUX CALIBRATED),XSHOOTER,La Silla Paranal APEX,Non-solar,56051.07115561,2012-05-04T01:42:27.847,8.0,"[gte:298.92, lte:555.98]",1040.0,,["088.C-0218"],"["MENDIGUTIA, IGNACIO"]","ESO, PHASE3",XSHOOTER,HD 85567,,2014-05-17T00:00:00.000,POSITION J2000 147.619033 -60.96668,147.619033,-60.96668,ADP.2014-05-17T10:22:11.887,1,2013-06-01T06:37:56.463,456609,722,,360.5,282.679386,-5.425474,,,,,,2,2012-05-04T01:43:51.990,56051.07212953,8.0,HD85567_768345_2012-05-04T01:42:27.845_S5.0x11_2x2_UVB_NOD,ESO-VLT-U2,"ECHELLE,SLIT,NODDING",["768345"],IDP,XS_SFLX_768345_2012-05-04T01:42:27.845_S5.0x11_2x2_UVB_NOD.fits,,,true
http://archive.eso.org/datalink/links?ID=ivo://eso.org/ID?ADP.2014-05-17T10:22:11.607,,SPECTRUM,SPECTRUM (FLUX CALIBRATED),XSHOOTER,La Silla Paranal APEX,Non-solar,56051.06804746,2012-05-04T01:37:59.300,8.0,"[gte:994.02, lte:2478.96]",5573.0,,["088.C-0218"],"["MENDIGUTIA, IGNACIO"]","ESO, PHASE3",XSHOOTER,HD 85567,,2014-05-17T00:00:00.000,POSITION J2000 147.619033 -60.96668,147.619033,-60.96668,ADP.2014-05-17T10:22:11.607,1,2013-06-01T07:05:32.697,456611,1347,,86.7,282.679387,-5.425474,,,,,,2,2012-05-04T01:40:55.577,56051.07008767,8.0,HD85567_768345_2012-05-04T01:37:59.301_S0.9x11_NIR_NOD,ESO-VLT-U2,"ECHELLE,SLIT,NODDING",["768345"],IDP,XS_SFLX_768345_2012-05-04T01:37:59.301_S0.9x11_NIR_NOD.fits,,,true
http://archive.eso.org/datalink/links?ID=ivo://eso.org/ID?ADP.2014-05-17T10:22:11.980,,SPECTRUM,SPECTRUM (FLUX CALIBRATED),XSHOOTER,La Silla Paranal APEX,Non-solar,56051.0680109,2012-05-04T01:37:56.143,52.0,"[gte:533.66, lte:1020.0]",8935.0,,["088.C-0218"],"["MENDIGUTIA, IGNACIO"]","ESO, PHASE3",XSHOOTER,HD 85567,,2014-05-17T00:00:00.000,POSITION J2000 147.619033 -60.96668,147.619033,-60.96668,ADP.2014-05-17T10:22:11.980,1,2013-06-01T07:13:43.683,456619,1319,,258.1,282.679387,-5.425474,,,,,,2,2012-05-04T01:41:03.607,56051.07018063,52.0,HD85567_768345_2012-05-04T01:37:56.143_S0.9x11_1x1_VIS_NOD,ESO-VLT-U2,"ECHELLE,SLIT,NODDING",["768345"],IDP,XS_SFLX_768345_2012-05-04T01:37:56.143_S0.9x11_1x1_VIS_NOD.fits,,,true
http://archive.eso.org/datalink/links?ID=ivo://eso.org/ID?ADP.2014-05-17T10:22:11.540,,SPECTRUM,SPECTRUM (FLUX CALIBRATED),XSHOOTER,La Silla Paranal APEX,Non-solar,56051.06795025,2012-05-04T01:37:50.903,24.0,"[gte:298.92, lte:555.98]",3251.0,,["088.C-0218"],"["MENDIGUTIA, IGNACIO"]","ESO, PHASE3",XSHOOTER,HD 85567,,2014-05-17T00:00:00.000,POSITION J2000 147.619033 -60.96668,147.619033,-60.96668,ADP.2014-05-17T10:22:11.540,1,2013-06-01T07:44:55.970,456616,722,,293.7,282.679386,-5.425474,,,,,,2,2012-05-04T01:40:51.017,56051.0700349,24.0,HD85567_768345_2012-05-04T01:37:50.902_S1.6x11_1x1_UVB_NOD,ESO-VLT-U2,"ECHELLE,SLIT,NODDING",["768345"],IDP,XS_SFLX_768345_2012-05-04T01:37:50.902_S1.6x11_1x1_UVB_NOD.fits,,,true
http://archive.eso.org/datalink/links?ID=ivo://eso.org/ID?ADP.2014-05-17T09:02:22.680,,SPECTRUM,SPECTRUM (FLUX CALIBRATED),XSHOOTER,La Silla Paranal APEX,Non-solar,55986.0893383,2012-02-29T02:08:38.830,8.0,"[gte:994.02, lte:2478.96]",1029.0,,["088.C-0218"],"["MENDIGUTIA, IGNACIO"]","ESO, PHASE3",XSHOOTER,HD-85567,,2014-05-17T00:00:00.000,POSITION J2000 147.61757 -60.96718,147.61757,-60.96718,ADP.2014-05-17T09:02:22.680,1,2013-04-20T14:22:18.773,455505,1347,,111.9,282.679154,-5.426311,,,,,,2,2012-02-29T02:10:06.797,55986.09035643,8.0,HD-85567_586477_2012-02-29T02:08:38.829_S5.0x11_NIR_NOD,ESO-VLT-U2,"ECHELLE,SLIT,NODDING",["586477"],IDP,XS_SFLX_586477_2012-02-29T02:08:38.829_S5.0x11_NIR_NOD.fits,,,true
http://archive.eso.org/datalink/links?ID=ivo://eso.org/ID?ADP.2014-05-17T09:02:22.540,,SPECTRUM,SPECTRUM (FLUX CALIBRATED),XSHOOTER,La Silla Paranal APEX,Non-solar,55986.08930456,2012-02-29T02:08:35.913,12.0,"[gte:533.66, lte:1020.0]",1512.0,,["088.C-0218"],"["MENDIGUTIA, IGNACIO"]","ESO, PHASE3",XSHOOTER,HD-85567,,2014-05-17T00:00:00.000,POSITION J2000 147.61757 -60.96718,147.61757,-60.96718,ADP.2014-05-17T09:02:22.540,1,2013-04-20T14:22:18.773,455507,1319,,361.2,282.679154,-5.426311,,,,,,2,2012-02-29T02:10:05.070,55986.09033647,12.0,HD-85567_586477_2012-02-29T02:08:35.914_S5.0x11_2x2_VIS_NOD,ESO-VLT-U2,"ECHELLE,SLIT,NODDING",["586477"],IDP,XS_SFLX_586477_2012-02-29T02:08:35.914_S5.0x11_2x2_VIS_NOD.fits,,,true
http://archive.eso.org/datalink/links?ID=ivo://eso.org/ID?ADP.2014-05-17T09:02:22.667,,SPECTRUM,SPECTRUM (FLUX CALIBRATED),XSHOOTER,La Silla Paranal APEX,Non-solar,55986.08924448,2012-02-29T02:08:30.723,8.0,"[gte:298.92, lte:555.98]",1040.0,,["088.C-0218"],"["MENDIGUTIA, IGNACIO"]","ESO, PHASE3",XSHOOTER,HD-85567,,2014-05-17T00:00:00.000,POSITION J2000 147.61757 -60.96718,147.61757,-60.96718,ADP.2014-05-17T09:02:22.667,1,2013-04-20T14:22:18.773,455513,722,,359.3,282.679154,-5.426311,,,,,,2,2012-02-29T02:09:58.900,55986.09026505,8.0,HD-85567_586477_2012-02-29T02:08:30.723_S5.0x11_2x2_UVB_NOD,ESO-VLT-U2,"ECHELLE,SLIT,NODDING",["586477"],IDP,XS_SFLX_586477_2012-02-29T02:08:30.723_S5.0x11_2x2_UVB_NOD.fits,,,true
http://archive.eso.org/datalink/links?ID=ivo://eso.org/ID?ADP.2014-05-17T09:02:22.713,,SPECTRUM,SPECTRUM (FLUX CALIBRATED),XSHOOTER,La Silla Paranal APEX,Non-solar,55986.08608172,2012-02-29T02:03:57.460,8.0,"[gte:994.02, lte:2478.96]",5573.0,,["088.C-0218"],"["MENDIGUTIA, IGNACIO"]","ESO, PHASE3",XSHOOTER,HD-85567,,2014-05-17T00:00:00.000,POSITION J2000 147.61757 -60.96718,147.61757,-60.96718,ADP.2014-05-17T09:02:22.713,1,2013-04-20T14:22:18.773,455487,1347,,87.5,282.679154,-5.426311,,,,,,2,2012-02-29T02:06:50.567,55986.08808528,8.0,HD-85567_586477_2012-02-29T02:03:57.461_S0.9x11_NIR_NOD,ESO-VLT-U2,"ECHELLE,SLIT,NODDING",["586477"],IDP,XS_SFLX_586477_2012-02-29T02:03:57.461_S0.9x11_NIR_NOD.fits,,,true
http://archive.eso.org/datalink/links?ID=ivo://eso.org/ID?ADP.2014-05-17T09:02:22.860,,SPECTRUM,SPECTRUM (FLUX CALIBRATED),XSHOOTER,La Silla Paranal APEX,Non-solar,55986.08604202,2012-02-29T02:03:54.030,52.0,"[gte:533.66, lte:1020.0]",8935.0,,["088.C-0218"],"["MENDIGUTIA, IGNACIO"]","ESO, PHASE3",XSHOOTER,HD-85567,,2014-05-17T00:00:00.000,POSITION J2000 147.61757 -60.96718,147.61757,-60.96718,ADP.2014-05-17T09:02:22.860,1,2013-04-20T14:22:18.773,455488,1319,,241.7,282.679154,-5.426311,,,,,,2,2012-02-29T02:06:58.787,55986.08818038,52.0,HD-85567_586477_2012-02-29T02:03:54.031_S0.9x11_1x1_VIS_NOD,ESO-VLT-U2,"ECHELLE,SLIT,NODDING",["586477"],IDP,XS_SFLX_586477_2012-02-29T02:03:54.031_S0.9x11_1x1_VIS_NOD.fits,,,true
http://archive.eso.org/datalink/links?ID=ivo://eso.org/ID?ADP.2014-05-17T09:02:22.553,,SPECTRUM,SPECTRUM (FLUX CALIBRATED),XSHOOTER,La Silla Paranal APEX,Non-solar,55986.08598218,2012-02-29T02:03:48.860,24.0,"[gte:298.92, lte:555.98]",3251.0,,["088.C-0218"],"["MENDIGUTIA, IGNACIO"]","ESO, PHASE3",XSHOOTER,HD-85567,,2014-05-17T00:00:00.000,POSITION J2000 147.61757 -60.96718,147.61757,-60.96718,ADP.2014-05-17T09:02:22.553,1,2013-04-20T14:22:18.773,455485,722,,282.3,282.679154,-5.426311,,,,,,2,2012-02-29T02:06:46.623,55986.08803963,24.0,HD-85567_586477_2012-02-29T02:03:48.860_S1.6x11_1x1_UVB_NOD,ESO-VLT-U2,"ECHELLE,SLIT,NODDING",["586477"],IDP,XS_SFLX_586477_2012-02-29T02:03:48.860_S1.6x11_1x1_UVB_NOD.fits,,,true
http://archive.eso.org/datalink/links?ID=ivo://eso.org/ID?ADP.2014-05-17T09:36:01.433,,SPECTRUM,SPECTRUM (FLUX CALIBRATED),XSHOOTER,La Silla Paranal APEX,Non-solar,56012.20940042,2012-03-26T05:01:32.197,8.0,"[gte:994.02, lte:2478.96]",1029.0,,["088.C-0218"],"["MENDIGUTIA, IGNACIO"]","ESO, PHASE3",XSHOOTER,HD-85567,,2014-05-17T00:00:00.000,POSITION J2000 147.619396 -60.96672,147.619396,-60.96672,ADP.2014-05-17T09:36:01.433,1,2013-06-01T07:50:25.773,455968,1347,,99.8,282.679549,-5.425393,,,,,,2,2012-03-26T05:02:56.010,56012.2103705,8.0,HD-85567_586535_2012-03-26T05:01:32.196_S5.0x11_NIR_NOD,ESO-VLT-U2,"ECHELLE,SLIT,NODDING",["586535"],IDP,XS_SFLX_586535_2012-03-26T05:01:32.196_S5.0x11_NIR_NOD.fits,,,true
http://archive.eso.org/datalink/links?ID=ivo://eso.org/ID?ADP.2014-05-17T09:36:03.527,,SPECTRUM,SPECTRUM (FLUX CALIBRATED),XSHOOTER,La Silla Paranal APEX,Non-solar,56012.20936786,2012-03-26T05:01:29.383,12.0,"[gte:533.66, lte:1020.0]",1512.0,,["088.C-0218"],"["MENDIGUTIA, IGNACIO"]","ESO, PHASE3",XSHOOTER,HD-85567,,2014-05-17T00:00:00.000,POSITION J2000 147.619396 -60.96672,147.619396,-60.96672,ADP.2014-05-17T09:36:03.527,1,2013-06-01T08:29:41.073,456025,1319,,316.2,282.679549,-5.425393,,,,,,2,2012-03-26T05:02:53.550,56012.21034201,12.0,HD-85567_586535_2012-03-26T05:01:29.383_S5.0x11_2x2_VIS_NOD,ESO-VLT-U2,"ECHELLE,SLIT,NODDING",["586535"],IDP,XS_SFLX_586535_2012-03-26T05:01:29.383_S5.0x11_2x2_VIS_NOD.fits,,,true
http://archive.eso.org/datalink/links?ID=ivo://eso.org/ID?ADP.2014-05-17T09:36:01.000,,SPECTRUM,SPECTRUM (FLUX CALIBRATED),XSHOOTER,La Silla Paranal APEX,Non-solar,56012.20930813,2012-03-26T05:01:24.223,8.0,"[gte:298.92, lte:555.98]",1040.0,,["088.C-0218"],"["MENDIGUTIA, IGNACIO"]","ESO, PHASE3",XSHOOTER,HD-85567,,2014-05-17T00:00:00.000,POSITION J2000 147.619396 -60.96672,147.619396,-60.96672,ADP.2014-05-17T09:36:01.000,1,2013-06-01T08:55:40.053,455988,722,,352.3,282.679548,-5.425393,,,,,,2,2012-03-26T05:02:47.340,56012.21027012,8.0,HD-85567_586535_2012-03-26T05:01:24.222_S5.0x11_2x2_UVB_NOD,ESO-VLT-U2,"ECHELLE,SLIT,NODDING",["586535"],IDP,XS_SFLX_586535_2012-03-26T05:01:24.222_S5.0x11_2x2_UVB_NOD.fits,,,true
http://archive.eso.org/datalink/links?ID=ivo://eso.org/ID?ADP.2014-05-17T09:36:01.893,,SPECTRUM,SPECTRUM (FLUX CALIBRATED),XSHOOTER,La Silla Paranal APEX,Non-solar,56012.20624452,2012-03-26T04:56:59.527,8.0,"[gte:994.02, lte:2478.96]",5573.0,,["088.C-0218"],"["MENDIGUTIA, IGNACIO"]","ESO, PHASE3",XSHOOTER,HD-85567,,2014-05-17T00:00:00.000,POSITION J2000 147.619396 -60.96672,147.619396,-60.96672,ADP.2014-05-17T09:36:01.893,1,2013-06-01T07:42:53.903,455974,1347,,91.9,282.679549,-5.425393,,,,,,2,2012-03-26T04:59:52.097,56012.20824187,8.0,HD-85567_586535_2012-03-26T04:56:59.527_S0.9x11_NIR_NOD,ESO-VLT-U2,"ECHELLE,SLIT,NODDING",["586535"],IDP,XS_SFLX_586535_2012-03-26T04:56:59.527_S0.9x11_NIR_NOD.fits,,,true
http://archive.eso.org/datalink/links?ID=ivo://eso.org/ID?ADP.2014-05-17T09:36:04.053,,SPECTRUM,SPECTRUM (FLUX CALIBRATED),XSHOOTER,La Silla Paranal APEX,Non-solar,56012.20621343,2012-03-26T04:56:56.840,52.0,"[gte:533.66, lte:1020.0]",8935.0,,["088.C-0218"],"["MENDIGUTIA, IGNACIO"]","ESO, PHASE3",XSHOOTER,HD-85567,,2014-05-17T00:00:00.000,POSITION J2000 147.619396 -60.96672,147.619396,-60.96672,ADP.2014-05-17T09:36:04.053,1,2013-06-01T07:29:20.147,456002,1319,,293.3,282.679549,-5.425393,,,,,,2,2012-03-26T05:00:00.067,56012.20833408,52.0,HD-85567_586535_2012-03-26T04:56:56.840_S0.9x11_1x1_VIS_NOD,ESO-VLT-U2,"ECHELLE,SLIT,NODDING",["586535"],IDP,XS_SFLX_586535_2012-03-26T04:56:56.840_S0.9x11_1x1_VIS_NOD.fits,,,true
http://archive.eso.org/datalink/links?ID=ivo://eso.org/ID?ADP.2014-05-17T09:36:03.380,,SPECTRUM,SPECTRUM (FLUX CALIBRATED),XSHOOTER,La Silla Paranal APEX,Non-solar,56012.20615358,2012-03-26T04:56:51.670,24.0,"[gte:298.92, lte:555.98]",3251.0,,["088.C-0218"],"["MENDIGUTIA, IGNACIO"]","ESO, PHASE3",XSHOOTER,HD-85567,,2014-05-17T00:00:00.000,POSITION J2000 147.619396 -60.96672,147.619396,-60.96672,ADP.2014-05-17T09:36:03.380,1,2013-06-01T06:19:28.170,455971,722,,299.9,282.679548,-5.425393,,,,,,2,2012-03-26T04:59:47.803,56012.20819217,24.0,HD-85567_586535_2012-03-26T04:56:51.670_S1.6x11_1x1_UVB_NOD,ESO-VLT-U2,"ECHELLE,SLIT,NODDING",["586535"],IDP,XS_SFLX_586535_2012-03-26T04:56:51.670_S1.6x11_1x1_UVB_NOD.fits,,,true
http://archive.eso.org/datalink/links?ID=ivo://eso.org/ID?ADP.2017-06-02T15:33:43.761,,SPECTRUM,SPECTRUM (FLUX CALIBRATED),XSHOOTER,La Silla Paranal APEX,Non-solar,55261.16231651,2010-03-06T03:53:44.147,1.0,"[gte:994.02, lte:2478.96]",11424.0,,["084.C-0952"],"["OUDMAIJER, R.D."]","ESO, PHASE3",XSHOOTER,HD-85567,,2017-06-02T15:36:34.000,POSITION J2000 147.618172 -60.96729,147.618172,-60.96729,ADP.2017-06-02T15:33:43.761,1,2011-04-09T13:14:02.423,5853324,1362,,30.1,282.679451,-5.426211,,,,,,2,2010-03-06T03:53:45.147,55261.16232808,1.0,HD-85567_387964_2010-03-06T03:53:44.146_S0.4x11_NIR_STA,ESO-VLT-U2,"ECHELLE,SLIT,STARE",["387964"],IDP,XS_SFLX_387964_2010-03-06T03:53:44.146_S0.4x11_NIR_STA.fits,,,true
http://archive.eso.org/datalink/links?ID=ivo://eso.org/ID?ADP.2017-06-02T15:33:43.747,,SPECTRUM,SPECTRUM (FLUX CALIBRATED),XSHOOTER,La Silla Paranal APEX,Non-solar,55261.16227976,2010-03-06T03:53:40.970,1.0,"[gte:533.66, lte:1020.0]",18340.0,,["084.C-0952"],"["OUDMAIJER, R.D."]","ESO, PHASE3",XSHOOTER,HD-85567,,2017-06-02T15:36:34.000,POSITION J2000 147.618172 -60.96729,147.618172,-60.96729,ADP.2017-06-02T15:33:43.747,1,2011-04-09T13:14:02.393,5853321,1333,,20.5,282.679451,-5.42621,,,,,,2,2010-03-06T03:53:41.970,55261.16229133,1.0,HD-85567_387964_2010-03-06T03:53:40.971_S0.4x11_1x1_VIS_STA,ESO-VLT-U2,"ECHELLE,SLIT,STARE",["387964"],IDP,XS_SFLX_387964_2010-03-06T03:53:40.971_S0.4x11_1x1_VIS_STA.fits,,,true
http://archive.eso.org/datalink/links?ID=ivo://eso.org/ID?ADP.2017-06-02T15:33:43.726,,SPECTRUM,SPECTRUM (FLUX CALIBRATED),XSHOOTER,La Silla Paranal APEX,Non-solar,55261.16221911,2010-03-06T03:53:35.730,1.0,"[gte:298.92, lte:555.98]",9861.0,,["084.C-0952"],"["OUDMAIJER, R.D."]","ESO, PHASE3",XSHOOTER,HD-85567,,2017-06-02T15:36:34.000,POSITION J2000 147.618172 -60.96729,147.618172,-60.96729,ADP.2017-06-02T15:33:43.726,1,2011-04-09T13:14:02.370,5853316,737,,32.9,282.679451,-5.42621,,,,,,2,2010-03-06T03:53:36.730,55261.16223068,1.0,HD-85567_387964_2010-03-06T03:53:35.731_S0.5x11_1x1_UVB_STA,ESO-VLT-U2,"ECHELLE,SLIT,STARE",["387964"],IDP,XS_SFLX_387964_2010-03-06T03:53:35.731_S0.5x11_1x1_UVB_STA.fits,,,true
http://archive.eso.org/datalink/links?ID=ivo://eso.org/ID?ADP.2014-05-17T08:52:26.913,,SPECTRUM,SPECTRUM (FLUX CALIBRATED),XSHOOTER,La Silla Paranal APEX,Non-solar,55978.12113165,2012-02-21T02:54:25.777,12.0,"[gte:533.66, lte:1020.0]",1512.0,,["088.C-0218"],"["MENDIGUTIA, IGNACIO"]","ESO, PHASE3",XSHOOTER,HD-85567,,2014-05-17T00:00:00.000,POSITION J2000 147.617911 -60.96739,147.617911,-60.96739,ADP.2014-05-17T08:52:26.913,1,2013-04-20T14:22:08.607,455358,1319,,348.5,282.679417,-5.426369,,,,,,2,2012-02-21T02:56:06.923,55978.12230234,12.0,HD-85567_586448_2012-02-21T02:54:25.775_S5.0x11_2x2_VIS_NOD,ESO-VLT-U2,"ECHELLE,SLIT,NODDING",["586448"],IDP,XS_SFLX_586448_2012-02-21T02:54:25.775_S5.0x11_2x2_VIS_NOD.fits,,,true
http://archive.eso.org/datalink/links?ID=ivo://eso.org/ID?ADP.2014-05-17T08:52:26.400,,SPECTRUM,SPECTRUM (FLUX CALIBRATED),XSHOOTER,La Silla Paranal APEX,Non-solar,55978.12110589,2012-02-21T02:54:23.550,8.0,"[gte:994.02, lte:2478.96]",1029.0,,["088.C-0218"],"["MENDIGUTIA, IGNACIO"]","ESO, PHASE3",XSHOOTER,HD-85567,,2014-05-17T00:00:00.000,POSITION J2000 147.617911 -60.96739,147.617911,-60.96739,ADP.2014-05-17T08:52:26.400,1,2013-04-20T14:22:08.607,455345,1347,,104.2,282.679417,-5.426369,,,,,,2,2012-02-21T02:56:03.397,55978.12226153,8.0,HD-85567_586448_2012-02-21T02:54:23.549_S5.0x11_NIR_NOD,ESO-VLT-U2,"ECHELLE,SLIT,NODDING",["586448"],IDP,XS_SFLX_586448_2012-02-21T02:54:23.549_S5.0x11_NIR_NOD.fits,,,true
http://archive.eso.org/datalink/links?ID=ivo://eso.org/ID?ADP.2014-05-17T08:52:26.733,,SPECTRUM,SPECTRUM (FLUX CALIBRATED),XSHOOTER,La Silla Paranal APEX,Non-solar,55978.12100745,2012-02-21T02:54:15.043,8.0,"[gte:298.92, lte:555.98]",1040.0,,["088.C-0218"],"["MENDIGUTIA, IGNACIO"]","ESO, PHASE3",XSHOOTER,HD-85567,,2014-05-17T00:00:00.000,POSITION J2000 147.617911 -60.96739,147.617911,-60.96739,ADP.2014-05-17T08:52:26.733,1,2013-04-20T14:22:08.607,455363,722,,361.1,282.679416,-5.426368,,,,,,2,2012-02-21T02:55:55.143,55978.12216599,8.0,HD-85567_586448_2012-02-21T02:54:15.044_S5.0x11_2x2_UVB_NOD,ESO-VLT-U2,"ECHELLE,SLIT,NODDING",["586448"],IDP,XS_SFLX_586448_2012-02-21T02:54:15.044_S5.0x11_2x2_UVB_NOD.fits,,,true
http://archive.eso.org/datalink/links?ID=ivo://eso.org/ID?ADP.2014-05-17T08:52:26.520,,SPECTRUM,SPECTRUM (FLUX CALIBRATED),XSHOOTER,La Silla Paranal APEX,Non-solar,55978.11795321,2012-02-21T02:49:51.157,8.0,"[gte:994.02, lte:2478.96]",5573.0,,["088.C-0218"],"["MENDIGUTIA, IGNACIO"]","ESO, PHASE3",XSHOOTER,HD-85567,,2014-05-17T00:00:00.000,POSITION J2000 147.617911 -60.96739,147.617911,-60.96739,ADP.2014-05-17T08:52:26.520,1,2013-04-20T14:22:08.607,455376,1347,,91.8,282.679417,-5.426369,,,,,,2,2012-02-21T02:52:45.167,55978.11996719,8.0,HD-85567_586448_2012-02-21T02:49:51.157_S0.9x11_NIR_NOD,ESO-VLT-U2,"ECHELLE,SLIT,NODDING",["586448"],IDP,XS_SFLX_586448_2012-02-21T02:49:51.157_S0.9x11_NIR_NOD.fits,,,true
http://archive.eso.org/datalink/links?ID=ivo://eso.org/ID?ADP.2014-05-17T08:52:26.447,,SPECTRUM,SPECTRUM (FLUX CALIBRATED),XSHOOTER,La Silla Paranal APEX,Non-solar,55978.11792271,2012-02-21T02:49:48.523,52.0,"[gte:533.66, lte:1020.0]",8935.0,,["088.C-0218"],"["MENDIGUTIA, IGNACIO"]","ESO, PHASE3",XSHOOTER,HD-85567,,2014-05-17T00:00:00.000,POSITION J2000 147.617911 -60.96739,147.617911,-60.96739,ADP.2014-05-17T08:52:26.447,1,2013-04-20T14:22:08.607,455369,1319,,306.5,282.679417,-5.426369,,,,,,2,2012-02-21T02:52:52.927,55978.12005701,52.0,HD-85567_586448_2012-02-21T02:49:48.522_S0.9x11_1x1_VIS_NOD,ESO-VLT-U2,"ECHELLE,SLIT,NODDING",["586448"],IDP,XS_SFLX_586448_2012-02-21T02:49:48.522_S0.9x11_1x1_VIS_NOD.fits,,,truehttp://archive.eso.org/datalink/links?ID=ivo://eso.org/ID?ADP.2017-06-02T15:33:43.765,,SPECTRUM,SPECTRUM (FLUX CALIBRATED),XSHOOTER,La Silla Paranal APEX,Non-solar,55261.17971433,2010-03-06T04:18:47.317,120.0,"[gte:994.02, lte:2478.96]",11424.0,,["084.C-0952"],"["OUDMAIJER, R.D."]","ESO, PHASE3",XSHOOTER,PDS-303,,2017-06-02T15:36:34.000,POSITION J2000 150.71401 -59.28133,150.71401,-59.28133,ADP.2017-06-02T15:33:43.765,1,2011-04-09T13:12:56.773,5853325,1356,,109.7,282.854649,-3.148527,,,,,,2,2010-03-06T04:25:36.457,55261.18444975,120.0,PDS-303_387859_2010-03-06T04:18:47.318_S0.4x11_NIR_NOD,ESO-VLT-U2,"ECHELLE,SLIT,NODDING",["387859"],IDP,XS_SFLX_387859_2010-03-06T04:18:47.318_S0.4x11_NIR_NOD.fits,,,true
http://archive.eso.org/datalink/links?ID=ivo://eso.org/ID?ADP.2017-06-02T15:33:43.752,,SPECTRUM,SPECTRUM (FLUX CALIBRATED),XSHOOTER,La Silla Paranal APEX,Non-solar,55261.17967603,2010-03-06T04:18:44.010,120.0,"[gte:533.66, lte:1020.0]",18340.0,,["084.C-0952"],"["OUDMAIJER, R.D."]","ESO, PHASE3",XSHOOTER,PDS-303,,2017-06-02T15:36:34.000,POSITION J2000 150.71401 -59.28133,150.71401,-59.28133,ADP.2017-06-02T15:33:43.752,1,2011-04-09T13:12:56.837,5853322,1330,,199.7,282.854648,-3.148526,,,,,,2,2010-03-06T04:26:18.317,55261.18493422,120.0,PDS-303_387859_2010-03-06T04:18:44.009_S0.4x11_1x1_VIS_NOD,ESO-VLT-U2,"ECHELLE,SLIT,NODDING",["387859"],IDP,XS_SFLX_387859_2010-03-06T04:18:44.009_S0.4x11_1x1_VIS_NOD.fits,,,true
http://archive.eso.org/datalink/links?ID=ivo://eso.org/ID?ADP.2017-06-02T15:33:43.739,,SPECTRUM,SPECTRUM (FLUX CALIBRATED),XSHOOTER,La Silla Paranal APEX,Non-solar,55261.17961561,2010-03-06T04:18:38.790,120.0,"[gte:298.92, lte:555.98]",9861.0,,["084.C-0952"],"["OUDMAIJER, R.D."]","ESO, PHASE3",XSHOOTER,PDS-303,,2017-06-02T15:36:34.000,POSITION J2000 150.71401 -59.28133,150.71401,-59.28133,ADP.2017-06-02T15:33:43.739,1,2011-04-09T13:12:56.813,5853319,731,,277.1,282.854648,-3.148526,,,,,,2,2010-03-06T04:26:12.057,55261.18486176,120.0,PDS-303_387859_2010-03-06T04:18:38.789_S0.5x11_1x1_UVB_NOD,ESO-VLT-U2,"ECHELLE,SLIT,NODDING",["387859"],IDP,XS_SFLX_387859_2010-03-06T04:18:38.789_S0.5x11_1x1_UVB_NOD.fits,,,true
http://archive.eso.org/datalink/links?ID=ivo://eso.org/ID?ADP.2017-06-02T15:33:43.743,,SPECTRUM,SPECTRUM (FLUX CALIBRATED),XSHOOTER,La Silla Paranal APEX,Non-solar,55261.17897974,2010-03-06T04:17:43.850,1.0,"[gte:994.02, lte:2478.96]",11424.0,,["084.C-0952"],"["OUDMAIJER, R.D."]","ESO, PHASE3",XSHOOTER,PDS-303,,2017-06-02T15:36:34.000,POSITION J2000 150.713769 -59.28208,150.713769,-59.28208,ADP.2017-06-02T15:33:43.743,1,2011-04-09T13:12:56.130,5853320,1362,,3.8,282.854999,-3.149202,,,,,,2,2010-03-06T04:17:44.850,55261.17899131,1.0,PDS-303_387859_2010-03-06T04:17:43.850_S0.4x11_NIR_STA,ESO-VLT-U2,"ECHELLE,SLIT,STARE",["387859"],IDP,XS_SFLX_387859_2010-03-06T04:17:43.850_S0.4x11_NIR_STA.fits,,,true
http://archive.eso.org/datalink/links?ID=ivo://eso.org/ID?ADP.2017-06-02T15:33:43.704,,SPECTRUM,SPECTRUM (FLUX CALIBRATED),XSHOOTER,La Silla Paranal APEX,Non-solar,55261.17894854,2010-03-06T04:17:41.153,5.0,"[gte:533.66, lte:1020.0]",18340.0,,["084.C-0952"],"["OUDMAIJER, R.D."]","ESO, PHASE3",XSHOOTER,PDS-303,,2017-06-02T15:36:34.000,POSITION J2000 150.713769 -59.28208,150.713769,-59.28208,ADP.2017-06-02T15:33:43.704,1,2011-04-09T13:12:56.097,5853311,1333,,42.0,282.854999,-3.149201,,,,,,2,2010-03-06T04:17:46.153,55261.17900641,5.0,PDS-303_387859_2010-03-06T04:17:41.154_S0.4x11_1x1_VIS_STA,ESO-VLT-U2,"ECHELLE,SLIT,STARE",["387859"],IDP,XS_SFLX_387859_2010-03-06T04:17:41.154_S0.4x11_1x1_VIS_STA.fits,,,truehttp://archive.eso.org/datalink/links?ID=ivo://eso.org/ID?ADP.2014-05-15T14:50:09.893,,SPECTRUM,SPECTRUM (FLUX CALIBRATED),XSHOOTER,La Silla Paranal APEX,Non-solar,55286.16261263,2010-03-31T03:54:09.730,1080.0,"[gte:994.02, lte:2478.96]",11424.0,,["084.C-0952"],"["OUDMAIJER, R.D."]","ESO, PHASE3",XSHOOTER,PDS-37,,2014-05-15T00:00:00.000,POSITION J2000 152.50154 -57.03457,152.50154,-57.03457,ADP.2014-05-15T14:50:09.893,1,2011-04-09T13:12:55.903,438216,1353,,102.6,282.298332,-0.776362,,,,,,2,2010-03-31T04:23:47.463,55286.18318823,1080.0,PDS-37_387857_2010-03-31T03:54:09.731_S0.4x11_NIR_NOD,ESO-VLT-U2,"ECHELLE,SLIT,NODDING",["387857"],IDP,XS_SFLX_387857_2010-03-31T03:54:09.731_S0.4x11_NIR_NOD.fits,,,true
http://archive.eso.org/datalink/links?ID=ivo://eso.org/ID?ADP.2014-05-15T14:50:08.753,,SPECTRUM,SPECTRUM (FLUX CALIBRATED),XSHOOTER,La Silla Paranal APEX,Non-solar,55286.1625788,2010-03-31T03:54:06.807,1200.0,"[gte:533.66, lte:1020.0]",18340.0,,["084.C-0952"],"["OUDMAIJER, R.D."]","ESO, PHASE3",XSHOOTER,PDS-37,,2014-05-15T00:00:00.000,POSITION J2000 152.50154 -57.03457,152.50154,-57.03457,ADP.2014-05-15T14:50:08.753,1,2011-04-09T13:12:55.723,438207,1319,,238.6,282.298331,-0.776362,,,,,,2,2010-03-31T04:21:50.357,55286.18183283,1200.0,PDS-37_387857_2010-03-31T03:54:06.808_S0.4x11_1x1_VIS_NOD,ESO-VLT-U2,"ECHELLE,SLIT,NODDING",["387857"],IDP,XS_SFLX_387857_2010-03-31T03:54:06.808_S0.4x11_1x1_VIS_NOD.fits,,,true
http://archive.eso.org/datalink/links?ID=ivo://eso.org/ID?ADP.2014-05-15T14:50:08.887,,SPECTRUM,SPECTRUM (FLUX CALIBRATED),XSHOOTER,La Silla Paranal APEX,Non-solar,55286.16251896,2010-03-31T03:54:01.637,1200.0,"[gte:298.92, lte:555.98]",9861.0,,["084.C-0952"],"["OUDMAIJER, R.D."]","ESO, PHASE3",XSHOOTER,PDS-37,,2014-05-15T00:00:00.000,POSITION J2000 152.50154 -57.03457,152.50154,-57.03457,ADP.2014-05-15T14:50:08.887,1,2011-04-09T13:12:55.697,438189,722,,62.2,282.298331,-0.776362,,,,,,2,2010-03-31T04:21:44.817,55286.18176871,1200.0,PDS-37_387857_2010-03-31T03:54:01.638_S0.5x11_1x1_UVB_NOD,ESO-VLT-U2,"ECHELLE,SLIT,NODDING",["387857"],IDP,XS_SFLX_387857_2010-03-31T03:54:01.638_S0.5x11_1x1_UVB_NOD.fits,,,true
http://archive.eso.org/datalink/links?ID=ivo://eso.org/ID?ADP.2014-05-15T14:50:09.767,,SPECTRUM,SPECTRUM (FLUX CALIBRATED),XSHOOTER,La Silla Paranal APEX,Non-solar,55286.16173674,2010-03-31T03:52:54.053,1.0,"[gte:994.02, lte:2478.96]",11424.0,,["084.C-0952"],"["OUDMAIJER, R.D."]","ESO, PHASE3",XSHOOTER,PDS-37,,2014-05-15T00:00:00.000,POSITION J2000 152.500683 -57.03522,152.500683,-57.03522,ADP.2014-05-15T14:50:09.767,1,2011-04-09T13:12:54.837,438202,1350,,12.0,282.298325,-0.777162,,,,,,2,2010-03-31T03:52:55.053,55286.16174831,1.0,PDS-37_387857_2010-03-31T03:52:54.054_S0.4x11_NIR_STA,ESO-VLT-U2,"ECHELLE,SLIT,STARE",["387857"],IDP,XS_SFLX_387857_2010-03-31T03:52:54.054_S0.4x11_NIR_STA.fits,,,true
http://archive.eso.org/datalink/links?ID=ivo://eso.org/ID?ADP.2014-05-15T14:50:09.467,,SPECTRUM,SPECTRUM (FLUX CALIBRATED),XSHOOTER,La Silla Paranal APEX,Non-solar,55286.16170292,2010-03-31T03:52:51.133,20.0,"[gte:533.66, lte:1020.0]",18340.0,,["084.C-0952"],"["OUDMAIJER, R.D."]","ESO, PHASE3",XSHOOTER,PDS-37,,2014-05-15T00:00:00.000,POSITION J2000 152.500683 -57.03522,152.500683,-57.03522,ADP.2014-05-15T14:50:09.467,1,2011-04-09T13:12:54.807,438219,1321,,25.1,282.298325,-0.777162,,,,,,2,2010-03-31T03:53:11.133,55286.1619344,20.0,PDS-37_387857_2010-03-31T03:52:51.132_S0.4x11_1x1_VIS_STA,ESO-VLT-U2,"ECHELLE,SLIT,STARE",["387857"],IDP,XS_SFLX_387857_2010-03-31T03:52:51.132_S0.4x11_1x1_VIS_STA.fits,,,truehttp://archive.eso.org/datalink/links?ID=ivo://eso.org/ID?ADP.2014-05-15T14:50:09.813,,SPECTRUM,SPECTRUM (FLUX CALIBRATED),XSHOOTER,La Silla Paranal APEX,Non-solar,55286.19150984,2010-03-31T04:35:46.450,360.0,"[gte:994.02, lte:2478.96]",11424.0,,["084.C-0952"],"["OUDMAIJER, R.D."]","ESO, PHASE3",XSHOOTER,PDS-315,,2014-05-15T00:00:00.000,POSITION J2000 158.270974 -60.33017,158.270974,-60.33017,ADP.2014-05-15T14:50:09.813,1,2011-04-09T13:12:54.620,438221,1347,,107.9,286.602561,-1.92111,,,,,,2,2010-03-31T04:44:23.270,55286.19749154,360.0,PDS-315_387855_2010-03-31T04:35:46.450_S0.4x11_NIR_NOD,ESO-VLT-U2,"ECHELLE,SLIT,NODDING",["387855"],IDP,XS_SFLX_387855_2010-03-31T04:35:46.450_S0.4x11_NIR_NOD.fits,,,true
http://archive.eso.org/datalink/links?ID=ivo://eso.org/ID?ADP.2014-05-15T14:50:09.433,,SPECTRUM,SPECTRUM (FLUX CALIBRATED),XSHOOTER,La Silla Paranal APEX,Non-solar,55286.19147113,2010-03-31T04:35:43.107,360.0,"[gte:533.66, lte:1020.0]",18340.0,,["084.C-0952"],"["OUDMAIJER, R.D."]","ESO, PHASE3",XSHOOTER,PDS-315,,2014-05-15T00:00:00.000,POSITION J2000 158.270974 -60.33017,158.270974,-60.33017,ADP.2014-05-15T14:50:09.433,1,2011-04-09T13:12:54.597,438218,1319,,210.5,286.602561,-1.921109,,,,,,2,2010-03-31T04:44:20.453,55286.19745895,360.0,PDS-315_387855_2010-03-31T04:35:43.106_S0.4x11_1x1_VIS_NOD,ESO-VLT-U2,"ECHELLE,SLIT,NODDING",["387855"],IDP,XS_SFLX_387855_2010-03-31T04:35:43.106_S0.4x11_1x1_VIS_NOD.fits,,,true
http://archive.eso.org/datalink/links?ID=ivo://eso.org/ID?ADP.2014-05-15T14:50:10.080,,SPECTRUM,SPECTRUM (FLUX CALIBRATED),XSHOOTER,La Silla Paranal APEX,Non-solar,55286.19141083,2010-03-31T04:35:37.897,360.0,"[gte:298.92, lte:555.98]",9861.0,,["084.C-0952"],"["OUDMAIJER, R.D."]","ESO, PHASE3",XSHOOTER,PDS-315,,2014-05-15T00:00:00.000,POSITION J2000 158.270974 -60.33017,158.270974,-60.33017,ADP.2014-05-15T14:50:10.080,1,2011-04-09T13:12:54.573,438214,722,,264.8,286.602561,-1.921109,,,,,,2,2010-03-31T04:44:15.233,55286.19739853,360.0,PDS-315_387855_2010-03-31T04:35:37.896_S0.5x11_1x1_UVB_NOD,ESO-VLT-U2,"ECHELLE,SLIT,NODDING",["387855"],IDP,XS_SFLX_387855_2010-03-31T04:35:37.896_S0.5x11_1x1_UVB_NOD.fits,,,true
http://archive.eso.org/datalink/links?ID=ivo://eso.org/ID?ADP.2014-05-15T14:50:09.127,,SPECTRUM,SPECTRUM (FLUX CALIBRATED),XSHOOTER,La Silla Paranal APEX,Non-solar,55286.19073847,2010-03-31T04:34:39.803,1.0,"[gte:994.02, lte:2478.96]",11424.0,,["084.C-0952"],"["OUDMAIJER, R.D."]","ESO, PHASE3",XSHOOTER,PDS-315,,2014-05-15T00:00:00.000,POSITION J2000 158.270203 -60.33062,158.270203,-60.33062,ADP.2014-05-15T14:50:09.127,1,2011-04-09T13:12:54.133,438226,1350,,1.3,286.602459,-1.921691,,,,,,2,2010-03-31T04:34:40.803,55286.19075004,1.0,PDS-315_387855_2010-03-31T04:34:39.804_S0.4x11_NIR_STA,ESO-VLT-U2,"ECHELLE,SLIT,STARE",["387855"],IDP,XS_SFLX_387855_2010-03-31T04:34:39.804_S0.4x11_NIR_STA.fits,,,true
http://archive.eso.org/datalink/links?ID=ivo://eso.org/ID?ADP.2014-05-15T14:50:09.773,,SPECTRUM,SPECTRUM (FLUX CALIBRATED),XSHOOTER,La Silla Paranal APEX,Non-solar,55286.19069734,2010-03-31T04:34:36.250,10.0,"[gte:533.66, lte:1020.0]",18340.0,,["084.C-0952"],"["OUDMAIJER, R.D."]","ESO, PHASE3",XSHOOTER,PDS-315,,2014-05-15T00:00:00.000,POSITION J2000 158.270203 -60.33062,158.270203,-60.33062,ADP.2014-05-15T14:50:09.773,1,2011-04-09T13:12:54.107,438212,1321,,31.0,286.602459,-1.921691,,,,,,2,2010-03-31T04:34:46.250,55286.19081308,10.0,PDS-315_387855_2010-03-31T04:34:36.250_S0.4x11_1x1_VIS_STA,ESO-VLT-U2,"ECHELLE,SLIT,STARE",["387855"],IDP,XS_SFLX_387855_2010-03-31T04:34:36.250_S0.4x11_1x1_VIS_STA.fits,,,truehttp://archive.eso.org/datalink/links?ID=ivo://eso.org/ID?ADP.2014-05-15T09:01:31.260,,SPECTRUM,SPECTRUM (FLUX CALIBRATED),XSHOOTER,La Silla Paranal APEX,Non-solar,55232.33016918,2010-02-05T07:55:26.617,180.0,"[gte:994.02, lte:2478.96]",11424.0,,["084.C-0952"],"["OUDMAIJER, R.D."]","ESO, PHASE3",XSHOOTER,HD-94509,,2014-05-15T00:00:00.000,POSITION J2000 163.363574 -58.42263,163.363574,-58.42263,ADP.2014-05-15T09:01:31.260,1,2011-04-09T13:14:01.770,437063,1347,,81.5,287.988702,0.983757,,,,,,2,2010-02-05T08:03:00.130,55232.33541818,180.0,HD-94509_387962_2010-02-05T07:55:26.617_S0.4x11_NIR_NOD,ESO-VLT-U2,"ECHELLE,SLIT,NODDING",["387962"],IDP,XS_SFLX_387962_2010-02-05T07:55:26.617_S0.4x11_NIR_NOD.fits,,,true
http://archive.eso.org/datalink/links?ID=ivo://eso.org/ID?ADP.2014-05-15T09:01:30.900,,SPECTRUM,SPECTRUM (FLUX CALIBRATED),XSHOOTER,La Silla Paranal APEX,Non-solar,55232.3301316,2010-02-05T07:55:23.370,160.0,"[gte:533.66, lte:1020.0]",18340.0,,["084.C-0952"],"["OUDMAIJER, R.D."]","ESO, PHASE3",XSHOOTER,HD-94509,,2014-05-15T00:00:00.000,POSITION J2000 163.363574 -58.42263,163.363574,-58.42263,ADP.2014-05-15T09:01:30.900,1,2011-04-09T13:14:01.817,437049,1319,,228.1,287.988702,0.983756,,,,,,2,2010-02-05T08:03:37.190,55232.33584711,160.0,HD-94509_387962_2010-02-05T07:55:23.370_S0.4x11_1x1_VIS_NOD,ESO-VLT-U2,"ECHELLE,SLIT,NODDING",["387962"],IDP,XS_SFLX_387962_2010-02-05T07:55:23.370_S0.4x11_1x1_VIS_NOD.fits,,,true
http://archive.eso.org/datalink/links?ID=ivo://eso.org/ID?ADP.2014-05-15T09:01:31.487,,SPECTRUM,SPECTRUM (FLUX CALIBRATED),XSHOOTER,La Silla Paranal APEX,Non-solar,55232.33007141,2010-02-05T07:55:18.170,160.0,"[gte:298.92, lte:555.98]",9861.0,,["084.C-0952"],"["OUDMAIJER, R.D."]","ESO, PHASE3",XSHOOTER,HD-94509,,2014-05-15T00:00:00.000,POSITION J2000 163.363574 -58.42263,163.363574,-58.42263,ADP.2014-05-15T09:01:31.487,1,2011-04-09T13:14:01.793,437052,722,,297.6,287.988702,0.983756,,,,,,2,2010-02-05T08:03:30.980,55232.33577523,160.0,HD-94509_387962_2010-02-05T07:55:18.170_S0.5x11_1x1_UVB_NOD,ESO-VLT-U2,"ECHELLE,SLIT,NODDING",["387962"],IDP,XS_SFLX_387962_2010-02-05T07:55:18.170_S0.5x11_1x1_UVB_NOD.fits,,,true
http://archive.eso.org/datalink/links?ID=ivo://eso.org/ID?ADP.2014-05-15T09:01:30.230,,SPECTRUM,SPECTRUM (FLUX CALIBRATED),XSHOOTER,La Silla Paranal APEX,Non-solar,55232.3294606,2010-02-05T07:54:25.397,1.0,"[gte:994.02, lte:2478.96]",11424.0,,["084.C-0952"],"["OUDMAIJER, R.D."]","ESO, PHASE3",XSHOOTER,HD-94509,,2014-05-15T00:00:00.000,POSITION J2000 163.362791 -58.42335,163.362791,-58.42335,ADP.2014-05-15T09:01:30.230,1,2011-04-09T13:14:01.240,437066,1350,,3.8,287.988649,0.98293,,,,,,2,2010-02-05T07:54:26.397,55232.32947217,1.0,HD-94509_387962_2010-02-05T07:54:25.396_S0.4x11_NIR_STA,ESO-VLT-U2,"ECHELLE,SLIT,STARE",["387962"],IDP,XS_SFLX_387962_2010-02-05T07:54:25.396_S0.4x11_NIR_STA.fits,,,true
http://archive.eso.org/datalink/links?ID=ivo://eso.org/ID?ADP.2014-05-15T09:01:30.217,,SPECTRUM,SPECTRUM (FLUX CALIBRATED),XSHOOTER,La Silla Paranal APEX,Non-solar,55232.329429,2010-02-05T07:54:22.667,5.0,"[gte:533.66, lte:1020.0]",18340.0,,["084.C-0952"],"["OUDMAIJER, R.D."]","ESO, PHASE3",XSHOOTER,HD-94509,,2014-05-15T00:00:00.000,POSITION J2000 163.362791 -58.42335,163.362791,-58.42335,ADP.2014-05-15T09:01:30.217,1,2011-04-09T13:14:01.217,437081,1321,,42.8,287.988649,0.982929,,,,,,2,2010-02-05T07:54:27.667,55232.32948687,5.0,HD-94509_387962_2010-02-05T07:54:22.666_S0.4x11_1x1_VIS_STA,ESO-VLT-U2,"ECHELLE,SLIT,STARE",["387962"],IDP,XS_SFLX_387962_2010-02-05T07:54:22.666_S0.4x11_1x1_VIS_STA.fits,,,truehttp://archive.eso.org/datalink/links?ID=ivo://eso.org/ID?ADP.2014-05-13T15:50:24.713,,SPECTRUM,SPECTRUM (FLUX CALIBRATED),XSHOOTER,La Silla Paranal APEX,Non-solar,55200.31367231,2010-01-04T07:31:41.287,160.0,"[gte:994.02, lte:2478.96]",11424.0,,["084.C-0952"],"["OUDMAIJER, R.D."]","ESO, PHASE3",XSHOOTER,HD-95881,,2014-05-13T00:00:00.000,POSITION J2000 165.488289 -71.51303,165.488289,-71.51303,ADP.2014-05-13T15:50:24.713,1,2011-04-09T13:14:00.377,436080,1347,,94.6,294.406207,-10.47713,,,,,,2,2010-01-04T07:40:54.473,55200.32007493,160.0,HD-95881_387960_2010-01-04T07:31:41.288_S0.4x11_NIR_NOD,ESO-VLT-U2,"ECHELLE,SLIT,NODDING",["387960"],IDP,XS_SFLX_387960_2010-01-04T07:31:41.288_S0.4x11_NIR_NOD.fits,,,true
http://archive.eso.org/datalink/links?ID=ivo://eso.org/ID?ADP.2014-05-13T15:50:24.693,,SPECTRUM,SPECTRUM (FLUX CALIBRATED),XSHOOTER,La Silla Paranal APEX,Non-solar,55200.31363457,2010-01-04T07:31:38.027,180.0,"[gte:533.66, lte:1020.0]",18340.0,,["084.C-0952"],"["OUDMAIJER, R.D."]","ESO, PHASE3",XSHOOTER,HD-95881,,2014-05-13T00:00:00.000,POSITION J2000 165.488289 -71.51303,165.488289,-71.51303,ADP.2014-05-13T15:50:24.693,1,2011-04-09T13:14:00.783,436068,1321,,277.5,294.406207,-10.477129,,,,,,2,2010-01-04T07:42:15.220,55200.32100948,180.0,HD-95881_387960_2010-01-04T07:31:38.027_S0.4x11_1x1_VIS_NOD,ESO-VLT-U2,"ECHELLE,SLIT,NODDING",["387960"],IDP,XS_SFLX_387960_2010-01-04T07:31:38.027_S0.4x11_1x1_VIS_NOD.fits,,,true
http://archive.eso.org/datalink/links?ID=ivo://eso.org/ID?ADP.2014-05-13T15:50:25.207,,SPECTRUM,SPECTRUM (FLUX CALIBRATED),XSHOOTER,La Silla Paranal APEX,Non-solar,55200.31357473,2010-01-04T07:31:32.857,120.0,"[gte:298.92, lte:555.98]",9861.0,,["084.C-0952"],"["OUDMAIJER, R.D."]","ESO, PHASE3",XSHOOTER,HD-95881,,2014-05-13T00:00:00.000,POSITION J2000 165.488289 -71.51303,165.488289,-71.51303,ADP.2014-05-13T15:50:25.207,1,2011-04-09T13:14:00.760,436076,725,,274.3,294.406207,-10.477129,,,,,,2,2010-01-04T07:42:04.020,55200.32087985,120.0,HD-95881_387960_2010-01-04T07:31:32.857_S0.5x11_1x1_UVB_NOD,ESO-VLT-U2,"ECHELLE,SLIT,NODDING",["387960"],IDP,XS_SFLX_387960_2010-01-04T07:31:32.857_S0.5x11_1x1_UVB_NOD.fits,,,true
http://archive.eso.org/datalink/links?ID=ivo://eso.org/ID?ADP.2017-06-08T13:11:44.104,,SPECTRUM,SPECTRUM (FLUX CALIBRATED),XSHOOTER,La Silla Paranal APEX,Non-solar,57883.0685249,2017-05-10T01:38:40.550,140.0,"[gte:994.02, lte:2478.96]",11424.0,,["099.C-0342"],"["SCHOELLER, MARKUS"]","ESO, PHASE3",XSHOOTER,HD95881,,2017-06-08T13:17:42.000,POSITION J2000 165.490015 -71.51302,165.490015,-71.51302,ADP.2017-06-08T13:11:44.104,1,2018-05-10T01:51:16.757,5855615,1359,,164.5,294.406709,-10.476893,,,,,,2,2017-05-10T01:41:39.350,57883.07059432,140.0,HD95881_1685300_2017-05-10T01:38:40.551_S0.4x11_NIR_NOD,ESO-VLT-U2,"ECHELLE,SLIT,NODDING",["1685300"],IDP,XS_SFLX_1685300_2017-05-10T01:38:40.551_S0.4x11_NIR_NOD.fits,,,true
http://archive.eso.org/datalink/links?ID=ivo://eso.org/ID?ADP.2017-06-08T13:11:44.095,,SPECTRUM,SPECTRUM (FLUX CALIBRATED),XSHOOTER,La Silla Paranal APEX,Non-solar,57883.06849369,2017-05-10T01:38:37.857,90.0,"[gte:533.66, lte:1020.0]",18340.0,,["099.C-0342"],"["SCHOELLER, MARKUS"]","ESO, PHASE3",XSHOOTER,HD95881,,2017-06-08T13:17:42.000,POSITION J2000 165.490015 -71.51302,165.490015,-71.51302,ADP.2017-06-08T13:11:44.095,1,2018-05-10T01:51:16.757,5855613,1330,,285.2,294.406709,-10.476893,,,,,,2,2017-05-10T01:41:11.223,57883.07026879,90.0,HD95881_1685300_2017-05-10T01:38:37.856_S0.4x11_1x1_VIS_NOD,ESO-VLT-U2,"ECHELLE,SLIT,NODDING",["1685300"],IDP,XS_SFLX_1685300_2017-05-10T01:38:37.856_S0.4x11_1x1_VIS_NOD.fits,,,true
http://archive.eso.org/datalink/links?ID=ivo://eso.org/ID?ADP.2017-06-08T13:11:44.091,,SPECTRUM,SPECTRUM (FLUX CALIBRATED),XSHOOTER,La Silla Paranal APEX,Non-solar,57883.06843373,2017-05-10T01:38:32.677,80.0,"[gte:298.92, lte:555.98]",9861.0,,["099.C-0342"],"["SCHOELLER, MARKUS"]","ESO, PHASE3",XSHOOTER,HD95881,,2017-06-08T13:17:42.000,POSITION J2000 165.490015 -71.51302,165.490015,-71.51302,ADP.2017-06-08T13:11:44.091,1,2018-05-10T01:51:16.757,5855612,734,,320.9,294.406709,-10.476893,,,,,,2,2017-05-10T01:41:01.033,57883.07015085,80.0,HD95881_1685300_2017-05-10T01:38:32.675_S0.5x11_1x1_UVB_NOD,ESO-VLT-U2,"ECHELLE,SLIT,NODDING",["1685300"],IDP,XS_SFLX_1685300_2017-05-10T01:38:32.675_S0.5x11_1x1_UVB_NOD.fits,,,true
http://archive.eso.org/datalink/links?ID=ivo://eso.org/ID?ADP.2014-05-13T15:50:25.260,,SPECTRUM,SPECTRUM (FLUX CALIBRATED),XSHOOTER,La Silla Paranal APEX,Non-solar,55200.31272655,2010-01-04T07:30:19.573,1.0,"[gte:994.02, lte:2478.96]",11424.0,,["084.C-0952"],"["OUDMAIJER, R.D."]","ESO, PHASE3",XSHOOTER,HD-95881,,2014-05-13T00:00:00.000,POSITION J2000 165.4893 -71.5137,165.4893,-71.5137,ADP.2014-05-13T15:50:25.260,1,2011-04-09T13:13:58.093,436065,1350,,36.5,294.406787,-10.477606,,,,,,2,2010-01-04T07:30:20.573,55200.31273812,1.0,HD-95881_387960_2010-01-04T07:30:19.574_S0.4x11_NIR_STA,ESO-VLT-U2,"ECHELLE,SLIT,STARE",["387960"],IDP,XS_SFLX_387960_2010-01-04T07:30:19.574_S0.4x11_NIR_STA.fits,,,true
http://archive.eso.org/datalink/links?ID=ivo://eso.org/ID?ADP.2014-05-13T15:50:24.600,,SPECTRUM,SPECTRUM (FLUX CALIBRATED),XSHOOTER,La Silla Paranal APEX,Non-solar,55200.31269167,2010-01-04T07:30:16.560,1.0,"[gte:533.66, lte:1020.0]",18340.0,,["084.C-0952"],"["OUDMAIJER, R.D."]","ESO, PHASE3",XSHOOTER,HD-95881,,2014-05-13T00:00:00.000,POSITION J2000 165.4893 -71.5137,165.4893,-71.5137,ADP.2014-05-13T15:50:24.600,1,2011-04-09T13:13:58.070,436046,1321,,27.5,294.406787,-10.477605,,,,,,2,2010-01-04T07:30:17.560,55200.31270324,1.0,HD-95881_387960_2010-01-04T07:30:16.560_S0.4x11_1x1_VIS_STA,ESO-VLT-U2,"ECHELLE,SLIT,STARE",["387960"],IDP,XS_SFLX_387960_2010-01-04T07:30:16.560_S0.4x11_1x1_VIS_STA.fits,,,true
http://archive.eso.org/datalink/links?ID=ivo://eso.org/ID?ADP.2014-05-13T15:50:25.100,,SPECTRUM,SPECTRUM (FLUX CALIBRATED),XSHOOTER,La Silla Paranal APEX,Non-solar,55200.31263124,2010-01-04T07:30:11.340,1.0,"[gte:298.92, lte:555.98]",9861.0,,["084.C-0952"],"["OUDMAIJER, R.D."]","ESO, PHASE3",XSHOOTER,HD-95881,,2014-05-13T00:00:00.000,POSITION J2000 165.4893 -71.5137,165.4893,-71.5137,ADP.2014-05-13T15:50:25.100,1,2011-04-09T13:13:58.040,436067,722,,38.5,294.406787,-10.477605,,,,,,2,2010-01-04T07:30:12.340,55200.31264281,1.0,HD-95881_387960_2010-01-04T07:30:11.339_S0.5x11_1x1_UVB_STA,ESO-VLT-U2,"ECHELLE,SLIT,STARE",["387960"],IDP,XS_SFLX_387960_2010-01-04T07:30:11.339_S0.5x11_1x1_UVB_STA.fits,,,true
http://archive.eso.org/datalink/links?ID=ivo://eso.org/ID?ADP.2017-07-21T08:38:35.424,,SPECTRUM,SPECTRUM (FLUX CALIBRATED),XSHOOTER,La Silla Paranal APEX,Non-solar,57927.97243607,2017-06-23T23:20:18.477,140.0,"[gte:994.02, lte:2478.96]",11424.0,,["099.C-0342"],"["SCHOELLER, MARKUS"]","ESO, PHASE3",XSHOOTER,HD95881,,2017-07-21T08:43:24.000,POSITION J2000 165.490412 -71.51238,165.490412,-71.51238,ADP.2017-07-21T08:38:35.424,1,2018-06-23T23:30:55.213,5887798,1359,,155.2,294.406555,-10.476259,,,,,,2,2017-06-23T23:23:20.793,57927.97454622,140.0,HD95881_1685312_2017-06-23T23:20:18.476_S0.4x11_NIR_NOD,ESO-VLT-U2,"ECHELLE,SLIT,NODDING",["1685312"],IDP,XS_SFLX_1685312_2017-06-23T23:20:18.476_S0.4x11_NIR_NOD.fits,,,true
http://archive.eso.org/datalink/links?ID=ivo://eso.org/ID?ADP.2017-07-21T08:38:35.371,,SPECTRUM,SPECTRUM (FLUX CALIBRATED),XSHOOTER,La Silla Paranal APEX,Non-solar,57927.97240225,2017-06-23T23:20:15.557,140.0,"[gte:533.66, lte:1020.0]",18340.0,,["099.C-0342"],"["SCHOELLER, MARKUS"]","ESO, PHASE3",XSHOOTER,HD95881,,2017-07-21T08:43:24.000,POSITION J2000 165.490412 -71.51238,165.490412,-71.51238,ADP.2017-07-21T08:38:35.371,1,2018-06-23T23:30:55.213,5887786,1330,,350.9,294.406554,-10.476258,,,,,,2,2017-06-23T23:23:17.873,57927.97451242,140.0,HD95881_1685312_2017-06-23T23:20:15.554_S0.4x11_1x1_VIS_NOD,ESO-VLT-U2,"ECHELLE,SLIT,NODDING",["1685312"],IDP,XS_SFLX_1685312_2017-06-23T23:20:15.554_S0.4x11_1x1_VIS_NOD.fits,,,true
http://archive.eso.org/datalink/links?ID=ivo://eso.org/ID?ADP.2017-07-21T08:38:35.461,,SPECTRUM,SPECTRUM (FLUX CALIBRATED),XSHOOTER,La Silla Paranal APEX,Non-solar,57927.97234229,2017-06-23T23:20:10.373,120.0,"[gte:298.92, lte:555.98]",9861.0,,["099.C-0342"],"["SCHOELLER, MARKUS"]","ESO, PHASE3",XSHOOTER,HD95881,,2017-07-21T08:43:24.000,POSITION J2000 165.490412 -71.51238,165.490412,-71.51238,ADP.2017-07-21T08:38:35.461,1,2018-06-23T23:30:55.213,5887807,734,,389.8,294.406554,-10.476258,,,,,,2,2017-06-23T23:23:02.683,57927.97433661,120.0,HD95881_1685312_2017-06-23T23:20:10.374_S0.5x11_1x1_UVB_NOD,ESO-VLT-U2,"ECHELLE,SLIT,NODDING",["1685312"],IDP,XS_SFLX_1685312_2017-06-23T23:20:10.374_S0.5x11_1x1_UVB_NOD.fits,,,true
http://archive.eso.org/datalink/links?ID=ivo://eso.org/ID?ADP.2017-05-17T08:01:42.934,,SPECTRUM,SPECTRUM (FLUX CALIBRATED),XSHOOTER,La Silla Paranal APEX,Non-solar,57857.24162766,2017-04-14T05:47:56.630,140.0,"[gte:994.02, lte:2478.96]",11424.0,,["099.C-0342"],"["SCHOELLER, MARKUS"]","ESO, PHASE3",XSHOOTER,HD95881,,2017-05-17T08:07:44.000,POSITION J2000 165.491113 -71.51247,165.491113,-71.51247,ADP.2017-05-17T08:01:42.934,1,2018-04-14T05:56:07.040,5837140,1359,,218.1,294.406799,-10.476248,,,,,,2,2017-04-14T05:50:58.950,57857.24373784,140.0,HD95881_1685296_2017-04-14T05:47:56.630_S0.4x11_NIR_NOD,ESO-VLT-U2,"ECHELLE,SLIT,NODDING",["1685296"],IDP,XS_SFLX_1685296_2017-04-14T05:47:56.630_S0.4x11_NIR_NOD.fits,,,true
http://archive.eso.org/datalink/links?ID=ivo://eso.org/ID?ADP.2017-05-17T08:01:42.962,,SPECTRUM,SPECTRUM (FLUX CALIBRATED),XSHOOTER,La Silla Paranal APEX,Non-solar,57857.24158826,2017-04-14T05:47:53.227,140.0,"[gte:533.66, lte:1020.0]",18340.0,,["099.C-0342"],"["SCHOELLER, MARKUS"]","ESO, PHASE3",XSHOOTER,HD95881,,2017-05-17T08:07:44.000,POSITION J2000 165.491113 -71.51247,165.491113,-71.51247,ADP.2017-05-17T08:01:42.962,1,2018-04-14T05:56:07.040,5837147,1330,,462.9,294.406798,-10.476248,,,,,,2,2017-04-14T05:50:55.867,57857.24370214,140.0,HD95881_1685296_2017-04-14T05:47:53.226_S0.4x11_1x1_VIS_NOD,ESO-VLT-U2,"ECHELLE,SLIT,NODDING",["1685296"],IDP,XS_SFLX_1685296_2017-04-14T05:47:53.226_S0.4x11_1x1_VIS_NOD.fits,,,true
http://archive.eso.org/datalink/links?ID=ivo://eso.org/ID?ADP.2017-05-17T08:01:42.902,,SPECTRUM,SPECTRUM (FLUX CALIBRATED),XSHOOTER,La Silla Paranal APEX,Non-solar,57857.24152807,2017-04-14T05:47:48.027,120.0,"[gte:298.92, lte:555.98]",9861.0,,["099.C-0342"],"["SCHOELLER, MARKUS"]","ESO, PHASE3",XSHOOTER,HD95881,,2017-05-17T08:07:44.000,POSITION J2000 165.491113 -71.51247,165.491113,-71.51247,ADP.2017-05-17T08:01:42.902,1,2018-04-14T05:56:07.040,5837132,734,,486.5,294.406798,-10.476248,,,,,,2,2017-04-14T05:50:40.617,57857.24352563,120.0,HD95881_1685296_2017-04-14T05:47:48.025_S0.5x11_1x1_UVB_NOD,ESO-VLT-U2,"ECHELLE,SLIT,NODDING",["1685296"],IDP,XS_SFLX_1685296_2017-04-14T05:47:48.025_S0.5x11_1x1_UVB_NOD.fits,,,true
http://archive.eso.org/datalink/links?ID=ivo://eso.org/ID?ADP.2017-07-21T08:39:43.184,,SPECTRUM,SPECTRUM (FLUX CALIBRATED),XSHOOTER,La Silla Paranal APEX,Non-solar,57929.07593435,2017-06-25T01:49:20.727,140.0,"[gte:994.02, lte:2478.96]",11424.0,,["099.C-0342"],"["SCHOELLER, MARKUS"]","ESO, PHASE3",XSHOOTER,HD95881,,2017-07-21T08:43:24.000,POSITION J2000 165.491775 -71.51272,165.491775,-71.51272,ADP.2017-07-21T08:39:43.184,1,2018-06-25T02:01:18.240,5887824,1359,,82.3,294.407098,-10.476388,,,,,,2,2017-06-25T01:52:23.050,57929.07804455,140.0,HD95881_1685316_2017-06-25T01:49:20.728_S0.4x11_NIR_NOD,ESO-VLT-U2,"ECHELLE,SLIT,NODDING",["1685316"],IDP,XS_SFLX_1685316_2017-06-25T01:49:20.728_S0.4x11_NIR_NOD.fits,,,true
http://archive.eso.org/datalink/links?ID=ivo://eso.org/ID?ADP.2017-07-21T08:39:43.175,,SPECTRUM,SPECTRUM (FLUX CALIBRATED),XSHOOTER,La Silla Paranal APEX,Non-solar,57929.0758973,2017-06-25T01:49:17.527,140.0,"[gte:533.66, lte:1020.0]",18340.0,,["099.C-0342"],"["SCHOELLER, MARKUS"]","ESO, PHASE3",XSHOOTER,HD95881,,2017-07-21T08:43:24.000,POSITION J2000 165.491775 -71.51272,165.491775,-71.51272,ADP.2017-07-21T08:39:43.175,1,2018-06-25T02:01:18.240,5887822,1330,,219.6,294.407098,-10.476388,,,,,,2,2017-06-25T01:52:19.917,57929.07800829,140.0,HD95881_1685316_2017-06-25T01:49:17.528_S0.4x11_1x1_VIS_NOD,ESO-VLT-U2,"ECHELLE,SLIT,NODDING",["1685316"],IDP,XS_SFLX_1685316_2017-06-25T01:49:17.528_S0.4x11_1x1_VIS_NOD.fits,,,true
http://archive.eso.org/datalink/links?ID=ivo://eso.org/ID?ADP.2017-07-21T08:39:43.157,,SPECTRUM,SPECTRUM (FLUX CALIBRATED),XSHOOTER,La Silla Paranal APEX,Non-solar,57929.07583665,2017-06-25T01:49:12.287,120.0,"[gte:298.92, lte:555.98]",9861.0,,["099.C-0342"],"["SCHOELLER, MARKUS"]","ESO, PHASE3",XSHOOTER,HD95881,,2017-07-21T08:43:24.000,POSITION J2000 165.491775 -71.51272,165.491775,-71.51272,ADP.2017-07-21T08:39:43.157,1,2018-06-25T02:01:18.240,5887818,734,,225.3,294.407098,-10.476388,,,,,,2,2017-06-25T01:52:04.677,57929.07783189,120.0,HD95881_1685316_2017-06-25T01:49:12.287_S0.5x11_1x1_UVB_NOD,ESO-VLT-U2,"ECHELLE,SLIT,NODDING",["1685316"],IDP,XS_SFLX_1685316_2017-06-25T01:49:12.287_S0.5x11_1x1_UVB_NOD.fits,,,true
http://archive.eso.org/datalink/links?ID=ivo://eso.org/ID?ADP.2017-07-21T08:24:30.144,,SPECTRUM,SPECTRUM (FLUX CALIBRATED),XSHOOTER,La Silla Paranal APEX,Non-solar,57916.12909369,2017-06-12T03:05:53.697,140.0,"[gte:994.02, lte:2478.96]",11424.0,,["099.C-0342"],"["SCHOELLER, MARKUS"]","ESO, PHASE3",XSHOOTER,HD95881,,2017-07-21T08:27:22.000,POSITION J2000 165.491873 -71.51274,165.491873,-71.51274,ADP.2017-07-21T08:24:30.144,1,2018-06-12T03:15:56.947,5887499,1359,,109.9,294.407136,-10.476393,,,,,,2,2017-06-12T03:08:56.013,57916.13120386,140.0,HD95881_1685304_2017-06-12T03:05:53.695_S0.4x11_NIR_NOD,ESO-VLT-U2,"ECHELLE,SLIT,NODDING",["1685304"],IDP,XS_SFLX_1685304_2017-06-12T03:05:53.695_S0.4x11_NIR_NOD.fits,,,true
http://archive.eso.org/datalink/links?ID=ivo://eso.org/ID?ADP.2017-07-21T08:24:30.148,,SPECTRUM,SPECTRUM (FLUX CALIBRATED),XSHOOTER,La Silla Paranal APEX,Non-solar,57916.12905879,2017-06-12T03:05:50.680,140.0,"[gte:533.66, lte:1020.0]",18340.0,,["099.C-0342"],"["SCHOELLER, MARKUS"]","ESO, PHASE3",XSHOOTER,HD95881,,2017-07-21T08:27:22.000,POSITION J2000 165.491873 -71.51274,165.491873,-71.51274,ADP.2017-07-21T08:24:30.148,1,2018-06-12T03:15:56.947,5887500,1330,,274.4,294.407135,-10.476393,,,,,,2,2017-06-12T03:08:53.350,57916.13117301,140.0,HD95881_1685304_2017-06-12T03:05:50.680_S0.4x11_1x1_VIS_NOD,ESO-VLT-U2,"ECHELLE,SLIT,NODDING",["1685304"],IDP,XS_SFLX_1685304_2017-06-12T03:05:50.680_S0.4x11_1x1_VIS_NOD.fits,,,true
http://archive.eso.org/datalink/links?ID=ivo://eso.org/ID?ADP.2017-07-21T08:24:30.166,,SPECTRUM,SPECTRUM (FLUX CALIBRATED),XSHOOTER,La Silla Paranal APEX,Non-solar,57916.12899814,2017-06-12T03:05:45.440,120.0,"[gte:298.92, lte:555.98]",9861.0,,["099.C-0342"],"["SCHOELLER, MARKUS"]","ESO, PHASE3",XSHOOTER,HD95881,,2017-07-21T08:27:22.000,POSITION J2000 165.491873 -71.51274,165.491873,-71.51274,ADP.2017-07-21T08:24:30.166,1,2018-06-12T03:15:56.947,5887504,734,,284.0,294.407135,-10.476393,,,,,,2,2017-06-12T03:08:38.107,57916.13099662,120.0,HD95881_1685304_2017-06-12T03:05:45.439_S0.5x11_1x1_UVB_NOD,ESO-VLT-U2,"ECHELLE,SLIT,NODDING",["1685304"],IDP,XS_SFLX_1685304_2017-06-12T03:05:45.439_S0.5x11_1x1_UVB_NOD.fits,,,true
http://archive.eso.org/datalink/links?ID=ivo://eso.org/ID?ADP.2017-09-22T08:54:09.399,,SPECTRUM,SPECTRUM (FLUX CALIBRATED),XSHOOTER,La Silla Paranal APEX,Non-solar,57962.98273124,2017-07-28T23:35:07.980,140.0,"[gte:994.02, lte:2478.96]",11424.0,,["099.C-0342"],"["SCHOELLER, MARKUS"]","ESO, PHASE3",XSHOOTER,HD95881,,2017-09-22T08:57:35.000,POSITION J2000 165.492106 -71.51305,165.492106,-71.51305,ADP.2017-09-22T08:54:09.399,1,2018-07-28T23:46:18.517,5951309,1359,,130.4,294.407335,-10.476644,,,,,,2,2017-07-28T23:38:10.997,57962.98484948,140.0,HD95881_1685316_2017-07-28T23:35:07.979_S0.4x11_NIR_NOD,ESO-VLT-U2,"ECHELLE,SLIT,NODDING",["1685316"],IDP,XS_SFLX_1685316_2017-07-28T23:35:07.979_S0.4x11_NIR_NOD.fits,,,true
http://archive.eso.org/datalink/links?ID=ivo://eso.org/ID?ADP.2017-09-22T08:54:09.470,,SPECTRUM,SPECTRUM (FLUX CALIBRATED),XSHOOTER,La Silla Paranal APEX,Non-solar,57962.98269411,2017-07-28T23:35:04.770,140.0,"[gte:533.66, lte:1020.0]",18340.0,,["099.C-0342"],"["SCHOELLER, MARKUS"]","ESO, PHASE3",XSHOOTER,HD95881,,2017-09-22T08:57:35.000,POSITION J2000 165.492106 -71.51305,165.492106,-71.51305,ADP.2017-09-22T08:54:09.470,1,2018-07-28T23:46:18.517,5951326,1330,,310.0,294.407335,-10.476644,,,,,,2,2017-07-28T23:38:08.080,57962.98481574,140.0,HD95881_1685316_2017-07-28T23:35:04.771_S0.4x11_1x1_VIS_NOD,ESO-VLT-U2,"ECHELLE,SLIT,NODDING",["1685316"],IDP,XS_SFLX_1685316_2017-07-28T23:35:04.771_S0.4x11_1x1_VIS_NOD.fits,,,true
http://archive.eso.org/datalink/links?ID=ivo://eso.org/ID?ADP.2017-09-22T08:54:09.450,,SPECTRUM,SPECTRUM (FLUX CALIBRATED),XSHOOTER,La Silla Paranal APEX,Non-solar,57962.98263345,2017-07-28T23:34:59.530,120.0,"[gte:298.92, lte:555.98]",9861.0,,["099.C-0342"],"["SCHOELLER, MARKUS"]","ESO, PHASE3",XSHOOTER,HD95881,,2017-09-22T08:57:35.000,POSITION J2000 165.492106 -71.51305,165.492106,-71.51305,ADP.2017-09-22T08:54:09.450,1,2018-07-28T23:46:18.517,5951321,734,,333.2,294.407335,-10.476644,,,,,,2,2017-07-28T23:37:52.840,57962.98463935,120.0,HD95881_1685316_2017-07-28T23:34:59.531_S0.5x11_1x1_UVB_NOD,ESO-VLT-U2,"ECHELLE,SLIT,NODDING",["1685316"],IDP,XS_SFLX_1685316_2017-07-28T23:34:59.531_S0.5x11_1x1_UVB_NOD.fits,,,true
http://archive.eso.org/datalink/links?ID=ivo://eso.org/ID?ADP.2017-05-17T07:59:44.861,,SPECTRUM,SPECTRUM (FLUX CALIBRATED),XSHOOTER,La Silla Paranal APEX,Non-solar,57856.26436538,2017-04-13T06:20:41.170,280.0,"[gte:994.02, lte:2478.96]",11424.0,,["099.C-0342"],"["SCHOELLER, MARKUS"]","ESO, PHASE3",XSHOOTER,HD95881,,2017-05-17T08:07:44.000,POSITION J2000 165.491945 -71.51265,165.491945,-71.51265,ADP.2017-05-17T07:59:44.861,1,2018-04-13T06:35:34.937,5837117,1362,,185.5,294.407119,-10.476302,,,,,,2,2017-04-13T06:27:21.100,57856.2689942,280.0,HD95881_1685292_2017-04-13T06:20:41.169_S0.4x11_NIR_NOD,ESO-VLT-U2,"ECHELLE,SLIT,NODDING",["1685292"],IDP,XS_SFLX_1685292_2017-04-13T06:20:41.169_S0.4x11_NIR_NOD.fits,,,true
http://archive.eso.org/datalink/links?ID=ivo://eso.org/ID?ADP.2017-05-17T07:59:44.856,,SPECTRUM,SPECTRUM (FLUX CALIBRATED),XSHOOTER,La Silla Paranal APEX,Non-solar,57856.26433133,2017-04-13T06:20:38.227,280.0,"[gte:533.66, lte:1020.0]",18340.0,,["099.C-0342"],"["SCHOELLER, MARKUS"]","ESO, PHASE3",XSHOOTER,HD95881,,2017-05-17T08:07:44.000,POSITION J2000 165.491945 -71.51265,165.491945,-71.51265,ADP.2017-05-17T07:59:44.856,1,2018-04-13T06:35:34.937,5837116,1333,,451.9,294.407118,-10.476301,,,,,,2,2017-04-13T06:27:18.453,57856.26896358,280.0,HD95881_1685292_2017-04-13T06:20:38.227_S0.4x11_1x1_VIS_NOD,ESO-VLT-U2,"ECHELLE,SLIT,NODDING",["1685292"],IDP,XS_SFLX_1685292_2017-04-13T06:20:38.227_S0.4x11_1x1_VIS_NOD.fits,,,true
http://archive.eso.org/datalink/links?ID=ivo://eso.org/ID?ADP.2017-05-17T07:59:44.705,,SPECTRUM,SPECTRUM (FLUX CALIBRATED),XSHOOTER,La Silla Paranal APEX,Non-solar,57856.26427056,2017-04-13T06:20:32.977,240.0,"[gte:298.92, lte:555.98]",9861.0,,["099.C-0342"],"["SCHOELLER, MARKUS"]","ESO, PHASE3",XSHOOTER,HD95881,,2017-05-17T08:07:44.000,POSITION J2000 165.491945 -71.51265,165.491945,-71.51265,ADP.2017-05-17T07:59:44.705,1,2018-04-13T06:35:34.937,5837081,734,,471.5,294.407118,-10.476301,,,,,,2,2017-04-13T06:27:03.203,57856.26878707,240.0,HD95881_1685292_2017-04-13T06:20:32.976_S0.5x11_1x1_UVB_NOD,ESO-VLT-U2,"ECHELLE,SLIT,NODDING",["1685292"],IDP,XS_SFLX_1685292_2017-04-13T06:20:32.976_S0.5x11_1x1_UVB_NOD.fits,,,true
http://archive.eso.org/datalink/links?ID=ivo://eso.org/ID?ADP.2017-07-21T08:25:49.989,,SPECTRUM,SPECTRUM (FLUX CALIBRATED),XSHOOTER,La Silla Paranal APEX,Non-solar,57919.08376456,2017-06-15T02:00:37.257,140.0,"[gte:994.02, lte:2478.96]",11424.0,,["099.C-0342"],"["SCHOELLER, MARKUS"]","ESO, PHASE3",XSHOOTER,HD95881,,2017-07-21T08:32:32.000,POSITION J2000 165.492163 -71.51289,165.492163,-71.51289,ADP.2017-07-21T08:25:49.989,1,2018-06-15T02:11:37.110,5887512,1359,,133.7,294.407284,-10.476491,,,,,,2,2017-06-15T02:03:40.270,57919.08588277,140.0,HD95881_1685308_2017-06-15T02:00:37.258_S0.4x11_NIR_NOD,ESO-VLT-U2,"ECHELLE,SLIT,NODDING",["1685308"],IDP,XS_SFLX_1685308_2017-06-15T02:00:37.258_S0.4x11_NIR_NOD.fits,,,true
http://archive.eso.org/datalink/links?ID=ivo://eso.org/ID?ADP.2017-07-21T08:25:50.028,,SPECTRUM,SPECTRUM (FLUX CALIBRATED),XSHOOTER,La Silla Paranal APEX,Non-solar,57919.08372914,2017-06-15T02:00:34.197,140.0,"[gte:533.66, lte:1020.0]",18340.0,,["099.C-0342"],"["SCHOELLER, MARKUS"]","ESO, PHASE3",XSHOOTER,HD95881,,2017-07-21T08:32:32.000,POSITION J2000 165.492163 -71.51289,165.492163,-71.51289,ADP.2017-07-21T08:25:50.028,1,2018-06-15T02:11:37.110,5887521,1330,,309.4,294.407284,-10.476491,,,,,,2,2017-06-15T02:03:37.617,57919.08585205,140.0,HD95881_1685308_2017-06-15T02:00:34.199_S0.4x11_1x1_VIS_NOD,ESO-VLT-U2,"ECHELLE,SLIT,NODDING",["1685308"],IDP,XS_SFLX_1685308_2017-06-15T02:00:34.199_S0.4x11_1x1_VIS_NOD.fits,,,truehttp://archive.eso.org/datalink/links?ID=ivo://eso.org/ID?ADP.2014-05-15T09:01:30.920,,SPECTRUM,SPECTRUM (FLUX CALIBRATED),XSHOOTER,La Silla Paranal APEX,Non-solar,55232.353923,2010-02-05T08:29:38.947,160.0,"[gte:994.02, lte:2478.96]",11424.0,,["084.C-0952"],"["OUDMAIJER, R.D."]","ESO, PHASE3",XSHOOTER,PDS-327,,2014-05-15T00:00:00.000,POSITION J2000 165.919383 -59.43221,165.919383,-59.43221,ADP.2014-05-15T09:01:30.920,1,2011-04-09T13:12:52.357,437069,1347,,42.5,289.610186,0.623204,,,,,,2,2010-02-05T08:36:03.737,55232.35837656,160.0,PDS-327_387853_2010-02-05T08:29:38.947_S0.4x11_NIR_NOD,ESO-VLT-U2,"ECHELLE,SLIT,NODDING",["387853"],IDP,XS_SFLX_387853_2010-02-05T08:29:38.947_S0.4x11_NIR_NOD.fits,,,true
http://archive.eso.org/datalink/links?ID=ivo://eso.org/ID?ADP.2014-05-15T09:01:30.537,,SPECTRUM,SPECTRUM (FLUX CALIBRATED),XSHOOTER,La Silla Paranal APEX,Non-solar,55232.35388489,2010-02-05T08:29:35.653,80.0,"[gte:533.66, lte:1020.0]",18340.0,,["084.C-0952"],"["OUDMAIJER, R.D."]","ESO, PHASE3",XSHOOTER,PDS-327,,2014-05-15T00:00:00.000,POSITION J2000 165.919383 -59.43221,165.919383,-59.43221,ADP.2014-05-15T09:01:30.537,1,2011-04-09T13:12:52.637,437062,1319,,146.0,289.610186,0.623204,,,,,,2,2010-02-05T08:36:25.563,55232.35862921,80.0,PDS-327_387853_2010-02-05T08:29:35.654_S0.4x11_1x1_VIS_NOD,ESO-VLT-U2,"ECHELLE,SLIT,NODDING",["387853"],IDP,XS_SFLX_387853_2010-02-05T08:29:35.654_S0.4x11_1x1_VIS_NOD.fits,,,true
http://archive.eso.org/datalink/links?ID=ivo://eso.org/ID?ADP.2014-05-15T09:01:31.127,,SPECTRUM,SPECTRUM (FLUX CALIBRATED),XSHOOTER,La Silla Paranal APEX,Non-solar,55232.35382435,2010-02-05T08:29:30.423,80.0,"[gte:298.92, lte:555.98]",9861.0,,["084.C-0952"],"["OUDMAIJER, R.D."]","ESO, PHASE3",XSHOOTER,PDS-327,,2014-05-15T00:00:00.000,POSITION J2000 165.919383 -59.43221,165.919383,-59.43221,ADP.2014-05-15T09:01:31.127,1,2011-04-09T13:12:52.617,437072,722,,216.5,289.610186,0.623204,,,,,,2,2010-02-05T08:36:19.177,55232.3585553,80.0,PDS-327_387853_2010-02-05T08:29:30.424_S0.5x11_1x1_UVB_NOD,ESO-VLT-U2,"ECHELLE,SLIT,NODDING",["387853"],IDP,XS_SFLX_387853_2010-02-05T08:29:30.424_S0.5x11_1x1_UVB_NOD.fits,,,true
http://archive.eso.org/datalink/links?ID=ivo://eso.org/ID?ADP.2014-05-15T09:01:30.980,,SPECTRUM,SPECTRUM (FLUX CALIBRATED),XSHOOTER,La Silla Paranal APEX,Non-solar,55232.35193249,2010-02-05T08:26:46.967,1.0,"[gte:994.02, lte:2478.96]",11424.0,,["084.C-0952"],"["OUDMAIJER, R.D."]","ESO, PHASE3",XSHOOTER,PDS-327,,2014-05-15T00:00:00.000,POSITION J2000 165.918425 -59.43286,165.918425,-59.43286,ADP.2014-05-15T09:01:30.980,1,2011-04-09T13:12:50.110,437040,1350,,6.7,289.610003,0.622413,,,,,,2,2010-02-05T08:26:47.967,55232.35194406,1.0,PDS-327_387853_2010-02-05T08:26:46.967_S0.4x11_NIR_STA,ESO-VLT-U2,"ECHELLE,SLIT,STARE",["387853"],IDP,XS_SFLX_387853_2010-02-05T08:26:46.967_S0.4x11_NIR_STA.fits,,,true
http://archive.eso.org/datalink/links?ID=ivo://eso.org/ID?ADP.2014-05-15T09:01:31.200,,SPECTRUM,SPECTRUM (FLUX CALIBRATED),XSHOOTER,La Silla Paranal APEX,Non-solar,55232.3519014,2010-02-05T08:26:44.280,1.0,"[gte:533.66, lte:1020.0]",18340.0,,["084.C-0952"],"["OUDMAIJER, R.D."]","ESO, PHASE3",XSHOOTER,PDS-327,,2014-05-15T00:00:00.000,POSITION J2000 165.918425 -59.43286,165.918425,-59.43286,ADP.2014-05-15T09:01:31.200,1,2011-04-09T13:12:50.080,437082,1321,,19.3,289.610002,0.622413,,,,,,2,2010-02-05T08:26:45.280,55232.35191297,1.0,PDS-327_387853_2010-02-05T08:26:44.281_S0.4x11_1x1_VIS_STA,ESO-VLT-U2,"ECHELLE,SLIT,STARE",["387853"],IDP,XS_SFLX_387853_2010-02-05T08:26:44.281_S0.4x11_1x1_VIS_STA.fits,,,truehttp://archive.eso.org/datalink/links?ID=ivo://eso.org/ID?ADP.2014-05-15T09:01:31.187,,SPECTRUM,SPECTRUM (FLUX CALIBRATED),XSHOOTER,La Silla Paranal APEX,Non-solar,55232.31233948,2010-02-05T07:29:46.130,160.0,"[gte:994.02, lte:2478.96]",11424.0,,["084.C-0952"],"["OUDMAIJER, R.D."]","ESO, PHASE3",XSHOOTER,HD-97048,,2014-05-15T00:00:00.000,POSITION J2000 167.012913 -77.65447,167.012913,-77.65447,ADP.2014-05-15T09:01:31.187,1,2011-04-09T13:13:57.763,437047,1347,,65.8,297.369786,-15.913802,,,,,,2,2010-02-05T07:39:42.017,55232.31923628,160.0,HD-97048_387958_2010-02-05T07:29:46.131_S0.4x11_NIR_NOD,ESO-VLT-U2,"ECHELLE,SLIT,NODDING",["387958"],IDP,XS_SFLX_387958_2010-02-05T07:29:46.131_S0.4x11_NIR_NOD.fits,,,true
http://archive.eso.org/datalink/links?ID=ivo://eso.org/ID?ADP.2014-05-15T09:01:30.927,,SPECTRUM,SPECTRUM (FLUX CALIBRATED),XSHOOTER,La Silla Paranal APEX,Non-solar,55232.31230347,2010-02-05T07:29:43.020,180.0,"[gte:533.66, lte:1020.0]",18340.0,,["084.C-0952"],"["OUDMAIJER, R.D."]","ESO, PHASE3",XSHOOTER,HD-97048,,2014-05-15T00:00:00.000,POSITION J2000 167.012913 -77.65447,167.012913,-77.65447,ADP.2014-05-15T09:01:30.927,1,2011-04-09T13:13:57.867,437057,1321,,314.0,297.369786,-15.913802,,,,,,2,2010-02-05T07:41:13.677,55232.32029719,180.0,HD-97048_387958_2010-02-05T07:29:43.020_S0.4x11_1x1_VIS_NOD,ESO-VLT-U2,"ECHELLE,SLIT,NODDING",["387958"],IDP,XS_SFLX_387958_2010-02-05T07:29:43.020_S0.4x11_1x1_VIS_NOD.fits,,,true
http://archive.eso.org/datalink/links?ID=ivo://eso.org/ID?ADP.2014-05-15T09:01:31.433,,SPECTRUM,SPECTRUM (FLUX CALIBRATED),XSHOOTER,La Silla Paranal APEX,Non-solar,55232.31224375,2010-02-05T07:29:37.860,180.0,"[gte:298.92, lte:555.98]",9861.0,,["084.C-0952"],"["OUDMAIJER, R.D."]","ESO, PHASE3",XSHOOTER,HD-97048,,2014-05-15T00:00:00.000,POSITION J2000 167.012913 -77.65447,167.012913,-77.65447,ADP.2014-05-15T09:01:31.433,1,2011-04-09T13:13:57.840,437068,725,,265.7,297.369786,-15.913802,,,,,,2,2010-02-05T07:41:07.477,55232.32022542,180.0,HD-97048_387958_2010-02-05T07:29:37.860_S0.5x11_1x1_UVB_NOD,ESO-VLT-U2,"ECHELLE,SLIT,NODDING",["387958"],IDP,XS_SFLX_387958_2010-02-05T07:29:37.860_S0.5x11_1x1_UVB_NOD.fits,,,true
http://archive.eso.org/datalink/links?ID=ivo://eso.org/ID?ADP.2014-05-17T08:32:18.403,,SPECTRUM,SPECTRUM (FLUX CALIBRATED),XSHOOTER,La Silla Paranal APEX,Non-solar,55947.28374681,2012-01-21T06:48:35.723,12.0,"[gte:533.66, lte:1020.0]",1512.0,,["088.C-0218"],"["MENDIGUTIA, IGNACIO"]","ESO, PHASE3",XSHOOTER,HD-97048,,2014-05-17T00:00:00.000,POSITION J2000 167.011588 -77.65439,167.011588,-77.65439,ADP.2014-05-17T08:32:18.403,1,2013-04-20T14:22:18.773,455063,1319,,387.0,297.369483,-15.913843,,,,,,2,2012-01-21T06:49:59.590,55947.28471748,12.0,HD-97048_586475_2012-01-21T06:48:35.724_S5.0x11_2x2_VIS_NOD,ESO-VLT-U2,"ECHELLE,SLIT,NODDING",["586475"],IDP,XS_SFLX_586475_2012-01-21T06:48:35.724_S5.0x11_2x2_VIS_NOD.fits,,,true
http://archive.eso.org/datalink/links?ID=ivo://eso.org/ID?ADP.2014-05-17T08:32:18.557,,SPECTRUM,SPECTRUM (FLUX CALIBRATED),XSHOOTER,La Silla Paranal APEX,Non-solar,55947.28368661,2012-01-21T06:48:30.523,8.0,"[gte:298.92, lte:555.98]",1040.0,,["088.C-0218"],"["MENDIGUTIA, IGNACIO"]","ESO, PHASE3",XSHOOTER,HD-97048,,2014-05-17T00:00:00.000,POSITION J2000 167.011588 -77.65439,167.011588,-77.65439,ADP.2014-05-17T08:32:18.557,1,2013-04-20T14:22:18.773,455079,722,,313.3,297.369483,-15.913843,,,,,,2,2012-01-21T06:49:53.340,55947.28464513,8.0,HD-97048_586475_2012-01-21T06:48:30.524_S5.0x11_2x2_UVB_NOD,ESO-VLT-U2,"ECHELLE,SLIT,NODDING",["586475"],IDP,XS_SFLX_586475_2012-01-21T06:48:30.524_S5.0x11_2x2_UVB_NOD.fits,,,true
http://archive.eso.org/datalink/links?ID=ivo://eso.org/ID?ADP.2014-05-17T08:32:18.350,,SPECTRUM,SPECTRUM (FLUX CALIBRATED),XSHOOTER,La Silla Paranal APEX,Non-solar,55947.28063973,2012-01-21T06:44:07.273,8.0,"[gte:994.02, lte:2478.96]",5573.0,,["088.C-0218"],"["MENDIGUTIA, IGNACIO"]","ESO, PHASE3",XSHOOTER,HD-97048,,2014-05-17T00:00:00.000,POSITION J2000 167.011588 -77.65439,167.011588,-77.65439,ADP.2014-05-17T08:32:18.350,1,2013-04-20T14:22:18.773,455066,1347,,35.9,297.369483,-15.913843,,,,,,2,2012-01-21T06:46:55.843,55947.28259076,8.0,HD-97048_586475_2012-01-21T06:44:07.273_S0.9x11_NIR_NOD,ESO-VLT-U2,"ECHELLE,SLIT,NODDING",["586475"],IDP,XS_SFLX_586475_2012-01-21T06:44:07.273_S0.9x11_NIR_NOD.fits,,,true
http://archive.eso.org/datalink/links?ID=ivo://eso.org/ID?ADP.2014-05-17T08:32:18.217,,SPECTRUM,SPECTRUM (FLUX CALIBRATED),XSHOOTER,La Silla Paranal APEX,Non-solar,55947.28060859,2012-01-21T06:44:04.583,36.0,"[gte:533.66, lte:1020.0]",8935.0,,["088.C-0218"],"["MENDIGUTIA, IGNACIO"]","ESO, PHASE3",XSHOOTER,HD-97048,,2014-05-17T00:00:00.000,POSITION J2000 167.011588 -77.65439,167.011588,-77.65439,ADP.2014-05-17T08:32:18.217,1,2013-04-20T14:22:18.773,455059,1319,,200.0,297.369483,-15.913843,,,,,,2,2012-01-21T06:46:59.877,55947.28263744,36.0,HD-97048_586475_2012-01-21T06:44:04.582_S0.9x11_1x1_VIS_NOD,ESO-VLT-U2,"ECHELLE,SLIT,NODDING",["586475"],IDP,XS_SFLX_586475_2012-01-21T06:44:04.582_S0.9x11_1x1_VIS_NOD.fits,,,true
http://archive.eso.org/datalink/links?ID=ivo://eso.org/ID?ADP.2014-05-17T08:32:18.317,,SPECTRUM,SPECTRUM (FLUX CALIBRATED),XSHOOTER,La Silla Paranal APEX,Non-solar,55947.28054874,2012-01-21T06:43:59.413,20.0,"[gte:298.92, lte:555.98]",3251.0,,["088.C-0218"],"["MENDIGUTIA, IGNACIO"]","ESO, PHASE3",XSHOOTER,HD-97048,,2014-05-17T00:00:00.000,POSITION J2000 167.011588 -77.65439,167.011588,-77.65439,ADP.2014-05-17T08:32:18.317,1,2013-04-20T14:22:18.773,455076,722,,202.2,297.369483,-15.913843,,,,,,2,2012-01-21T06:46:50.707,55947.28253131,20.0,HD-97048_586475_2012-01-21T06:43:59.412_S1.6x11_1x1_UVB_NOD,ESO-VLT-U2,"ECHELLE,SLIT,NODDING",["586475"],IDP,XS_SFLX_586475_2012-01-21T06:43:59.412_S1.6x11_1x1_UVB_NOD.fits,,,true
http://archive.eso.org/datalink/links?ID=ivo://eso.org/ID?ADP.2014-05-17T08:32:18.070,,SPECTRUM,SPECTRUM (FLUX CALIBRATED),XSHOOTER,La Silla Paranal APEX,Non-solar,55947.28378081,2012-01-21T06:48:38.663,8.0,"[gte:994.02, lte:2478.96]",1029.0,,["088.C-0218"],"["MENDIGUTIA, IGNACIO"]","ESO, PHASE3",XSHOOTER,HD-97048,,2014-05-17T00:00:00.000,POSITION J2000 167.011587 -77.65439,167.011587,-77.65439,ADP.2014-05-17T08:32:18.070,1,2013-04-20T14:22:18.773,455060,1347,,74.7,297.369483,-15.913843,,,,,,2,2012-01-21T06:50:01.197,55947.28473606,8.0,HD-97048_586475_2012-01-21T06:48:38.662_S5.0x11_NIR_NOD,ESO-VLT-U2,"ECHELLE,SLIT,NODDING",["586475"],IDP,XS_SFLX_586475_2012-01-21T06:48:38.662_S5.0x11_NIR_NOD.fits,,,true
http://archive.eso.org/datalink/links?ID=ivo://eso.org/ID?ADP.2014-05-17T08:52:25.813,,SPECTRUM,SPECTRUM (FLUX CALIBRATED),XSHOOTER,La Silla Paranal APEX,Non-solar,55978.18775345,2012-02-21T04:30:21.897,12.0,"[gte:533.66, lte:1020.0]",1512.0,,["088.C-0218"],"["MENDIGUTIA, IGNACIO"]","ESO, PHASE3",XSHOOTER,HD-97048,,2014-05-17T00:00:00.000,POSITION J2000 167.011987 -77.65465,167.011987,-77.65465,ADP.2014-05-17T08:52:25.813,1,2013-04-20T14:22:29.090,455372,1319,,369.8,297.369673,-15.914047,,,,,,2,2012-02-21T04:31:59.777,55978.1888863,12.0,HD-97048_586504_2012-02-21T04:30:21.899_S5.0x11_2x2_VIS_NOD,ESO-VLT-U2,"ECHELLE,SLIT,NODDING",["586504"],IDP,XS_SFLX_586504_2012-02-21T04:30:21.899_S5.0x11_2x2_VIS_NOD.fits,,,true
http://archive.eso.org/datalink/links?ID=ivo://eso.org/ID?ADP.2014-05-17T08:52:26.527,,SPECTRUM,SPECTRUM (FLUX CALIBRATED),XSHOOTER,La Silla Paranal APEX,Non-solar,55978.18772008,2012-02-21T04:30:19.017,8.0,"[gte:994.02, lte:2478.96]",1029.0,,["088.C-0218"],"["MENDIGUTIA, IGNACIO"]","ESO, PHASE3",XSHOOTER,HD-97048,,2014-05-17T00:00:00.000,POSITION J2000 167.011987 -77.65465,167.011987,-77.65465,ADP.2014-05-17T08:52:26.527,1,2013-04-20T14:22:29.090,455380,1347,,69.5,297.369673,-15.914047,,,,,,2,2012-02-21T04:31:56.147,55978.18884428,8.0,HD-97048_586504_2012-02-21T04:30:19.015_S5.0x11_NIR_NOD,ESO-VLT-U2,"ECHELLE,SLIT,NODDING",["586504"],IDP,XS_SFLX_586504_2012-02-21T04:30:19.015_S5.0x11_NIR_NOD.fits,,,true
http://archive.eso.org/datalink/links?ID=ivo://eso.org/ID?ADP.2014-05-17T08:52:26.953,,SPECTRUM,SPECTRUM (FLUX CALIBRATED),XSHOOTER,La Silla Paranal APEX,Non-solar,55978.18762948,2012-02-21T04:30:11.187,8.0,"[gte:298.92, lte:555.98]",1040.0,,["088.C-0218"],"["MENDIGUTIA, IGNACIO"]","ESO, PHASE3",XSHOOTER,HD-97048,,2014-05-17T00:00:00.000,POSITION J2000 167.011987 -77.65465,167.011987,-77.65465,ADP.2014-05-17T08:52:26.953,1,2013-04-20T14:22:29.090,455354,722,,315.0,297.369673,-15.914046,,,,,,2,2012-02-21T04:31:48.037,55978.18875041,8.0,HD-97048_586504_2012-02-21T04:30:11.188_S5.0x11_2x2_UVB_NOD,ESO-VLT-U2,"ECHELLE,SLIT,NODDING",["586504"],IDP,XS_SFLX_586504_2012-02-21T04:30:11.188_S5.0x11_2x2_UVB_NOD.fits,,,true
http://archive.eso.org/datalink/links?ID=ivo://eso.org/ID?ADP.2014-05-17T08:52:26.867,,SPECTRUM,SPECTRUM (FLUX CALIBRATED),XSHOOTER,La Silla Paranal APEX,Non-solar,55978.18467998,2012-02-21T04:25:56.350,8.0,"[gte:994.02, lte:2478.96]",5573.0,,["088.C-0218"],"["MENDIGUTIA, IGNACIO"]","ESO, PHASE3",XSHOOTER,HD-97048,,2014-05-17T00:00:00.000,POSITION J2000 167.011987 -77.65465,167.011987,-77.65465,ADP.2014-05-17T08:52:26.867,1,2013-04-20T14:22:29.090,455344,1347,,56.5,297.369673,-15.914047,,,,,,2,2012-02-21T04:28:42.480,55978.18660279,8.0,HD-97048_586504_2012-02-21T04:25:56.350_S0.9x11_NIR_NOD,ESO-VLT-U2,"ECHELLE,SLIT,NODDING",["586504"],IDP,XS_SFLX_586504_2012-02-21T04:25:56.350_S0.9x11_NIR_NOD.fits,,,true
http://archive.eso.org/datalink/links?ID=ivo://eso.org/ID?ADP.2014-05-17T08:52:26.153,,SPECTRUM,SPECTRUM (FLUX CALIBRATED),XSHOOTER,La Silla Paranal APEX,Non-solar,55978.18464706,2012-02-21T04:25:53.507,36.0,"[gte:533.66, lte:1020.0]",8935.0,,["088.C-0218"],"["MENDIGUTIA, IGNACIO"]","ESO, PHASE3",XSHOOTER,HD-97048,,2014-05-17T00:00:00.000,POSITION J2000 167.011987 -77.65465,167.011987,-77.65465,ADP.2014-05-17T08:52:26.153,1,2013-04-20T14:22:29.090,455373,1319,,258.1,297.369673,-15.914047,,,,,,2,2012-02-21T04:28:46.420,55978.18664837,36.0,HD-97048_586504_2012-02-21T04:25:53.507_S0.9x11_1x1_VIS_NOD,ESO-VLT-U2,"ECHELLE,SLIT,NODDING",["586504"],IDP,XS_SFLX_586504_2012-02-21T04:25:53.507_S0.9x11_1x1_VIS_NOD.fits,,,true
http://archive.eso.org/datalink/links?ID=ivo://eso.org/ID?ADP.2014-05-17T08:52:26.293,,SPECTRUM,SPECTRUM (FLUX CALIBRATED),XSHOOTER,La Silla Paranal APEX,Non-solar,55978.18458722,2012-02-21T04:25:48.337,20.0,"[gte:298.92, lte:555.98]",3251.0,,["088.C-0218"],"["MENDIGUTIA, IGNACIO"]","ESO, PHASE3",XSHOOTER,HD-97048,,2014-05-17T00:00:00.000,POSITION J2000 167.011987 -77.65465,167.011987,-77.65465,ADP.2014-05-17T08:52:26.293,1,2013-04-20T14:22:29.090,455377,722,,238.5,297.369673,-15.914046,,,,,,2,2012-02-21T04:28:37.270,55978.18654247,20.0,HD-97048_586504_2012-02-21T04:25:48.336_S1.6x11_1x1_UVB_NOD,ESO-VLT-U2,"ECHELLE,SLIT,NODDING",["586504"],IDP,XS_SFLX_586504_2012-02-21T04:25:48.336_S1.6x11_1x1_UVB_NOD.fits,,,true
http://archive.eso.org/datalink/links?ID=ivo://eso.org/ID?ADP.2014-05-13T15:50:24.593,,SPECTRUM,SPECTRUM (FLUX CALIBRATED),XSHOOTER,La Silla Paranal APEX,Non-solar,55200.34613515,2010-01-04T08:18:26.077,120.0,"[gte:994.02, lte:2478.96]",11424.0,,["084.C-0952"],"["OUDMAIJER, R.D."]","ESO, PHASE3",XSHOOTER,HD-97048,,2014-05-13T00:00:00.000,POSITION J2000 167.010857 -77.6543,167.010857,-77.6543,ADP.2014-05-13T15:50:24.593,1,2011-04-09T13:13:56.787,436064,1347,,53.3,297.369297,-15.913824,,,,,,2,2010-01-04T08:25:54.130,55200.35132096,120.0,HD-97048_387958_2010-01-04T08:18:26.077_S0.4x11_NIR_NOD,ESO-VLT-U2,"ECHELLE,SLIT,NODDING",["387958"],IDP,XS_SFLX_387958_2010-01-04T08:18:26.077_S0.4x11_NIR_NOD.fits,,,true
http://archive.eso.org/datalink/links?ID=ivo://eso.org/ID?ADP.2014-05-15T16:03:02.690,,SPECTRUM,SPECTRUM (FLUX CALIBRATED),XSHOOTER,La Silla Paranal APEX,Non-solar,55352.00011532,2010-06-05T00:00:09.963,140.0,"[gte:994.02, lte:2478.96]",11424.0,,["385.C-0131"],"["HUBRIG, S."]","ESO, PHASE3",XSHOOTER,HD97048_1,,2014-05-15T00:00:00.000,POSITION J2000 167.012503 -77.65405,167.012503,-77.65405,ADP.2014-05-15T16:03:02.690,1,2011-10-11T11:59:00.573,439058,1347,,420.5,297.369527,-15.913453,,,,,,2,2010-06-05T00:03:22.813,55352.00234736,140.0,HD97048_1_437429_2010-06-05T00:00:09.964_S0.4x11_NIR_NOD,ESO-VLT-U2,"ECHELLE,SLIT,NODDING",["437429"],IDP,XS_SFLX_437429_2010-06-05T00:00:09.964_S0.4x11_NIR_NOD.fits,,,true
http://archive.eso.org/datalink/links?ID=ivo://eso.org/ID?ADP.2014-05-15T16:03:02.977,,SPECTRUM,SPECTRUM (FLUX CALIBRATED),XSHOOTER,La Silla Paranal APEX,Non-solar,55352.00007901,2010-06-05T00:00:06.827,140.0,"[gte:533.66, lte:1020.0]",18340.0,,["385.C-0131"],"["HUBRIG, S."]","ESO, PHASE3",XSHOOTER,HD97048_1,,2014-05-15T00:00:00.000,POSITION J2000 167.012503 -77.65405,167.012503,-77.65405,ADP.2014-05-15T16:03:02.977,1,2011-10-11T11:59:00.227,439048,1319,,336.0,297.369526,-15.913453,,,,,,2,2010-06-05T00:03:19.917,55352.00231386,140.0,HD97048_1_437429_2010-06-05T00:00:06.826_S0.4x11_1x1_VIS_NOD,ESO-VLT-U2,"ECHELLE,SLIT,NODDING",["437429"],IDP,XS_SFLX_437429_2010-06-05T00:00:06.826_S0.4x11_1x1_VIS_NOD.fits,,,true
http://archive.eso.org/datalink/links?ID=ivo://eso.org/ID?ADP.2014-05-15T16:03:02.017,,SPECTRUM,SPECTRUM (FLUX CALIBRATED),XSHOOTER,La Silla Paranal APEX,Non-solar,55352.00001825,2010-06-05T00:00:01.577,140.0,"[gte:298.92, lte:555.98]",9861.0,,["385.C-0131"],"["HUBRIG, S."]","ESO, PHASE3",XSHOOTER,HD97048_1,,2014-05-15T00:00:00.000,POSITION J2000 167.012503 -77.65405,167.012503,-77.65405,ADP.2014-05-15T16:03:02.017,1,2011-10-11T11:59:00.200,439072,722,,327.2,297.369526,-15.913453,,,,,,2,2010-06-05T00:03:14.707,55352.00225355,140.0,HD97048_1_437429_2010-06-05T00:00:01.577_S0.5x11_1x1_UVB_NOD,ESO-VLT-U2,"ECHELLE,SLIT,NODDING",["437429"],IDP,XS_SFLX_437429_2010-06-05T00:00:01.577_S0.5x11_1x1_UVB_NOD.fits,,,true
http://archive.eso.org/datalink/links?ID=ivo://eso.org/ID?ADP.2014-05-17T07:58:11.503,,SPECTRUM,SPECTRUM (FLUX CALIBRATED),XSHOOTER,La Silla Paranal APEX,Non-solar,55901.34920611,2011-12-06T08:22:51.407,12.0,"[gte:533.66, lte:1020.0]",1512.0,,["088.C-0218"],"["MENDIGUTIA, IGNACIO"]","ESO, PHASE3",XSHOOTER,HD-97048,,2014-05-17T00:00:00.000,POSITION J2000 167.010787 -77.65479,167.010787,-77.65479,ADP.2014-05-17T07:58:11.503,1,2012-12-30T16:59:16.753,454598,1319,,391.6,297.369488,-15.914278,,,,,,2,2011-12-06T08:24:43.247,55901.35050054,12.0,HD-97048_586446_2011-12-06T08:22:51.408_S5.0x11_2x2_VIS_NOD,ESO-VLT-U2,"ECHELLE,SLIT,NODDING",["586446"],IDP,XS_SFLX_586446_2011-12-06T08:22:51.408_S5.0x11_2x2_VIS_NOD.fits,,,true
http://archive.eso.org/datalink/links?ID=ivo://eso.org/ID?ADP.2014-05-17T07:58:11.083,,SPECTRUM,SPECTRUM (FLUX CALIBRATED),XSHOOTER,La Silla Paranal APEX,Non-solar,55901.34917437,2011-12-06T08:22:48.667,8.0,"[gte:994.02, lte:2478.96]",1029.0,,["088.C-0218"],"["MENDIGUTIA, IGNACIO"]","ESO, PHASE3",XSHOOTER,HD-97048,,2014-05-17T00:00:00.000,POSITION J2000 167.010787 -77.65479,167.010787,-77.65479,ADP.2014-05-17T07:58:11.083,1,2012-12-30T16:59:17.450,454624,1347,,82.7,297.369488,-15.914278,,,,,,2,2011-12-06T08:24:39.397,55901.35045599,8.0,HD-97048_586446_2011-12-06T08:22:48.666_S5.0x11_NIR_NOD,ESO-VLT-U2,"ECHELLE,SLIT,NODDING",["586446"],IDP,XS_SFLX_586446_2011-12-06T08:22:48.666_S5.0x11_NIR_NOD.fits,,,true
http://archive.eso.org/datalink/links?ID=ivo://eso.org/ID?ADP.2014-05-17T07:58:11.610,,SPECTRUM,SPECTRUM (FLUX CALIBRATED),XSHOOTER,La Silla Paranal APEX,Non-solar,55901.34908214,2011-12-06T08:22:40.697,8.0,"[gte:298.92, lte:555.98]",1040.0,,["088.C-0218"],"["MENDIGUTIA, IGNACIO"]","ESO, PHASE3",XSHOOTER,HD-97048,,2014-05-17T00:00:00.000,POSITION J2000 167.010787 -77.65479,167.010787,-77.65479,ADP.2014-05-17T07:58:11.610,1,2012-12-30T16:59:12.403,454629,720,,314.1,297.369488,-15.914278,,,,,,2,2011-12-06T08:24:31.517,55901.35036476,8.0,HD-97048_586446_2011-12-06T08:22:40.697_S5.0x11_2x2_UVB_NOD,ESO-VLT-U2,"ECHELLE,SLIT,NODDING",["586446"],IDP,XS_SFLX_586446_2011-12-06T08:22:40.697_S5.0x11_2x2_UVB_NOD.fits,,,true
http://archive.eso.org/datalink/links?ID=ivo://eso.org/ID?ADP.2014-05-17T07:58:10.790,,SPECTRUM,SPECTRUM (FLUX CALIBRATED),XSHOOTER,La Silla Paranal APEX,Non-solar,55901.34587045,2011-12-06T08:18:03.207,8.0,"[gte:994.02, lte:2478.96]",5573.0,,["088.C-0218"],"["MENDIGUTIA, IGNACIO"]","ESO, PHASE3",XSHOOTER,HD-97048,,2014-05-17T00:00:00.000,POSITION J2000 167.010787 -77.65479,167.010787,-77.65479,ADP.2014-05-17T07:58:10.790,1,2012-12-30T16:58:34.883,454590,1347,,66.7,297.369488,-15.914278,,,,,,2,2011-12-06T08:20:51.247,55901.34781534,8.0,HD-97048_586446_2011-12-06T08:18:03.207_S0.9x11_NIR_NOD,ESO-VLT-U2,"ECHELLE,SLIT,NODDING",["586446"],IDP,XS_SFLX_586446_2011-12-06T08:18:03.207_S0.9x11_NIR_NOD.fits,,,true
http://archive.eso.org/datalink/links?ID=ivo://eso.org/ID?ADP.2014-05-17T07:58:10.683,,SPECTRUM,SPECTRUM (FLUX CALIBRATED),XSHOOTER,La Silla Paranal APEX,Non-solar,55901.3458313,2011-12-06T08:17:59.823,36.0,"[gte:533.66, lte:1020.0]",8935.0,,["088.C-0218"],"["MENDIGUTIA, IGNACIO"]","ESO, PHASE3",XSHOOTER,HD-97048,,2014-05-17T00:00:00.000,POSITION J2000 167.010787 -77.65479,167.010787,-77.65479,ADP.2014-05-17T07:58:10.683,1,2012-12-30T16:58:22.037,454580,1319,,249.7,297.369488,-15.914278,,,,,,2,2011-12-06T08:20:54.897,55901.34785761,36.0,HD-97048_586446_2011-12-06T08:17:59.824_S0.9x11_1x1_VIS_NOD,ESO-VLT-U2,"ECHELLE,SLIT,NODDING",["586446"],IDP,XS_SFLX_586446_2011-12-06T08:17:59.824_S0.9x11_1x1_VIS_NOD.fits,,,true
http://archive.eso.org/datalink/links?ID=ivo://eso.org/ID?ADP.2014-05-17T07:58:12.120,,SPECTRUM,SPECTRUM (FLUX CALIBRATED),XSHOOTER,La Silla Paranal APEX,Non-solar,55901.34577099,2011-12-06T08:17:54.613,20.0,"[gte:298.92, lte:555.98]",3251.0,,["088.C-0218"],"["MENDIGUTIA, IGNACIO"]","ESO, PHASE3",XSHOOTER,HD-97048,,2014-05-17T00:00:00.000,POSITION J2000 167.010787 -77.65479,167.010787,-77.65479,ADP.2014-05-17T07:58:12.120,1,2012-12-30T16:58:05.090,454603,720,,231.3,297.369488,-15.914278,,,,,,2,2011-12-06T08:20:45.677,55901.34775089,20.0,HD-97048_586446_2011-12-06T08:17:54.614_S1.6x11_1x1_UVB_NOD,ESO-VLT-U2,"ECHELLE,SLIT,NODDING",["586446"],IDP,XS_SFLX_586446_2011-12-06T08:17:54.614_S1.6x11_1x1_UVB_NOD.fits,,,true
http://archive.eso.org/datalink/links?ID=ivo://eso.org/ID?ADP.2014-05-17T07:55:13.123,,SPECTRUM,SPECTRUM (FLUX CALIBRATED),XSHOOTER,La Silla Paranal APEX,Non-solar,55900.34167701,2011-12-05T08:12:00.893,12.0,"[gte:533.66, lte:1020.0]",1512.0,,["088.C-0218"],"["MENDIGUTIA, IGNACIO"]","ESO, PHASE3",XSHOOTER,HD-97048,,2014-05-17T00:00:00.000,POSITION J2000 167.011077 -77.65487,167.011077,-77.65487,ADP.2014-05-17T07:55:13.123,1,2012-12-30T16:54:58.883,454563,1319,,393.7,297.369581,-15.914327,,,,,,2,2011-12-05T08:13:41.260,55900.34283867,12.0,HD-97048_586417_2011-12-05T08:12:00.894_S5.0x11_2x2_VIS_NOD,ESO-VLT-U2,"ECHELLE,SLIT,NODDING",["586417"],IDP,XS_SFLX_586417_2011-12-05T08:12:00.894_S5.0x11_2x2_VIS_NOD.fits,,,true
http://archive.eso.org/datalink/links?ID=ivo://eso.org/ID?ADP.2014-05-17T07:55:13.817,,SPECTRUM,SPECTRUM (FLUX CALIBRATED),XSHOOTER,La Silla Paranal APEX,Non-solar,55900.34164644,2011-12-05T08:11:58.253,8.0,"[gte:994.02, lte:2478.96]",1029.0,,["088.C-0218"],"["MENDIGUTIA, IGNACIO"]","ESO, PHASE3",XSHOOTER,HD-97048,,2014-05-17T00:00:00.000,POSITION J2000 167.011077 -77.65487,167.011077,-77.65487,ADP.2014-05-17T07:55:13.817,1,2012-12-30T16:54:59.840,454560,1347,,85.9,297.369581,-15.914327,,,,,,2,2011-12-05T08:13:38.103,55900.34280212,8.0,HD-97048_586417_2011-12-05T08:11:58.252_S5.0x11_NIR_NOD,ESO-VLT-U2,"ECHELLE,SLIT,NODDING",["586417"],IDP,XS_SFLX_586417_2011-12-05T08:11:58.252_S5.0x11_NIR_NOD.fits,,,true
http://archive.eso.org/datalink/links?ID=ivo://eso.org/ID?ADP.2014-05-17T07:55:13.683,,SPECTRUM,SPECTRUM (FLUX CALIBRATED),XSHOOTER,La Silla Paranal APEX,Non-solar,55900.34155269,2011-12-05T08:11:50.153,8.0,"[gte:298.92, lte:555.98]",1040.0,,["088.C-0218"],"["MENDIGUTIA, IGNACIO"]","ESO, PHASE3",XSHOOTER,HD-97048,,2014-05-17T00:00:00.000,POSITION J2000 167.011077 -77.65487,167.011077,-77.65487,ADP.2014-05-17T07:55:13.683,1,2012-12-30T16:54:47.400,454561,720,,315.5,297.36958,-15.914326,,,,,,2,2011-12-05T08:13:29.540,55900.34270301,8.0,HD-97048_586417_2011-12-05T08:11:50.153_S5.0x11_2x2_UVB_NOD,ESO-VLT-U2,"ECHELLE,SLIT,NODDING",["586417"],IDP,XS_SFLX_586417_2011-12-05T08:11:50.153_S5.0x11_2x2_UVB_NOD.fits,,,true
http://archive.eso.org/datalink/links?ID=ivo://eso.org/ID?ADP.2014-05-17T07:55:13.463,,SPECTRUM,SPECTRUM (FLUX CALIBRATED),XSHOOTER,La Silla Paranal APEX,Non-solar,55900.33854842,2011-12-05T08:07:30.583,8.0,"[gte:994.02, lte:2478.96]",5573.0,,["088.C-0218"],"["MENDIGUTIA, IGNACIO"]","ESO, PHASE3",XSHOOTER,HD-97048,,2014-05-17T00:00:00.000,POSITION J2000 167.011077 -77.65487,167.011077,-77.65487,ADP.2014-05-17T07:55:13.463,1,2012-12-30T16:53:43.340,454573,1347,,68.6,297.369581,-15.914327,,,,,,2,2011-12-05T08:10:20.873,55900.34051936,8.0,HD-97048_586417_2011-12-05T08:07:30.583_S0.9x11_NIR_NOD,ESO-VLT-U2,"ECHELLE,SLIT,NODDING",["586417"],IDP,XS_SFLX_586417_2011-12-05T08:07:30.583_S0.9x11_NIR_NOD.fits,,,true
http://archive.eso.org/datalink/links?ID=ivo://eso.org/ID?ADP.2014-05-17T07:55:13.470,,SPECTRUM,SPECTRUM (FLUX CALIBRATED),XSHOOTER,La Silla Paranal APEX,Non-solar,55900.33851403,2011-12-05T08:07:27.613,36.0,"[gte:533.66, lte:1020.0]",8935.0,,["088.C-0218"],"["MENDIGUTIA, IGNACIO"]","ESO, PHASE3",XSHOOTER,HD-97048,,2014-05-17T00:00:00.000,POSITION J2000 167.011077 -77.65487,167.011077,-77.65487,ADP.2014-05-17T07:55:13.470,1,2012-12-30T16:53:34.353,454565,1319,,255.4,297.369581,-15.914327,,,,,,2,2011-12-05T08:10:24.417,55900.34056036,36.0,HD-97048_586417_2011-12-05T08:07:27.612_S0.9x11_1x1_VIS_NOD,ESO-VLT-U2,"ECHELLE,SLIT,NODDING",["586417"],IDP,XS_SFLX_586417_2011-12-05T08:07:27.612_S0.9x11_1x1_VIS_NOD.fits,,,true
http://archive.eso.org/datalink/links?ID=ivo://eso.org/ID?ADP.2014-05-17T07:55:13.743,,SPECTRUM,SPECTRUM (FLUX CALIBRATED),XSHOOTER,La Silla Paranal APEX,Non-solar,55900.33845418,2011-12-05T08:07:22.443,20.0,"[gte:298.92, lte:555.98]",3251.0,,["088.C-0218"],"["MENDIGUTIA, IGNACIO"]","ESO, PHASE3",XSHOOTER,HD-97048,,2014-05-17T00:00:00.000,POSITION J2000 167.011077 -77.65487,167.011077,-77.65487,ADP.2014-05-17T07:55:13.743,1,2012-12-30T16:53:27.270,454566,720,,229.5,297.36958,-15.914326,,,,,,2,2011-12-05T08:10:15.217,55900.34045387,20.0,HD-97048_586417_2011-12-05T08:07:22.442_S1.6x11_1x1_UVB_NOD,ESO-VLT-U2,"ECHELLE,SLIT,NODDING",["586417"],IDP,XS_SFLX_586417_2011-12-05T08:07:22.442_S1.6x11_1x1_UVB_NOD.fits,,,true
http://archive.eso.org/datalink/links?ID=ivo://eso.org/ID?ADP.2014-05-13T15:50:24.327,,SPECTRUM,SPECTRUM (FLUX CALIBRATED),XSHOOTER,La Silla Paranal APEX,Non-solar,55200.34482098,2010-01-04T08:16:32.533,1.0,"[gte:994.02, lte:2478.96]",11424.0,,["084.C-0952"],"["OUDMAIJER, R.D."]","ESO, PHASE3",XSHOOTER,HD-97048,,2014-05-13T00:00:00.000,POSITION J2000 167.011532 -77.65498,167.011532,-77.65498,ADP.2014-05-13T15:50:24.327,1,2011-04-09T13:13:56.160,436058,1350,,27.0,297.369719,-15.914388,,,,,,2,2010-01-04T08:16:33.533,55200.34483255,1.0,HD-97048_387958_2010-01-04T08:16:32.533_S0.4x11_NIR_STA,ESO-VLT-U2,"ECHELLE,SLIT,STARE",["387958"],IDP,XS_SFLX_387958_2010-01-04T08:16:32.533_S0.4x11_NIR_STA.fits,,,true
http://archive.eso.org/datalink/links?ID=ivo://eso.org/ID?ADP.2014-05-13T15:50:25.400,,SPECTRUM,SPECTRUM (FLUX CALIBRATED),XSHOOTER,La Silla Paranal APEX,Non-solar,55200.34478039,2010-01-04T08:16:29.027,1.0,"[gte:533.66, lte:1020.0]",18340.0,,["084.C-0952"],"["OUDMAIJER, R.D."]","ESO, PHASE3",XSHOOTER,HD-97048,,2014-05-13T00:00:00.000,POSITION J2000 167.011532 -77.65498,167.011532,-77.65498,ADP.2014-05-13T15:50:25.400,1,2011-04-09T13:13:56.133,436049,1321,,28.5,297.369719,-15.914388,,,,,,2,2010-01-04T08:16:30.027,55200.34479196,1.0,HD-97048_387958_2010-01-04T08:16:29.026_S0.4x11_1x1_VIS_STA,ESO-VLT-U2,"ECHELLE,SLIT,STARE",["387958"],IDP,XS_SFLX_387958_2010-01-04T08:16:29.026_S0.4x11_1x1_VIS_STA.fits,,,true
http://archive.eso.org/datalink/links?ID=ivo://eso.org/ID?ADP.2014-05-13T15:50:24.873,,SPECTRUM,SPECTRUM (FLUX CALIBRATED),XSHOOTER,La Silla Paranal APEX,Non-solar,55200.34471926,2010-01-04T08:16:23.743,1.0,"[gte:298.92, lte:555.98]",9861.0,,["084.C-0952"],"["OUDMAIJER, R.D."]","ESO, PHASE3",XSHOOTER,HD-97048,,2014-05-13T00:00:00.000,POSITION J2000 167.011532 -77.65498,167.011532,-77.65498,ADP.2014-05-13T15:50:24.873,1,2011-04-09T13:13:56.100,436066,722,,24.1,297.369719,-15.914388,,,,,,2,2010-01-04T08:16:24.743,55200.34473083,1.0,HD-97048_387958_2010-01-04T08:16:23.744_S0.5x11_1x1_UVB_STA,ESO-VLT-U2,"ECHELLE,SLIT,STARE",["387958"],IDP,XS_SFLX_387958_2010-01-04T08:16:23.744_S0.5x11_1x1_UVB_STA.fits,,,true
http://archive.eso.org/datalink/links?ID=ivo://eso.org/ID?ADP.2014-05-17T08:55:42.380,,SPECTRUM,SPECTRUM (FLUX CALIBRATED),XSHOOTER,La Silla Paranal APEX,Non-solar,55980.10046048,2012-02-23T02:24:39.787,8.0,"[gte:994.02, lte:2478.96]",1029.0,,["088.C-0218"],"["MENDIGUTIA, IGNACIO"]","ESO, PHASE3",XSHOOTER,HD-97048,,2014-05-17T00:00:00.000,POSITION J2000 167.010092 -77.65479,167.010092,-77.65479,ADP.2014-05-17T08:55:42.380,1,2013-06-01T06:53:41.157,455409,1347,,70.2,297.369347,-15.914338,,,,,,2,2012-02-23T02:26:04.310,55980.10143879,8.0,HD-97048_586533_2012-02-23T02:24:39.785_S5.0x11_NIR_NOD,ESO-VLT-U2,"ECHELLE,SLIT,NODDING",["586533"],IDP,XS_SFLX_586533_2012-02-23T02:24:39.785_S5.0x11_NIR_NOD.fits,,,true
http://archive.eso.org/datalink/links?ID=ivo://eso.org/ID?ADP.2014-05-17T08:55:41.913,,SPECTRUM,SPECTRUM (FLUX CALIBRATED),XSHOOTER,La Silla Paranal APEX,Non-solar,55980.1004209,2012-02-23T02:24:36.367,12.0,"[gte:533.66, lte:1020.0]",1512.0,,["088.C-0218"],"["MENDIGUTIA, IGNACIO"]","ESO, PHASE3",XSHOOTER,HD-97048,,2014-05-17T00:00:00.000,POSITION J2000 167.010092 -77.65479,167.010092,-77.65479,ADP.2014-05-17T08:55:41.913,1,2013-06-01T07:07:50.733,455406,1319,,377.1,297.369347,-15.914338,,,,,,2,2012-02-23T02:26:02.123,55980.10141345,12.0,HD-97048_586533_2012-02-23T02:24:36.366_S5.0x11_2x2_VIS_NOD,ESO-VLT-U2,"ECHELLE,SLIT,NODDING",["586533"],IDP,XS_SFLX_586533_2012-02-23T02:24:36.366_S5.0x11_2x2_VIS_NOD.fits,,,true
http://archive.eso.org/datalink/links?ID=ivo://eso.org/ID?ADP.2014-05-17T08:55:42.367,,SPECTRUM,SPECTRUM (FLUX CALIBRATED),XSHOOTER,La Silla Paranal APEX,Non-solar,55980.10036082,2012-02-23T02:24:31.177,8.0,"[gte:298.92, lte:555.98]",1040.0,,["088.C-0218"],"["MENDIGUTIA, IGNACIO"]","ESO, PHASE3",XSHOOTER,HD-97048,,2014-05-17T00:00:00.000,POSITION J2000 167.010092 -77.65479,167.010092,-77.65479,ADP.2014-05-17T08:55:42.367,1,2013-06-01T08:20:48.200,455397,722,,306.0,297.369346,-15.914338,,,,,,2,2012-02-23T02:25:55.953,55980.10134203,8.0,HD-97048_586533_2012-02-23T02:24:31.175_S5.0x11_2x2_UVB_NOD,ESO-VLT-U2,"ECHELLE,SLIT,NODDING",["586533"],IDP,XS_SFLX_586533_2012-02-23T02:24:31.175_S5.0x11_2x2_UVB_NOD.fits,,,true
http://archive.eso.org/datalink/links?ID=ivo://eso.org/ID?ADP.2014-05-17T08:55:42.227,,SPECTRUM,SPECTRUM (FLUX CALIBRATED),XSHOOTER,La Silla Paranal APEX,Non-solar,55980.0973078,2012-02-23T02:20:07.393,8.0,"[gte:994.02, lte:2478.96]",5573.0,,["088.C-0218"],"["MENDIGUTIA, IGNACIO"]","ESO, PHASE3",XSHOOTER,HD-97048,,2014-05-17T00:00:00.000,POSITION J2000 167.010092 -77.65479,167.010092,-77.65479,ADP.2014-05-17T08:55:42.227,1,2013-06-01T08:27:34.613,455393,1347,,59.6,297.369347,-15.914338,,,,,,2,2012-02-23T02:22:56.967,55980.09927045,8.0,HD-97048_586533_2012-02-23T02:20:07.394_S0.9x11_NIR_NOD,ESO-VLT-U2,"ECHELLE,SLIT,NODDING",["586533"],IDP,XS_SFLX_586533_2012-02-23T02:20:07.394_S0.9x11_NIR_NOD.fits,,,true
http://archive.eso.org/datalink/links?ID=ivo://eso.org/ID?ADP.2014-05-17T08:55:42.680,,SPECTRUM,SPECTRUM (FLUX CALIBRATED),XSHOOTER,La Silla Paranal APEX,Non-solar,55980.09727051,2012-02-23T02:20:04.173,36.0,"[gte:533.66, lte:1020.0]",8935.0,,["088.C-0218"],"["MENDIGUTIA, IGNACIO"]","ESO, PHASE3",XSHOOTER,HD-97048,,2014-05-17T00:00:00.000,POSITION J2000 167.010092 -77.65479,167.010092,-77.65479,ADP.2014-05-17T08:55:42.680,1,2013-06-01T09:12:39.077,455398,1319,,267.2,297.369347,-15.914338,,,,,,2,2012-02-23T02:23:01.237,55980.09931987,36.0,HD-97048_586533_2012-02-23T02:20:04.173_S0.9x11_1x1_VIS_NOD,ESO-VLT-U2,"ECHELLE,SLIT,NODDING",["586533"],IDP,XS_SFLX_586533_2012-02-23T02:20:04.173_S0.9x11_1x1_VIS_NOD.fits,,,true
http://archive.eso.org/datalink/links?ID=ivo://eso.org/ID?ADP.2014-05-17T08:55:41.967,,SPECTRUM,SPECTRUM (FLUX CALIBRATED),XSHOOTER,La Silla Paranal APEX,Non-solar,55980.09721021,2012-02-23T02:19:58.963,20.0,"[gte:298.92, lte:555.98]",3251.0,,["088.C-0218"],"["MENDIGUTIA, IGNACIO"]","ESO, PHASE3",XSHOOTER,HD-97048,,2014-05-17T00:00:00.000,POSITION J2000 167.010092 -77.65479,167.010092,-77.65479,ADP.2014-05-17T08:55:41.967,1,2013-06-01T08:46:28.697,455402,722,,229.7,297.369346,-15.914338,,,,,,2,2012-02-23T02:22:52.047,55980.0992135,20.0,HD-97048_586533_2012-02-23T02:19:58.962_S1.6x11_1x1_UVB_NOD,ESO-VLT-U2,"ECHELLE,SLIT,NODDING",["586533"],IDP,XS_SFLX_586533_2012-02-23T02:19:58.962_S1.6x11_1x1_UVB_NOD.fits,,,true
http://archive.eso.org/datalink/links?ID=ivo://eso.org/ID?ADP.2014-05-15T09:01:30.947,,SPECTRUM,SPECTRUM (FLUX CALIBRATED),XSHOOTER,La Silla Paranal APEX,Non-solar,55232.31166548,2010-02-05T07:28:47.897,1.0,"[gte:994.02, lte:2478.96]",11424.0,,["084.C-0952"],"["OUDMAIJER, R.D."]","ESO, PHASE3",XSHOOTER,HD-97048,,2014-05-15T00:00:00.000,POSITION J2000 167.012399 -77.65512,167.012399,-77.65512,ADP.2014-05-15T09:01:30.947,1,2011-04-09T13:13:57.013,437041,1350,,17.1,297.369954,-15.914441,,,,,,2,2010-02-05T07:28:48.897,55232.31167705,1.0,HD-97048_387958_2010-02-05T07:28:47.897_S0.4x11_NIR_STA,ESO-VLT-U2,"ECHELLE,SLIT,STARE",["387958"],IDP,XS_SFLX_387958_2010-02-05T07:28:47.897_S0.4x11_NIR_STA.fits,,,true
http://archive.eso.org/datalink/links?ID=ivo://eso.org/ID?ADP.2014-05-15T09:01:30.430,,SPECTRUM,SPECTRUM (FLUX CALIBRATED),XSHOOTER,La Silla Paranal APEX,Non-solar,55232.31162634,2010-02-05T07:28:44.517,1.0,"[gte:533.66, lte:1020.0]",18340.0,,["084.C-0952"],"["OUDMAIJER, R.D."]","ESO, PHASE3",XSHOOTER,HD-97048,,2014-05-15T00:00:00.000,POSITION J2000 167.012399 -77.65512,167.012399,-77.65512,ADP.2014-05-15T09:01:30.430,1,2011-04-09T13:13:56.973,437060,1321,,30.9,297.369954,-15.914441,,,,,,2,2010-02-05T07:28:45.517,55232.31163791,1.0,HD-97048_387958_2010-02-05T07:28:44.516_S0.4x11_1x1_VIS_STA,ESO-VLT-U2,"ECHELLE,SLIT,STARE",["387958"],IDP,XS_SFLX_387958_2010-02-05T07:28:44.516_S0.4x11_1x1_VIS_STA.fits,,,true
http://archive.eso.org/datalink/links?ID=ivo://eso.org/ID?ADP.2014-05-15T09:01:31.467,,SPECTRUM,SPECTRUM (FLUX CALIBRATED),XSHOOTER,La Silla Paranal APEX,Non-solar,55232.31156429,2010-02-05T07:28:39.157,1.0,"[gte:298.92, lte:555.98]",9861.0,,["084.C-0952"],"["OUDMAIJER, R.D."]","ESO, PHASE3",XSHOOTER,HD-97048,,2014-05-15T00:00:00.000,POSITION J2000 167.012399 -77.65512,167.012399,-77.65512,ADP.2014-05-15T09:01:31.467,1,2011-04-09T13:13:56.947,437043,722,,25.7,297.369954,-15.914441,,,,,,2,2010-02-05T07:28:40.157,55232.31157586,1.0,HD-97048_387958_2010-02-05T07:28:39.155_S0.5x11_1x1_UVB_STA,ESO-VLT-U2,"ECHELLE,SLIT,STARE",["387958"],IDP,XS_SFLX_387958_2010-02-05T07:28:39.155_S0.5x11_1x1_UVB_STA.fits,,,true
http://archive.eso.org/datalink/links?ID=ivo://eso.org/ID?ADP.2017-06-02T21:53:10.025,,SPECTRUM,SPECTRUM (FLUX CALIBRATED),XSHOOTER,La Silla Paranal APEX,Non-solar,55215.27502127,2010-01-19T06:36:01.837,30.0,"[gte:994.02, lte:2478.96]",3416.0,,["084.C-1095"],"["HERCZEG, GREGORY"]","ESO, PHASE3",XSHOOTER,ESO-Ha-562,,2017-06-02T22:02:30.000,POSITION J2000 167.010659 -77.64546,167.010659,-77.64546,ADP.2017-06-02T21:53:10.025,1,2011-01-19T06:36:01.837,5854452,1362,,85.1,297.365547,-15.905752,,,,,,2,2010-01-19T06:36:31.837,55215.27536849,30.0,ESO-Ha-562_200198343_2010-01-19T06:36:01.838_S1.5x11_NIR_STA,ESO-VLT-U2,"ECHELLE,SLIT,STARE",["200198343"],IDP,XS_SFLX_200198343_2010-01-19T06:36:01.838_S1.5x11_NIR_STA.fits,,,true
http://archive.eso.org/datalink/links?ID=ivo://eso.org/ID?ADP.2017-06-02T21:53:10.495,,SPECTRUM,SPECTRUM (FLUX CALIBRATED),XSHOOTER,La Silla Paranal APEX,Non-solar,55215.27498178,2010-01-19T06:35:58.427,30.0,"[gte:533.66, lte:1020.0]",1512.0,,["084.C-1095"],"["HERCZEG, GREGORY"]","ESO, PHASE3",XSHOOTER,ESO-Ha-562,,2017-06-02T22:02:30.000,POSITION J2000 167.010659 -77.64546,167.010659,-77.64546,ADP.2017-06-02T21:53:10.495,1,2011-01-19T06:35:58.427,5854560,1330,,11.5,297.365548,-15.905753,,,,,,2,2010-01-19T06:36:28.427,55215.275329,30.0,ESO-Ha-562_200198343_2010-01-19T06:35:58.426_S5.0x11_1x2_VIS_STA,ESO-VLT-U2,"ECHELLE,SLIT,STARE",["200198343"],IDP,XS_SFLX_200198343_2010-01-19T06:35:58.426_S5.0x11_1x2_VIS_STA.fits,,,true
http://archive.eso.org/datalink/links?ID=ivo://eso.org/ID?ADP.2017-06-02T21:53:10.199,,SPECTRUM,SPECTRUM (FLUX CALIBRATED),XSHOOTER,La Silla Paranal APEX,Non-solar,55215.27492183,2010-01-19T06:35:53.247,30.0,"[gte:298.92, lte:555.98]",1040.0,,["084.C-1095"],"["HERCZEG, GREGORY"]","ESO, PHASE3",XSHOOTER,ESO-Ha-562,,2017-06-02T22:02:30.000,POSITION J2000 167.010659 -77.64546,167.010659,-77.64546,ADP.2017-06-02T21:53:10.199,1,2011-01-19T06:35:53.247,5854492,734,,0.6,297.365547,-15.905752,,,,,,2,2010-01-19T06:36:23.247,55215.27526905,30.0,ESO-Ha-562_200198343_2010-01-19T06:35:53.246_S5.0x11_1x2_UVB_STA,ESO-VLT-U2,"ECHELLE,SLIT,STARE",["200198343"],IDP,XS_SFLX_200198343_2010-01-19T06:35:53.246_S5.0x11_1x2_UVB_STA.fits,,,true
http://archive.eso.org/datalink/links?ID=ivo://eso.org/ID?ADP.2017-06-02T21:53:10.233,,SPECTRUM,SPECTRUM (FLUX CALIBRATED),XSHOOTER,La Silla Paranal APEX,Non-solar,55215.27603301,2010-01-19T06:37:29.253,720.0,"[gte:994.02, lte:2478.96]",11424.0,,["084.C-1095"],"["HERCZEG, GREGORY"]","ESO, PHASE3",XSHOOTER,ESO-Ha-562,,2017-06-02T22:02:30.000,POSITION J2000 167.009174 -77.64485,167.009174,-77.64485,ADP.2017-06-02T21:53:10.233,1,2011-01-19T06:44:46.207,5854500,1356,,199.9,297.364989,-15.905323,,,,,,2,2010-01-19T06:50:46.207,55215.28525702,720.0,ESO-Ha-562_200198343_2010-01-19T06:37:29.252_S0.4x11_NIR_NOD,ESO-VLT-U2,"ECHELLE,SLIT,NODDING",["200198343"],IDP,XS_SFLX_200198343_2010-01-19T06:37:29.252_S0.4x11_NIR_NOD.fits,,,true
http://archive.eso.org/datalink/links?ID=ivo://eso.org/ID?ADP.2017-06-02T21:53:10.185,,SPECTRUM,SPECTRUM (FLUX CALIBRATED),XSHOOTER,La Silla Paranal APEX,Non-solar,55215.27599889,2010-01-19T06:37:26.303,690.0,"[gte:533.66, lte:1020.0]",18340.0,,["084.C-1095"],"["HERCZEG, GREGORY"]","ESO, PHASE3",XSHOOTER,ESO-Ha-562,,2017-06-02T22:02:30.000,POSITION J2000 167.009174 -77.64485,167.009174,-77.64485,ADP.2017-06-02T21:53:10.185,1,2011-01-19T06:44:43.463,5854489,1324,,16.4,297.364989,-15.905322,,,,,,2,2010-01-19T06:50:28.463,55215.28505164,690.0,ESO-Ha-562_200198343_2010-01-19T06:37:26.304_S0.4x11_1x1_VIS_NOD,ESO-VLT-U2,"ECHELLE,SLIT,NODDING",["200198343"],IDP,XS_SFLX_200198343_2010-01-19T06:37:26.304_S0.4x11_1x1_VIS_NOD.fits,,,true
http://archive.eso.org/datalink/links?ID=ivo://eso.org/ID?ADP.2017-06-02T21:53:10.104,,SPECTRUM,SPECTRUM (FLUX CALIBRATED),XSHOOTER,La Silla Paranal APEX,Non-solar,55215.2759387,2010-01-19T06:37:21.103,720.0,"[gte:298.92, lte:555.98]",5453.0,,["084.C-1095"],"["HERCZEG, GREGORY"]","ESO, PHASE3",XSHOOTER,ESO-Ha-562,,2017-06-02T22:02:30.000,POSITION J2000 167.009174 -77.64485,167.009174,-77.64485,ADP.2017-06-02T21:53:10.104,1,2011-01-19T06:44:38.263,5854470,728,,4.5,297.364989,-15.905322,,,,,,2,2010-01-19T06:50:38.263,55215.28516506,720.0,ESO-Ha-562_200198343_2010-01-19T06:37:21.104_S1.0x11_1x2_UVB_NOD,ESO-VLT-U2,"ECHELLE,SLIT,NODDING",["200198343"],IDP,XS_SFLX_200198343_2010-01-19T06:37:21.104_S1.0x11_1x2_UVB_NOD.fits,,,true
http://archive.eso.org/datalink/links?ID=ivo://eso.org/ID?ADP.2017-06-02T21:53:10.229,,SPECTRUM,SPECTRUM (FLUX CALIBRATED),XSHOOTER,La Silla Paranal APEX,Non-solar,55215.26711514,2010-01-19T06:24:38.747,10.0,"[gte:994.02, lte:2478.96]",3416.0,,["084.C-1095"],"["HERCZEG, GREGORY"]","ESO, PHASE3",XSHOOTER,Sz-22,,2017-06-02T22:02:30.000,POSITION J2000 166.989765 -77.64603,166.989765,-77.64603,ADP.2017-06-02T21:53:10.229,1,2011-01-19T06:24:38.747,5854499,1362,,84.4,297.361533,-15.908078,,,,,,2,2010-01-19T06:24:48.747,55215.26723088,10.0,Sz-22_200198342_2010-01-19T06:24:38.748_S1.5x11_NIR_STA,ESO-VLT-U2,"ECHELLE,SLIT,STARE",["200198342"],IDP,XS_SFLX_200198342_2010-01-19T06:24:38.748_S1.5x11_NIR_STA.fits,,,true
http://archive.eso.org/datalink/links?ID=ivo://eso.org/ID?ADP.2017-06-02T21:53:09.862,,SPECTRUM,SPECTRUM (FLUX CALIBRATED),XSHOOTER,La Silla Paranal APEX,Non-solar,55215.26707901,2010-01-19T06:24:35.627,10.0,"[gte:533.66, lte:1020.0]",1512.0,,["084.C-1095"],"["HERCZEG, GREGORY"]","ESO, PHASE3",XSHOOTER,Sz-22,,2017-06-02T22:02:30.000,POSITION J2000 166.989765 -77.64603,166.989765,-77.64603,ADP.2017-06-02T21:53:09.862,1,2011-01-19T06:24:35.627,5854414,1330,,16.1,297.361534,-15.908079,,,,,,2,2010-01-19T06:24:45.627,55215.26719475,10.0,Sz-22_200198342_2010-01-19T06:24:35.626_S5.0x11_1x2_VIS_STA,ESO-VLT-U2,"ECHELLE,SLIT,STARE",["200198342"],IDP,XS_SFLX_200198342_2010-01-19T06:24:35.626_S5.0x11_1x2_VIS_STA.fits,,,true
http://archive.eso.org/datalink/links?ID=ivo://eso.org/ID?ADP.2017-06-02T21:53:10.012,,SPECTRUM,SPECTRUM (FLUX CALIBRATED),XSHOOTER,La Silla Paranal APEX,Non-solar,55215.26701894,2010-01-19T06:24:30.437,10.0,"[gte:298.92, lte:555.98]",1040.0,,["084.C-1095"],"["HERCZEG, GREGORY"]","ESO, PHASE3",XSHOOTER,Sz-22,,2017-06-02T22:02:30.000,POSITION J2000 166.989765 -77.64603,166.989765,-77.64603,ADP.2017-06-02T21:53:10.012,1,2011-01-19T06:24:30.437,5854449,734,,1.9,297.361533,-15.908078,,,,,,2,2010-01-19T06:24:40.437,55215.26713468,10.0,Sz-22_200198342_2010-01-19T06:24:30.436_S5.0x11_1x2_UVB_STA,ESO-VLT-U2,"ECHELLE,SLIT,STARE",["200198342"],IDP,XS_SFLX_200198342_2010-01-19T06:24:30.436_S5.0x11_1x2_UVB_STA.fits,,,true
http://archive.eso.org/datalink/links?ID=ivo://eso.org/ID?ADP.2017-06-02T21:53:09.811,,SPECTRUM,SPECTRUM (FLUX CALIBRATED),XSHOOTER,La Silla Paranal APEX,Non-solar,55215.26792712,2010-01-19T06:25:48.903,420.0,"[gte:994.02, lte:2478.96]",11424.0,,["084.C-1095"],"["HERCZEG, GREGORY"]","ESO, PHASE3",XSHOOTER,Sz-22,,2017-06-02T22:02:30.000,POSITION J2000 166.988281 -77.64541,166.988281,-77.64541,ADP.2017-06-02T21:53:09.811,1,2011-01-19T06:29:53.450,5854402,1356,,118.4,297.360972,-15.90764,,,,,,2,2010-01-19T06:33:23.450,55215.27318809,420.0,Sz-22_200198342_2010-01-19T06:25:48.903_S0.4x11_NIR_NOD,ESO-VLT-U2,"ECHELLE,SLIT,NODDING",["200198342"],IDP,XS_SFLX_200198342_2010-01-19T06:25:48.903_S0.4x11_NIR_NOD.fits,,,true
http://archive.eso.org/datalink/links?ID=ivo://eso.org/ID?ADP.2017-06-02T21:53:10.379,,SPECTRUM,SPECTRUM (FLUX CALIBRATED),XSHOOTER,La Silla Paranal APEX,Non-solar,55215.26788927,2010-01-19T06:25:45.633,420.0,"[gte:533.66, lte:1020.0]",18340.0,,["084.C-1095"],"["HERCZEG, GREGORY"]","ESO, PHASE3",XSHOOTER,Sz-22,,2017-06-02T22:02:30.000,POSITION J2000 166.988281 -77.64541,166.988281,-77.64541,ADP.2017-06-02T21:53:10.379,1,2011-01-19T06:29:50.423,5854533,1324,,54.9,297.360971,-15.907639,,,,,,2,2010-01-19T06:33:20.423,55215.27315305,420.0,Sz-22_200198342_2010-01-19T06:25:45.633_S0.4x11_1x2_VIS_NOD,ESO-VLT-U2,"ECHELLE,SLIT,NODDING",["200198342"],IDP,XS_SFLX_200198342_2010-01-19T06:25:45.633_S0.4x11_1x2_VIS_NOD.fits,,,truehttp://archive.eso.org/datalink/links?ID=ivo://eso.org/ID?ADP.2014-05-15T14:48:24.137,,SPECTRUM,SPECTRUM (FLUX CALIBRATED),XSHOOTER,La Silla Paranal APEX,Non-solar,55285.14452659,2010-03-30T03:28:07.097,120.0,"[gte:994.02, lte:2478.96]",11424.0,,["084.C-0952"],"["OUDMAIJER, R.D."]","ESO, PHASE3",XSHOOTER,HD-98922,,2014-05-15T00:00:00.000,POSITION J2000 170.631337 -53.36918,170.631337,-53.36918,ADP.2014-05-15T14:48:24.137,1,2011-04-09T13:13:55.483,438154,1347,,187.0,289.781169,7.217005,,,,,,2,2010-03-30T03:36:57.370,55285.150664,120.0,HD-98922_387956_2010-03-30T03:28:07.097_S0.4x11_NIR_NOD,ESO-VLT-U2,"ECHELLE,SLIT,NODDING",["387956"],IDP,XS_SFLX_387956_2010-03-30T03:28:07.097_S0.4x11_NIR_NOD.fits,,,true
http://archive.eso.org/datalink/links?ID=ivo://eso.org/ID?ADP.2014-05-15T14:48:24.417,,SPECTRUM,SPECTRUM (FLUX CALIBRATED),XSHOOTER,La Silla Paranal APEX,Non-solar,55285.14449345,2010-03-30T03:28:04.233,36.0,"[gte:533.66, lte:1020.0]",18340.0,,["084.C-0952"],"["OUDMAIJER, R.D."]","ESO, PHASE3",XSHOOTER,HD-98922,,2014-05-15T00:00:00.000,POSITION J2000 170.631337 -53.36918,170.631337,-53.36918,ADP.2014-05-15T14:48:24.417,1,2011-04-09T13:13:55.560,438157,1321,,252.1,289.781168,7.217005,,,,,,2,2010-03-30T03:37:43.663,55285.15119981,36.0,HD-98922_387956_2010-03-30T03:28:04.234_S0.4x11_1x1_VIS_NOD,ESO-VLT-U2,"ECHELLE,SLIT,NODDING",["387956"],IDP,XS_SFLX_387956_2010-03-30T03:28:04.234_S0.4x11_1x1_VIS_NOD.fits,,,true
http://archive.eso.org/datalink/links?ID=ivo://eso.org/ID?ADP.2014-05-15T14:48:23.997,,SPECTRUM,SPECTRUM (FLUX CALIBRATED),XSHOOTER,La Silla Paranal APEX,Non-solar,55285.14443303,2010-03-30T03:27:59.013,36.0,"[gte:298.92, lte:555.98]",9861.0,,["084.C-0952"],"["OUDMAIJER, R.D."]","ESO, PHASE3",XSHOOTER,HD-98922,,2014-05-15T00:00:00.000,POSITION J2000 170.631337 -53.36918,170.631337,-53.36918,ADP.2014-05-15T14:48:23.997,1,2011-04-09T13:13:55.537,438160,725,,337.4,289.781168,7.217005,,,,,,2,2010-03-30T03:37:02.240,55285.15072038,36.0,HD-98922_387956_2010-03-30T03:27:59.014_S0.5x11_1x1_UVB_NOD,ESO-VLT-U2,"ECHELLE,SLIT,NODDING",["387956"],IDP,XS_SFLX_387956_2010-03-30T03:27:59.014_S0.5x11_1x1_UVB_NOD.fits,,,true
http://archive.eso.org/datalink/links?ID=ivo://eso.org/ID?ADP.2014-05-23T08:11:36.320,,SPECTRUM,SPECTRUM (FLUX CALIBRATED),XSHOOTER,La Silla Paranal APEX,Non-solar,56666.34571391,2014-01-09T08:17:49.683,120.0,"[gte:994.02, lte:2478.96]",11424.0,,["092.C-0126"],"["SCHOELLER, MARKUS"]","ESO, PHASE3",XSHOOTER,HD98922,,2014-05-23T00:00:00.000,POSITION J2000 170.631193 -53.3693,170.631193,-53.3693,ADP.2014-05-23T08:11:36.320,1,2015-01-09T12:20:51.283,469246,1350,,393.7,289.781129,7.216863,,,,,,2,2014-01-09T08:22:26.790,56666.34892117,120.0,HD98922_984404_2014-01-09T08:17:49.682_S0.4x11_NIR_NOD,ESO-VLT-U3,"ECHELLE,SLIT,NODDING",["984404"],IDP,XS_SFLX_984404_2014-01-09T08:17:49.682_S0.4x11_NIR_NOD.fits,,,true
http://archive.eso.org/datalink/links?ID=ivo://eso.org/ID?ADP.2014-05-23T08:11:36.447,,SPECTRUM,SPECTRUM (FLUX CALIBRATED),XSHOOTER,La Silla Paranal APEX,Non-solar,56666.34567999,2014-01-09T08:17:46.750,120.0,"[gte:533.66, lte:1020.0]",18340.0,,["092.C-0126"],"["SCHOELLER, MARKUS"]","ESO, PHASE3",XSHOOTER,HD98922,,2014-05-23T00:00:00.000,POSITION J2000 170.631193 -53.3693,170.631193,-53.3693,ADP.2014-05-23T08:11:36.447,1,2015-01-09T12:20:51.283,469243,1321,,569.7,289.781128,7.216863,,,,,,2,2014-01-09T08:22:57.863,56666.34928083,120.0,HD98922_984404_2014-01-09T08:17:46.751_S0.4x11_1x1_VIS_NOD,ESO-VLT-U3,"ECHELLE,SLIT,NODDING",["984404"],IDP,XS_SFLX_984404_2014-01-09T08:17:46.751_S0.4x11_1x1_VIS_NOD.fits,,,true
http://archive.eso.org/datalink/links?ID=ivo://eso.org/ID?ADP.2014-05-23T08:11:36.307,,SPECTRUM,SPECTRUM (FLUX CALIBRATED),XSHOOTER,La Silla Paranal APEX,Non-solar,56666.3456198,2014-01-09T08:17:41.550,120.0,"[gte:298.92, lte:555.98]",9861.0,,["092.C-0126"],"["SCHOELLER, MARKUS"]","ESO, PHASE3",XSHOOTER,HD98922,,2014-05-23T00:00:00.000,POSITION J2000 170.631193 -53.3693,170.631193,-53.3693,ADP.2014-05-23T08:11:36.307,1,2015-01-09T12:20:51.283,469247,725,,520.3,289.781128,7.216863,,,,,,2,2014-01-09T08:24:18.773,56666.35021727,120.0,HD98922_984404_2014-01-09T08:17:41.551_S0.5x11_1x1_UVB_NOD,ESO-VLT-U3,"ECHELLE,SLIT,NODDING",["984404"],IDP,XS_SFLX_984404_2014-01-09T08:17:41.551_S0.5x11_1x1_UVB_NOD.fits,,,true
http://archive.eso.org/datalink/links?ID=ivo://eso.org/ID?ADP.2014-05-17T23:45:03.707,,SPECTRUM,SPECTRUM (FLUX CALIBRATED),XSHOOTER,La Silla Paranal APEX,Non-solar,56651.35862526,2013-12-25T08:36:25.223,24.0,"[gte:994.02, lte:2478.96]",11424.0,,["092.C-0126"],"["SCHOELLER, MARKUS"]","ESO, PHASE3",XSHOOTER,HD98922,,2014-05-17T00:00:00.000,POSITION J2000 170.630894 -53.3695,170.630894,-53.3695,ADP.2014-05-17T23:45:03.707,1,2014-12-25T09:55:09.083,467810,1350,,179.4,289.781028,7.216614,,,,,,2,2013-12-25T08:39:28.673,56651.36074853,24.0,HD98922_984401_2013-12-25T08:36:25.222_S0.4x11_NIR_NOD,ESO-VLT-U3,"ECHELLE,SLIT,NODDING",["984401"],IDP,XS_SFLX_984401_2013-12-25T08:36:25.222_S0.4x11_NIR_NOD.fits,,,true
http://archive.eso.org/datalink/links?ID=ivo://eso.org/ID?ADP.2014-05-17T23:45:03.953,,SPECTRUM,SPECTRUM (FLUX CALIBRATED),XSHOOTER,La Silla Paranal APEX,Non-solar,56651.35858831,2013-12-25T08:36:22.030,40.0,"[gte:533.66, lte:1020.0]",18340.0,,["092.C-0126"],"["SCHOELLER, MARKUS"]","ESO, PHASE3",XSHOOTER,HD98922,,2014-05-17T00:00:00.000,POSITION J2000 170.630894 -53.3695,170.630894,-53.3695,ADP.2014-05-17T23:45:03.953,1,2014-12-25T10:01:48.487,467814,1321,,441.7,289.781027,7.216614,,,,,,2,2013-12-25T08:40:15.530,56651.36129085,40.0,HD98922_984401_2013-12-25T08:36:22.031_S0.4x11_1x1_VIS_NOD,ESO-VLT-U3,"ECHELLE,SLIT,NODDING",["984401"],IDP,XS_SFLX_984401_2013-12-25T08:36:22.031_S0.4x11_1x1_VIS_NOD.fits,,,true
http://archive.eso.org/datalink/links?ID=ivo://eso.org/ID?ADP.2014-05-17T23:45:03.327,,SPECTRUM,SPECTRUM (FLUX CALIBRATED),XSHOOTER,La Silla Paranal APEX,Non-solar,56651.35852824,2013-12-25T08:36:16.840,56.0,"[gte:298.92, lte:555.98]",9861.0,,["092.C-0126"],"["SCHOELLER, MARKUS"]","ESO, PHASE3",XSHOOTER,HD98922,,2014-05-17T00:00:00.000,POSITION J2000 170.630894 -53.3695,170.630894,-53.3695,ADP.2014-05-17T23:45:03.327,1,2014-12-25T10:01:48.487,467812,725,,466.4,289.781027,7.216614,,,,,,2,2013-12-25T08:41:29.777,56651.36215018,56.0,HD98922_984401_2013-12-25T08:36:16.840_S0.5x11_1x1_UVB_NOD,ESO-VLT-U3,"ECHELLE,SLIT,NODDING",["984401"],IDP,XS_SFLX_984401_2013-12-25T08:36:16.840_S0.5x11_1x1_UVB_NOD.fits,,,true
http://archive.eso.org/datalink/links?ID=ivo://eso.org/ID?ADP.2014-05-17T23:45:03.893,,SPECTRUM,SPECTRUM (FLUX CALIBRATED),XSHOOTER,La Silla Paranal APEX,Non-solar,56651.3537196,2013-12-25T08:29:21.373,60.0,"[gte:994.02, lte:2478.96]",11424.0,,["092.C-0126"],"["SCHOELLER, MARKUS"]","ESO, PHASE3",XSHOOTER,HD98922,,2014-05-17T00:00:00.000,POSITION J2000 170.630894 -53.3695,170.630894,-53.3695,ADP.2014-05-17T23:45:03.893,1,2014-12-25T09:46:39.757,467820,1350,,331.3,289.781028,7.216614,,,,,,2,2013-12-25T08:32:42.987,56651.35605309,60.0,HD98922_984401_2013-12-25T08:29:21.373_S0.4x11_NIR_NOD,ESO-VLT-U3,"ECHELLE,SLIT,NODDING",["984401"],IDP,XS_SFLX_984401_2013-12-25T08:29:21.373_S0.4x11_NIR_NOD.fits,,,true
http://archive.eso.org/datalink/links?ID=ivo://eso.org/ID?ADP.2014-05-17T23:45:03.753,,SPECTRUM,SPECTRUM (FLUX CALIBRATED),XSHOOTER,La Silla Paranal APEX,Non-solar,56651.35368153,2013-12-25T08:29:18.087,60.0,"[gte:533.66, lte:1020.0]",18340.0,,["092.C-0126"],"["SCHOELLER, MARKUS"]","ESO, PHASE3",XSHOOTER,HD98922,,2014-05-17T00:00:00.000,POSITION J2000 170.630894 -53.3695,170.630894,-53.3695,ADP.2014-05-17T23:45:03.753,1,2014-12-25T09:46:39.757,467828,1321,,541.3,289.781027,7.216614,,,,,,2,2013-12-25T08:33:16.733,56651.35644367,60.0,HD98922_984401_2013-12-25T08:29:18.085_S0.4x11_1x1_VIS_NOD,ESO-VLT-U3,"ECHELLE,SLIT,NODDING",["984401"],IDP,XS_SFLX_984401_2013-12-25T08:29:18.085_S0.4x11_1x1_VIS_NOD.fits,,,true
http://archive.eso.org/datalink/links?ID=ivo://eso.org/ID?ADP.2014-05-17T23:45:03.613,,SPECTRUM,SPECTRUM (FLUX CALIBRATED),XSHOOTER,La Silla Paranal APEX,Non-solar,56651.35362123,2013-12-25T08:29:12.873,56.0,"[gte:298.92, lte:555.98]",9861.0,,["092.C-0126"],"["SCHOELLER, MARKUS"]","ESO, PHASE3",XSHOOTER,HD98922,,2014-05-17T00:00:00.000,POSITION J2000 170.630894 -53.3695,170.630894,-53.3695,ADP.2014-05-17T23:45:03.613,1,2014-12-25T09:46:39.757,467827,725,,486.2,289.781027,7.216614,,,,,,2,2013-12-25T08:34:25.770,56651.35724271,56.0,HD98922_984401_2013-12-25T08:29:12.874_S0.5x11_1x1_UVB_NOD,ESO-VLT-U3,"ECHELLE,SLIT,NODDING",["984401"],IDP,XS_SFLX_984401_2013-12-25T08:29:12.874_S0.5x11_1x1_UVB_NOD.fits,,,true
http://archive.eso.org/datalink/links?ID=ivo://eso.org/ID?ADP.2014-05-23T11:53:58.707,,SPECTRUM,SPECTRUM (FLUX CALIBRATED),XSHOOTER,La Silla Paranal APEX,Non-solar,56677.26232143,2014-01-20T06:17:44.573,120.0,"[gte:994.02, lte:2478.96]",11424.0,,["092.C-0126"],"["SCHOELLER, MARKUS"]","ESO, PHASE3",XSHOOTER,HD98922,,2014-05-23T00:00:00.000,POSITION J2000 170.630917 -53.36961,170.630917,-53.36961,ADP.2014-05-23T11:53:58.707,1,2015-01-20T07:41:04.977,469354,1350,,547.8,289.781078,7.216516,,,,,,2,2014-01-20T06:21:56.907,56677.26524199,120.0,HD98922_984416_2014-01-20T06:17:44.572_S0.4x11_NIR_NOD,ESO-VLT-U3,"ECHELLE,SLIT,NODDING",["984416"],IDP,XS_SFLX_984416_2014-01-20T06:17:44.572_S0.4x11_NIR_NOD.fits,,,true
http://archive.eso.org/datalink/links?ID=ivo://eso.org/ID?ADP.2014-05-23T11:53:59.507,,SPECTRUM,SPECTRUM (FLUX CALIBRATED),XSHOOTER,La Silla Paranal APEX,Non-solar,56677.26228466,2014-01-20T06:17:41.397,120.0,"[gte:533.66, lte:1020.0]",18340.0,,["092.C-0126"],"["SCHOELLER, MARKUS"]","ESO, PHASE3",XSHOOTER,HD98922,,2014-05-23T00:00:00.000,POSITION J2000 170.630917 -53.36961,170.630917,-53.36961,ADP.2014-05-23T11:53:59.507,1,2015-01-20T07:41:04.977,469342,1321,,696.3,289.781078,7.216515,,,,,,2,2014-01-20T06:22:40.457,56677.26574604,120.0,HD98922_984416_2014-01-20T06:17:41.395_S0.4x11_1x1_VIS_NOD,ESO-VLT-U3,"ECHELLE,SLIT,NODDING",["984416"],IDP,XS_SFLX_984416_2014-01-20T06:17:41.395_S0.4x11_1x1_VIS_NOD.fits,,,true
http://archive.eso.org/datalink/links?ID=ivo://eso.org/ID?ADP.2014-05-23T11:53:59.293,,SPECTRUM,SPECTRUM (FLUX CALIBRATED),XSHOOTER,La Silla Paranal APEX,Non-solar,56677.26222447,2014-01-20T06:17:36.197,120.0,"[gte:298.92, lte:555.98]",9861.0,,["092.C-0126"],"["SCHOELLER, MARKUS"]","ESO, PHASE3",XSHOOTER,HD98922,,2014-05-23T00:00:00.000,POSITION J2000 170.630917 -53.36961,170.630917,-53.36961,ADP.2014-05-23T11:53:59.293,1,2015-01-20T07:41:04.977,469341,725,,686.7,289.781078,7.216515,,,,,,2,2014-01-20T06:23:30.423,56677.26632434,120.0,HD98922_984416_2014-01-20T06:17:36.195_S0.5x11_1x1_UVB_NOD,ESO-VLT-U3,"ECHELLE,SLIT,NODDING",["984416"],IDP,XS_SFLX_984416_2014-01-20T06:17:36.195_S0.5x11_1x1_UVB_NOD.fits,,,true
http://archive.eso.org/datalink/links?ID=ivo://eso.org/ID?ADP.2014-05-23T08:26:54.080,,SPECTRUM,SPECTRUM (FLUX CALIBRATED),XSHOOTER,La Silla Paranal APEX,Non-solar,56675.25452635,2014-01-18T06:06:31.077,120.0,"[gte:994.02, lte:2478.96]",11424.0,,["092.C-0126"],"["SCHOELLER, MARKUS"]","ESO, PHASE3",XSHOOTER,HD98922,,2014-05-23T00:00:00.000,POSITION J2000 170.630734 -53.36967,170.630734,-53.36967,ADP.2014-05-23T08:26:54.080,1,2015-01-18T07:25:40.780,469293,1350,,485.0,289.780995,7.216422,,,,,,2,2014-01-18T06:10:43.413,56675.25744691,120.0,HD98922_984410_2014-01-18T06:06:31.077_S0.4x11_NIR_NOD,ESO-VLT-U3,"ECHELLE,SLIT,NODDING",["984410"],IDP,XS_SFLX_984410_2014-01-18T06:06:31.077_S0.4x11_NIR_NOD.fits,,,true
http://archive.eso.org/datalink/links?ID=ivo://eso.org/ID?ADP.2014-05-23T08:26:54.107,,SPECTRUM,SPECTRUM (FLUX CALIBRATED),XSHOOTER,La Silla Paranal APEX,Non-solar,56675.25448805,2014-01-18T06:06:27.767,120.0,"[gte:533.66, lte:1020.0]",18340.0,,["092.C-0126"],"["SCHOELLER, MARKUS"]","ESO, PHASE3",XSHOOTER,HD98922,,2014-05-23T00:00:00.000,POSITION J2000 170.630734 -53.36967,170.630734,-53.36967,ADP.2014-05-23T08:26:54.107,1,2015-01-18T07:25:40.780,469294,1321,,673.3,289.780995,7.216422,,,,,,2,2014-01-18T06:11:14.020,56675.25780114,120.0,HD98922_984410_2014-01-18T06:06:27.768_S0.4x11_1x1_VIS_NOD,ESO-VLT-U3,"ECHELLE,SLIT,NODDING",["984410"],IDP,XS_SFLX_984410_2014-01-18T06:06:27.768_S0.4x11_1x1_VIS_NOD.fits,,,true
http://archive.eso.org/datalink/links?ID=ivo://eso.org/ID?ADP.2014-05-23T08:26:54.067,,SPECTRUM,SPECTRUM (FLUX CALIBRATED),XSHOOTER,La Silla Paranal APEX,Non-solar,56675.25442797,2014-01-18T06:06:22.577,120.0,"[gte:298.92, lte:555.98]",9861.0,,["092.C-0126"],"["SCHOELLER, MARKUS"]","ESO, PHASE3",XSHOOTER,HD98922,,2014-05-23T00:00:00.000,POSITION J2000 170.630734 -53.36967,170.630734,-53.36967,ADP.2014-05-23T08:26:54.067,1,2015-01-18T07:25:40.780,469292,725,,663.0,289.780995,7.216422,,,,,,2,2014-01-18T06:12:17.127,56675.25853154,120.0,HD98922_984410_2014-01-18T06:06:22.577_S0.5x11_1x1_UVB_NOD,ESO-VLT-U3,"ECHELLE,SLIT,NODDING",["984410"],IDP,XS_SFLX_984410_2014-01-18T06:06:22.577_S0.5x11_1x1_UVB_NOD.fits,,,true
http://archive.eso.org/datalink/links?ID=ivo://eso.org/ID?ADP.2014-05-17T23:42:16.397,,SPECTRUM,SPECTRUM (FLUX CALIBRATED),XSHOOTER,La Silla Paranal APEX,Non-solar,56649.31809802,2013-12-23T07:38:03.670,120.0,"[gte:994.02, lte:2478.96]",11424.0,,["092.C-0126"],"["SCHOELLER, MARKUS"]","ESO, PHASE3",XSHOOTER,HD98922,,2014-05-17T00:00:00.000,POSITION J2000 170.630777 -53.36977,170.630777,-53.36977,ADP.2014-05-17T23:42:16.397,1,2014-12-23T08:56:19.427,467768,1350,,529.3,289.781054,7.216337,,,,,,2,2013-12-23T07:42:18.673,56649.32104946,120.0,HD98922_984398_2013-12-23T07:38:03.669_S0.4x11_NIR_NOD,ESO-VLT-U3,"ECHELLE,SLIT,NODDING",["984398"],IDP,XS_SFLX_984398_2013-12-23T07:38:03.669_S0.4x11_NIR_NOD.fits,,,true
http://archive.eso.org/datalink/links?ID=ivo://eso.org/ID?ADP.2014-05-17T23:42:16.550,,SPECTRUM,SPECTRUM (FLUX CALIBRATED),XSHOOTER,La Silla Paranal APEX,Non-solar,56649.31806441,2013-12-23T07:38:00.767,120.0,"[gte:533.66, lte:1020.0]",18340.0,,["092.C-0126"],"["SCHOELLER, MARKUS"]","ESO, PHASE3",XSHOOTER,HD98922,,2014-05-17T00:00:00.000,POSITION J2000 170.630777 -53.36977,170.630777,-53.36977,ADP.2014-05-17T23:42:16.550,1,2014-12-23T08:56:19.427,467771,1321,,690.1,289.781054,7.216336,,,,,,2,2013-12-23T07:43:02.637,56649.32155831,120.0,HD98922_984398_2013-12-23T07:38:00.766_S0.4x11_1x1_VIS_NOD,ESO-VLT-U3,"ECHELLE,SLIT,NODDING",["984398"],IDP,XS_SFLX_984398_2013-12-23T07:38:00.766_S0.4x11_1x1_VIS_NOD.fits,,,true
http://archive.eso.org/datalink/links?ID=ivo://eso.org/ID?ADP.2014-05-17T23:42:16.643,,SPECTRUM,SPECTRUM (FLUX CALIBRATED),XSHOOTER,La Silla Paranal APEX,Non-solar,56649.31800353,2013-12-23T07:37:55.507,120.0,"[gte:298.92, lte:555.98]",9861.0,,["092.C-0126"],"["SCHOELLER, MARKUS"]","ESO, PHASE3",XSHOOTER,HD98922,,2014-05-17T00:00:00.000,POSITION J2000 170.630777 -53.36977,170.630777,-53.36977,ADP.2014-05-17T23:42:16.643,1,2014-12-23T08:56:19.427,467774,725,,640.6,289.781054,7.216336,,,,,,2,2013-12-23T07:43:52.823,56649.32213916,120.0,HD98922_984398_2013-12-23T07:37:55.505_S0.5x11_1x1_UVB_NOD,ESO-VLT-U3,"ECHELLE,SLIT,NODDING",["984398"],IDP,XS_SFLX_984398_2013-12-23T07:37:55.505_S0.5x11_1x1_UVB_NOD.fits,,,true
http://archive.eso.org/datalink/links?ID=ivo://eso.org/ID?ADP.2014-05-15T14:48:23.697,,SPECTRUM,SPECTRUM (FLUX CALIBRATED),XSHOOTER,La Silla Paranal APEX,Non-solar,55285.14396065,2010-03-30T03:27:18.200,1.0,"[gte:533.66, lte:1020.0]",18340.0,,["084.C-0952"],"["OUDMAIJER, R.D."]","ESO, PHASE3",XSHOOTER,HD-98922,,2014-05-15T00:00:00.000,POSITION J2000 170.63146 -53.36992,170.63146,-53.36992,ADP.2014-05-15T14:48:23.697,1,2011-04-09T13:13:54.257,438164,1321,,54.7,289.781491,7.216334,,,,,,2,2010-03-30T03:27:19.200,55285.14397222,1.0,HD-98922_387956_2010-03-30T03:27:18.200_S0.4x11_1x1_VIS_STA,ESO-VLT-U2,"ECHELLE,SLIT,STARE",["387956"],IDP,XS_SFLX_387956_2010-03-30T03:27:18.200_S0.4x11_1x1_VIS_STA.fits,,,true
http://archive.eso.org/datalink/links?ID=ivo://eso.org/ID?ADP.2014-05-15T14:48:23.643,,SPECTRUM,SPECTRUM (FLUX CALIBRATED),XSHOOTER,La Silla Paranal APEX,Non-solar,55285.14380041,2010-03-30T03:27:04.357,1.0,"[gte:994.02, lte:2478.96]",11424.0,,["084.C-0952"],"["OUDMAIJER, R.D."]","ESO, PHASE3",XSHOOTER,HD-98922,,2014-05-15T00:00:00.000,POSITION J2000 170.63146 -53.36992,170.63146,-53.36992,ADP.2014-05-15T14:48:23.643,1,2011-04-09T13:13:54.230,438172,1350,,98.6,289.781492,7.216334,,,,,,2,2010-03-30T03:27:05.357,55285.14381198,1.0,HD-98922_387956_2010-03-30T03:27:04.355_S0.4x11_NIR_STA,ESO-VLT-U2,"ECHELLE,SLIT,STARE",["387956"],IDP,XS_SFLX_387956_2010-03-30T03:27:04.355_S0.4x11_NIR_STA.fits,,,true
http://archive.eso.org/datalink/links?ID=ivo://eso.org/ID?ADP.2014-05-15T14:48:24.370,,SPECTRUM,SPECTRUM (FLUX CALIBRATED),XSHOOTER,La Silla Paranal APEX,Non-solar,55285.14370519,2010-03-30T03:26:56.127,1.0,"[gte:298.92, lte:555.98]",9861.0,,["084.C-0952"],"["OUDMAIJER, R.D."]","ESO, PHASE3",XSHOOTER,HD-98922,,2014-05-15T00:00:00.000,POSITION J2000 170.63146 -53.36992,170.63146,-53.36992,ADP.2014-05-15T14:48:24.370,1,2011-04-09T13:13:54.187,438159,725,,90.8,289.781491,7.216334,,,,,,2,2010-03-30T03:26:57.127,55285.14371676,1.0,HD-98922_387956_2010-03-30T03:26:56.128_S0.5x11_1x1_UVB_STA,ESO-VLT-U2,"ECHELLE,SLIT,STARE",["387956"],IDP,XS_SFLX_387956_2010-03-30T03:26:56.128_S0.5x11_1x1_UVB_STA.fits,,,true
http://archive.eso.org/datalink/links?ID=ivo://eso.org/ID?ADP.2014-05-17T23:35:19.750,,SPECTRUM,SPECTRUM (FLUX CALIBRATED),XSHOOTER,La Silla Paranal APEX,Non-solar,56639.28562967,2013-12-13T06:51:18.403,120.0,"[gte:994.02, lte:2478.96]",11424.0,,["092.C-0126"],"["SCHOELLER, MARKUS"]","ESO, PHASE3",XSHOOTER,HD98922,,2014-05-17T00:00:00.000,POSITION J2000 170.630953 -53.36992,170.630953,-53.36992,ADP.2014-05-17T23:35:19.750,1,2014-12-13T08:11:20.933,467681,1350,,281.9,289.781205,7.216231,,,,,,2,2013-12-13T06:55:30.073,56639.28854251,120.0,HD98922_984392_2013-12-13T06:51:18.403_S0.4x11_NIR_NOD,ESO-VLT-U3,"ECHELLE,SLIT,NODDING",["984392"],IDP,XS_SFLX_984392_2013-12-13T06:51:18.403_S0.4x11_NIR_NOD.fits,,,true
http://archive.eso.org/datalink/links?ID=ivo://eso.org/ID?ADP.2014-05-17T23:35:19.397,,SPECTRUM,SPECTRUM (FLUX CALIBRATED),XSHOOTER,La Silla Paranal APEX,Non-solar,56639.2855916,2013-12-13T06:51:15.113,120.0,"[gte:533.66, lte:1020.0]",18340.0,,["092.C-0126"],"["SCHOELLER, MARKUS"]","ESO, PHASE3",XSHOOTER,HD98922,,2014-05-17T00:00:00.000,POSITION J2000 170.630953 -53.36992,170.630953,-53.36992,ADP.2014-05-17T23:35:19.397,1,2014-12-13T08:15:10.593,467678,1321,,463.5,289.781204,7.216231,,,,,,2,2013-12-13T06:56:13.637,56639.28904672,120.0,HD98922_984392_2013-12-13T06:51:15.114_S0.4x11_1x1_VIS_NOD,ESO-VLT-U3,"ECHELLE,SLIT,NODDING",["984392"],IDP,XS_SFLX_984392_2013-12-13T06:51:15.114_S0.4x11_1x1_VIS_NOD.fits,,,true
http://archive.eso.org/datalink/links?ID=ivo://eso.org/ID?ADP.2014-05-17T23:35:19.590,,SPECTRUM,SPECTRUM (FLUX CALIBRATED),XSHOOTER,La Silla Paranal APEX,Non-solar,56639.28553106,2013-12-13T06:51:09.883,120.0,"[gte:298.92, lte:555.98]",9861.0,,["092.C-0126"],"["SCHOELLER, MARKUS"]","ESO, PHASE3",XSHOOTER,HD98922,,2014-05-17T00:00:00.000,POSITION J2000 170.630953 -53.36992,170.630953,-53.36992,ADP.2014-05-17T23:35:19.590,1,2014-12-13T08:15:10.593,467676,725,,407.3,289.781204,7.216231,,,,,,2,2013-12-13T06:57:03.403,56639.28962271,120.0,HD98922_984392_2013-12-13T06:51:09.884_S0.5x11_1x1_UVB_NOD,ESO-VLT-U3,"ECHELLE,SLIT,NODDING",["984392"],IDP,XS_SFLX_984392_2013-12-13T06:51:09.884_S0.5x11_1x1_UVB_NOD.fits,,,true
http://archive.eso.org/datalink/links?ID=ivo://eso.org/ID?ADP.2014-05-23T10:59:34.910,,SPECTRUM,SPECTRUM (FLUX CALIBRATED),XSHOOTER,La Silla Paranal APEX,Non-solar,56676.21839846,2014-01-19T05:14:29.627,84.0,"[gte:994.02, lte:2478.96]",11424.0,,["092.C-0126"],"["SCHOELLER, MARKUS"]","ESO, PHASE3",XSHOOTER,HD98922,,2014-05-23T00:00:00.000,POSITION J2000 170.630695 -53.36989,170.630695,-53.36989,ADP.2014-05-23T10:59:34.910,1,2015-01-19T06:41:22.453,469319,1350,,418.7,289.781049,7.216207,,,,,,2,2014-01-19T05:18:34.430,56676.22123184,84.0,HD98922_984413_2014-01-19T05:14:29.627_S0.4x11_NIR_NOD,ESO-VLT-U3,"ECHELLE,SLIT,NODDING",["984413"],IDP,XS_SFLX_984413_2014-01-19T05:14:29.627_S0.4x11_NIR_NOD.fits,,,true
http://archive.eso.org/datalink/links?ID=ivo://eso.org/ID?ADP.2014-05-23T10:59:34.203,,SPECTRUM,SPECTRUM (FLUX CALIBRATED),XSHOOTER,La Silla Paranal APEX,Non-solar,56676.21836183,2014-01-19T05:14:26.463,100.0,"[gte:533.66, lte:1020.0]",18340.0,,["092.C-0126"],"["SCHOELLER, MARKUS"]","ESO, PHASE3",XSHOOTER,HD98922,,2014-05-23T00:00:00.000,POSITION J2000 170.630695 -53.36989,170.630695,-53.36989,ADP.2014-05-23T10:59:34.203,1,2015-01-19T06:41:22.453,469327,1321,,635.9,289.781048,7.216207,,,,,,2,2014-01-19T05:19:14.797,56676.22169901,100.0,HD98922_984413_2014-01-19T05:14:26.463_S0.4x11_1x1_VIS_NOD,ESO-VLT-U3,"ECHELLE,SLIT,NODDING",["984413"],IDP,XS_SFLX_984413_2014-01-19T05:14:26.463_S0.4x11_1x1_VIS_NOD.fits,,,true
http://archive.eso.org/datalink/links?ID=ivo://eso.org/ID?ADP.2014-05-23T10:59:34.570,,SPECTRUM,SPECTRUM (FLUX CALIBRATED),XSHOOTER,La Silla Paranal APEX,Non-solar,56676.21830141,2014-01-19T05:14:21.243,120.0,"[gte:298.92, lte:555.98]",9861.0,,["092.C-0126"],"["SCHOELLER, MARKUS"]","ESO, PHASE3",XSHOOTER,HD98922,,2014-05-23T00:00:00.000,POSITION J2000 170.630695 -53.36989,170.630695,-53.36989,ADP.2014-05-23T10:59:34.570,1,2015-01-19T06:41:22.453,469328,725,,627.8,289.781048,7.216207,,,,,,2,2014-01-19T05:20:39.503,56676.22267943,120.0,HD98922_984413_2014-01-19T05:14:21.243_S0.5x11_1x1_UVB_NOD,ESO-VLT-U3,"ECHELLE,SLIT,NODDING",["984413"],IDP,XS_SFLX_984413_2014-01-19T05:14:21.243_S0.5x11_1x1_UVB_NOD.fits,,,true
http://archive.eso.org/datalink/links?ID=ivo://eso.org/ID?ADP.2014-05-23T10:59:34.950,,SPECTRUM,SPECTRUM (FLUX CALIBRATED),XSHOOTER,La Silla Paranal APEX,Non-solar,56676.21295493,2014-01-19T05:06:39.307,120.0,"[gte:994.02, lte:2478.96]",11424.0,,["092.C-0126"],"["SCHOELLER, MARKUS"]","ESO, PHASE3",XSHOOTER,HD98922,,2014-05-23T00:00:00.000,POSITION J2000 170.630695 -53.36989,170.630695,-53.36989,ADP.2014-05-23T10:59:34.950,1,2015-01-19T06:26:31.123,469325,1350,,505.3,289.781049,7.216207,,,,,,2,2014-01-19T05:10:59.030,56676.21596099,120.0,HD98922_984413_2014-01-19T05:06:39.306_S0.4x11_NIR_NOD,ESO-VLT-U3,"ECHELLE,SLIT,NODDING",["984413"],IDP,XS_SFLX_984413_2014-01-19T05:06:39.306_S0.4x11_NIR_NOD.fits,,,true
http://archive.eso.org/datalink/links?ID=ivo://eso.org/ID?ADP.2014-05-23T10:59:35.240,,SPECTRUM,SPECTRUM (FLUX CALIBRATED),XSHOOTER,La Silla Paranal APEX,Non-solar,56676.21292075,2014-01-19T05:06:36.353,120.0,"[gte:533.66, lte:1020.0]",18340.0,,["092.C-0126"],"["SCHOELLER, MARKUS"]","ESO, PHASE3",XSHOOTER,HD98922,,2014-05-23T00:00:00.000,POSITION J2000 170.630695 -53.36989,170.630695,-53.36989,ADP.2014-05-23T10:59:35.240,1,2015-01-19T06:26:31.123,469302,1321,,669.0,289.781048,7.216207,,,,,,2,2014-01-19T05:11:43.647,56676.21647739,120.0,HD98922_984413_2014-01-19T05:06:36.354_S0.4x11_1x1_VIS_NOD,ESO-VLT-U3,"ECHELLE,SLIT,NODDING",["984413"],IDP,XS_SFLX_984413_2014-01-19T05:06:36.354_S0.4x11_1x1_VIS_NOD.fits,,,true
http://archive.eso.org/datalink/links?ID=ivo://eso.org/ID?ADP.2014-05-23T10:59:35.187,,SPECTRUM,SPECTRUM (FLUX CALIBRATED),XSHOOTER,La Silla Paranal APEX,Non-solar,56676.21286056,2014-01-19T05:06:31.153,120.0,"[gte:298.92, lte:555.98]",9861.0,,["092.C-0126"],"["SCHOELLER, MARKUS"]","ESO, PHASE3",XSHOOTER,HD98922,,2014-05-23T00:00:00.000,POSITION J2000 170.630695 -53.36989,170.630695,-53.36989,ADP.2014-05-23T10:59:35.187,1,2015-01-19T06:26:31.123,469333,725,,627.4,289.781048,7.216207,,,,,,2,2014-01-19T05:12:33.503,56676.21705442,120.0,HD98922_984413_2014-01-19T05:06:31.153_S0.5x11_1x1_UVB_NOD,ESO-VLT-U3,"ECHELLE,SLIT,NODDING",["984413"],IDP,XS_SFLX_984413_2014-01-19T05:06:31.153_S0.5x11_1x1_UVB_NOD.fits,,,true
http://archive.eso.org/datalink/links?ID=ivo://eso.org/ID?ADP.2014-05-17T23:36:11.140,,SPECTRUM,SPECTRUM (FLUX CALIBRATED),XSHOOTER,La Silla Paranal APEX,Non-solar,56640.28849573,2013-12-14T06:55:26.030,120.0,"[gte:994.02, lte:2478.96]",11424.0,,["092.C-0126"],"["SCHOELLER, MARKUS"]","ESO, PHASE3",XSHOOTER,HD98922,,2014-05-17T00:00:00.000,POSITION J2000 170.630527 -53.36992,170.630527,-53.36992,ADP.2014-05-17T23:36:11.140,1,2014-12-14T08:20:09.363,467688,1350,,308.7,289.780964,7.216145,,,,,,2,2013-12-14T06:59:37.700,56640.29140858,120.0,HD98922_984395_2013-12-14T06:55:26.031_S0.4x11_NIR_NOD,ESO-VLT-U3,"ECHELLE,SLIT,NODDING",["984395"],IDP,XS_SFLX_984395_2013-12-14T06:55:26.031_S0.4x11_NIR_NOD.fits,,,true
http://archive.eso.org/datalink/links?ID=ivo://eso.org/ID?ADP.2014-05-17T23:36:11.167,,SPECTRUM,SPECTRUM (FLUX CALIBRATED),XSHOOTER,La Silla Paranal APEX,Non-solar,56640.2884595,2013-12-14T06:55:22.903,120.0,"[gte:533.66, lte:1020.0]",18340.0,,["092.C-0126"],"["SCHOELLER, MARKUS"]","ESO, PHASE3",XSHOOTER,HD98922,,2014-05-17T00:00:00.000,POSITION J2000 170.630527 -53.36992,170.630527,-53.36992,ADP.2014-05-17T23:36:11.167,1,2014-12-14T08:20:09.363,467689,1321,,488.7,289.780963,7.216145,,,,,,2,2013-12-14T07:00:20.933,56640.29190895,120.0,HD98922_984395_2013-12-14T06:55:22.902_S0.4x11_1x1_VIS_NOD,ESO-VLT-U3,"ECHELLE,SLIT,NODDING",["984395"],IDP,XS_SFLX_984395_2013-12-14T06:55:22.902_S0.4x11_1x1_VIS_NOD.fits,,,true
http://archive.eso.org/datalink/links?ID=ivo://eso.org/ID?ADP.2014-05-17T23:36:10.967,,SPECTRUM,SPECTRUM (FLUX CALIBRATED),XSHOOTER,La Silla Paranal APEX,Non-solar,56640.28839966,2013-12-14T06:55:17.730,120.0,"[gte:298.92, lte:555.98]",9861.0,,["092.C-0126"],"["SCHOELLER, MARKUS"]","ESO, PHASE3",XSHOOTER,HD98922,,2014-05-17T00:00:00.000,POSITION J2000 170.630527 -53.36992,170.630527,-53.36992,ADP.2014-05-17T23:36:10.967,1,2014-12-14T08:26:08.617,467691,725,,418.3,289.780963,7.216145,,,,,,2,2013-12-14T07:01:10.790,56640.29248598,120.0,HD98922_984395_2013-12-14T06:55:17.731_S0.5x11_1x1_UVB_NOD,ESO-VLT-U3,"ECHELLE,SLIT,NODDING",["984395"],IDP,XS_SFLX_984395_2013-12-14T06:55:17.731_S0.5x11_1x1_UVB_NOD.fits,,,true
http://archive.eso.org/datalink/links?ID=ivo://eso.org/ID?ADP.2014-05-17T23:20:20.077,,SPECTRUM,SPECTRUM (FLUX CALIBRATED),XSHOOTER,La Silla Paranal APEX,Non-solar,56619.33629964,2013-11-23T08:04:16.290,120.0,"[gte:994.02, lte:2478.96]",11424.0,,["092.C-0126"],"["SCHOELLER, MARKUS"]","ESO, PHASE3",XSHOOTER,HD98922,,2014-05-17T00:00:00.000,POSITION J2000 170.631045 -53.37003,170.631045,-53.37003,ADP.2014-05-17T23:20:20.077,1,2014-11-23T09:30:56.617,467476,1350,,465.7,289.781295,7.216147,,,,,,2,2013-11-23T08:08:46.730,56619.33942974,120.0,HD98922_984385_2013-11-23T08:04:16.289_S0.4x11_NIR_NOD,ESO-VLT-U3,"ECHELLE,SLIT,NODDING",["984385"],IDP,XS_SFLX_984385_2013-11-23T08:04:16.289_S0.4x11_NIR_NOD.fits,,,true
http://archive.eso.org/datalink/links?ID=ivo://eso.org/ID?ADP.2014-05-17T23:20:20.150,,SPECTRUM,SPECTRUM (FLUX CALIBRATED),XSHOOTER,La Silla Paranal APEX,Non-solar,56619.33620648,2013-11-23T08:04:08.240,120.0,"[gte:298.92, lte:555.98]",9861.0,,["092.C-0126"],"["SCHOELLER, MARKUS"]","ESO, PHASE3",XSHOOTER,HD98922,,2014-05-17T00:00:00.000,POSITION J2000 170.631045 -53.37003,170.631045,-53.37003,ADP.2014-05-17T23:20:20.150,1,2014-11-23T09:30:56.617,467473,725,,607.8,289.781294,7.216146,,,,,,2,2013-11-23T08:10:37.310,56619.3407096,120.0,HD98922_984385_2013-11-23T08:04:08.240_S0.5x11_1x1_UVB_NOD,ESO-VLT-U3,"ECHELLE,SLIT,NODDING",["984385"],IDP,XS_SFLX_984385_2013-11-23T08:04:08.240_S0.5x11_1x1_UVB_NOD.fits,,,true
http://archive.eso.org/datalink/links?ID=ivo://eso.org/ID?ADP.2014-05-17T23:20:20.023,,SPECTRUM,SPECTRUM (FLUX CALIBRATED),XSHOOTER,La Silla Paranal APEX,Non-solar,56619.33626689,2013-11-23T08:04:13.460,120.0,"[gte:533.66, lte:1020.0]",18340.0,,["092.C-0126"],"["SCHOELLER, MARKUS"]","ESO, PHASE3",XSHOOTER,HD98922,,2014-05-17T00:00:00.000,POSITION J2000 170.631044 -53.37003,170.631044,-53.37003,ADP.2014-05-17T23:20:20.023,1,2014-11-23T09:30:56.617,467472,1321,,651.7,289.781293,7.216146,,,,,,2,2013-11-23T08:09:16.103,56619.33976969,120.0,HD98922_984385_2013-11-23T08:04:13.460_S0.4x11_1x1_VIS_NOD,ESO-VLT-U3,"ECHELLE,SLIT,NODDING",["984385"],IDP,XS_SFLX_984385_2013-11-23T08:04:13.460_S0.4x11_1x1_VIS_NOD.fits,,,true
http://archive.eso.org/datalink/links?ID=ivo://eso.org/ID?ADP.2014-05-17T23:22:46.620,,SPECTRUM,SPECTRUM (FLUX CALIBRATED),XSHOOTER,La Silla Paranal APEX,Non-solar,56622.34363822,2013-11-26T08:14:50.343,120.0,"[gte:994.02, lte:2478.96]",11424.0,,["092.C-0126"],"["SCHOELLER, MARKUS"]","ESO, PHASE3",XSHOOTER,HD98922,,2014-05-17T00:00:00.000,POSITION J2000 170.63057 -53.36999,170.63057,-53.36999,ADP.2014-05-17T23:22:46.620,1,2014-11-26T13:45:35.267,467510,1350,,393.6,289.781012,7.216088,,,,,,2,2013-11-26T08:19:01.347,56622.34654337,120.0,HD98922_984389_2013-11-26T08:14:50.342_S0.4x11_NIR_NOD,ESO-VLT-U3,"ECHELLE,SLIT,NODDING",["984389"],IDP,XS_SFLX_984389_2013-11-26T08:14:50.342_S0.4x11_NIR_NOD.fits,,,true
http://archive.eso.org/datalink/links?ID=ivo://eso.org/ID?ADP.2014-05-17T23:22:46.593,,SPECTRUM,SPECTRUM (FLUX CALIBRATED),XSHOOTER,La Silla Paranal APEX,Non-solar,56622.34360321,2013-11-26T08:14:47.317,120.0,"[gte:533.66, lte:1020.0]",18340.0,,["092.C-0126"],"["SCHOELLER, MARKUS"]","ESO, PHASE3",XSHOOTER,HD98922,,2014-05-17T00:00:00.000,POSITION J2000 170.63057 -53.36999,170.63057,-53.36999,ADP.2014-05-17T23:22:46.593,1,2014-11-26T13:45:35.267,467509,1321,,553.0,289.781012,7.216087,,,,,,2,2013-11-26T08:19:45.750,56622.34705728,120.0,HD98922_984389_2013-11-26T08:14:47.318_S0.4x11_1x1_VIS_NOD,ESO-VLT-U3,"ECHELLE,SLIT,NODDING",["984389"],IDP,XS_SFLX_984389_2013-11-26T08:14:47.318_S0.4x11_1x1_VIS_NOD.fits,,,true
http://archive.eso.org/datalink/links?ID=ivo://eso.org/ID?ADP.2014-05-17T23:22:46.647,,SPECTRUM,SPECTRUM (FLUX CALIBRATED),XSHOOTER,La Silla Paranal APEX,Non-solar,56622.34354279,2013-11-26T08:14:42.097,120.0,"[gte:298.92, lte:555.98]",9861.0,,["092.C-0126"],"["SCHOELLER, MARKUS"]","ESO, PHASE3",XSHOOTER,HD98922,,2014-05-17T00:00:00.000,POSITION J2000 170.63057 -53.36999,170.63057,-53.36999,ADP.2014-05-17T23:22:46.647,1,2014-11-26T13:45:35.267,467508,725,,523.2,289.781012,7.216087,,,,,,2,2013-11-26T08:20:35.447,56622.34763246,120.0,HD98922_984389_2013-11-26T08:14:42.098_S0.5x11_1x1_UVB_NOD,ESO-VLT-U3,"ECHELLE,SLIT,NODDING",["984389"],IDP,XS_SFLX_984389_2013-11-26T08:14:42.098_S0.5x11_1x1_UVB_NOD.fits,,,true
http://archive.eso.org/datalink/links?ID=ivo://eso.org/ID?ADP.2014-05-17T23:45:03.647,,SPECTRUM,SPECTRUM (FLUX CALIBRATED),XSHOOTER,La Silla Paranal APEX,Non-solar,56651.26924861,2013-12-25T06:27:43.080,120.0,"[gte:994.02, lte:2478.96]",11424.0,,["092.C-0126"],"["SCHOELLER, MARKUS"]","ESO, PHASE3",XSHOOTER,HD98922,,2014-05-17T00:00:00.000,POSITION J2000 170.630521 -53.37001,170.630521,-53.37001,ADP.2014-05-17T23:45:03.647,1,2014-12-25T07:46:40.007,467813,1350,,345.6,289.780991,7.216059,,,,,,2,2013-12-25T06:32:04.137,56651.27227012,120.0,HD98922_984401_2013-12-25T06:27:43.080_S0.4x11_NIR_NOD,ESO-VLT-U3,"ECHELLE,SLIT,NODDING",["984401"],IDP,XS_SFLX_984401_2013-12-25T06:27:43.080_S0.4x11_NIR_NOD.fits,,,true
http://archive.eso.org/datalink/links?ID=ivo://eso.org/ID?ADP.2014-05-17T23:45:03.693,,SPECTRUM,SPECTRUM (FLUX CALIBRATED),XSHOOTER,La Silla Paranal APEX,Non-solar,56651.26921269,2013-12-25T06:27:39.977,120.0,"[gte:533.66, lte:1020.0]",18340.0,,["092.C-0126"],"["SCHOELLER, MARKUS"]","ESO, PHASE3",XSHOOTER,HD98922,,2014-05-17T00:00:00.000,POSITION J2000 170.630521 -53.37001,170.630521,-53.37001,ADP.2014-05-17T23:45:03.693,1,2014-12-25T07:46:40.007,467807,1321,,517.0,289.780991,7.216059,,,,,,2,2013-12-25T06:32:34.620,56651.27262291,120.0,HD98922_984401_2013-12-25T06:27:39.977_S0.4x11_1x1_VIS_NOD,ESO-VLT-U3,"ECHELLE,SLIT,NODDING",["984401"],IDP,XS_SFLX_984401_2013-12-25T06:27:39.977_S0.4x11_1x1_VIS_NOD.fits,,,true
http://archive.eso.org/datalink/links?ID=ivo://eso.org/ID?ADP.2014-05-17T23:45:03.800,,SPECTRUM,SPECTRUM (FLUX CALIBRATED),XSHOOTER,La Silla Paranal APEX,Non-solar,56651.2691525,2013-12-25T06:27:34.777,120.0,"[gte:298.92, lte:555.98]",9861.0,,["092.C-0126"],"["SCHOELLER, MARKUS"]","ESO, PHASE3",XSHOOTER,HD98922,,2014-05-17T00:00:00.000,POSITION J2000 170.630521 -53.37001,170.630521,-53.37001,ADP.2014-05-17T23:45:03.800,1,2014-12-25T07:46:40.007,467805,725,,472.4,289.780991,7.216059,,,,,,2,2013-12-25T06:33:37.537,56651.27335111,120.0,HD98922_984401_2013-12-25T06:27:34.777_S0.5x11_1x1_UVB_NOD,ESO-VLT-U3,"ECHELLE,SLIT,NODDING",["984401"],IDP,XS_SFLX_984401_2013-12-25T06:27:34.777_S0.5x11_1x1_UVB_NOD.fits,,,true
http://archive.eso.org/datalink/links?ID=ivo://eso.org/ID?ADP.2014-05-23T11:56:07.933,,SPECTRUM,SPECTRUM (FLUX CALIBRATED),XSHOOTER,La Silla Paranal APEX,Non-solar,56678.13578202,2014-01-21T03:15:31.567,120.0,"[gte:994.02, lte:2478.96]",11424.0,,["092.C-0126"],"["SCHOELLER, MARKUS"]","ESO, PHASE3",XSHOOTER,HD98922,,2014-05-23T00:00:00.000,POSITION J2000 170.630912 -53.37018,170.630912,-53.37018,ADP.2014-05-23T11:56:07.933,1,2015-01-21T04:30:08.253,469371,1350,,431.8,289.781271,7.215978,,,,,,2,2014-01-21T03:19:42.570,56678.13868715,120.0,HD98922_984419_2014-01-21T03:15:31.567_S0.4x11_NIR_NOD,ESO-VLT-U3,"ECHELLE,SLIT,NODDING",["984419"],IDP,XS_SFLX_984419_2014-01-21T03:15:31.567_S0.4x11_NIR_NOD.fits,,,true
http://archive.eso.org/datalink/links?ID=ivo://eso.org/ID?ADP.2014-05-23T11:56:07.760,,SPECTRUM,SPECTRUM (FLUX CALIBRATED),XSHOOTER,La Silla Paranal APEX,Non-solar,56678.13574532,2014-01-21T03:15:28.397,120.0,"[gte:533.66, lte:1020.0]",18340.0,,["092.C-0126"],"["SCHOELLER, MARKUS"]","ESO, PHASE3",XSHOOTER,HD98922,,2014-05-23T00:00:00.000,POSITION J2000 170.630912 -53.37018,170.630912,-53.37018,ADP.2014-05-23T11:56:07.760,1,2015-01-21T04:41:08.940,469386,1321,,628.4,289.78127,7.215978,,,,,,2,2014-01-21T03:20:26.187,56678.13919199,120.0,HD98922_984419_2014-01-21T03:15:28.396_S0.4x11_1x1_VIS_NOD,ESO-VLT-U3,"ECHELLE,SLIT,NODDING",["984419"],IDP,XS_SFLX_984419_2014-01-21T03:15:28.396_S0.4x11_1x1_VIS_NOD.fits,,,true
http://archive.eso.org/datalink/links?ID=ivo://eso.org/ID?ADP.2014-05-23T11:56:08.513,,SPECTRUM,SPECTRUM (FLUX CALIBRATED),XSHOOTER,La Silla Paranal APEX,Non-solar,56678.13568455,2014-01-21T03:15:23.147,120.0,"[gte:298.92, lte:555.98]",9861.0,,["092.C-0126"],"["SCHOELLER, MARKUS"]","ESO, PHASE3",XSHOOTER,HD98922,,2014-05-23T00:00:00.000,POSITION J2000 170.630912 -53.37018,170.630912,-53.37018,ADP.2014-05-23T11:56:08.513,1,2015-01-21T04:41:08.940,469394,725,,570.7,289.78127,7.215978,,,,,,2,2014-01-21T03:21:16.333,56678.13977238,120.0,HD98922_984419_2014-01-21T03:15:23.146_S0.5x11_1x1_UVB_NOD,ESO-VLT-U3,"ECHELLE,SLIT,NODDING",["984419"],IDP,XS_SFLX_984419_2014-01-21T03:15:23.146_S0.5x11_1x1_UVB_NOD.fits,,,true
http://archive.eso.org/datalink/links?ID=ivo://eso.org/ID?ADP.2014-05-23T08:18:21.507,,SPECTRUM,SPECTRUM (FLUX CALIBRATED),XSHOOTER,La Silla Paranal APEX,Non-solar,56672.12941106,2014-01-15T03:06:21.117,120.0,"[gte:994.02, lte:2478.96]",11424.0,,["092.C-0126"],"["SCHOELLER, MARKUS"]","ESO, PHASE3",XSHOOTER,HD98922,,2014-05-23T00:00:00.000,POSITION J2000 170.630797 -53.37028,170.630797,-53.37028,ADP.2014-05-23T08:18:21.507,1,2015-01-15T04:20:12.090,469272,1350,,432.6,289.78124,7.215861,,,,,,2,2014-01-15T03:10:37.507,56672.13237855,120.0,HD98922_984407_2014-01-15T03:06:21.116_S0.4x11_NIR_NOD,ESO-VLT-U3,"ECHELLE,SLIT,NODDING",["984407"],IDP,XS_SFLX_984407_2014-01-15T03:06:21.116_S0.4x11_NIR_NOD.fits,,,true
http://archive.eso.org/datalink/links?ID=ivo://eso.org/ID?ADP.2014-05-23T08:18:21.967,,SPECTRUM,SPECTRUM (FLUX CALIBRATED),XSHOOTER,La Silla Paranal APEX,Non-solar,56672.12937199,2014-01-15T03:06:17.740,120.0,"[gte:533.66, lte:1020.0]",18340.0,,["092.C-0126"],"["SCHOELLER, MARKUS"]","ESO, PHASE3",XSHOOTER,HD98922,,2014-05-23T00:00:00.000,POSITION J2000 170.630797 -53.37028,170.630797,-53.37028,ADP.2014-05-23T08:18:21.967,1,2015-01-15T04:31:03.553,469284,1321,,618.2,289.781239,7.215861,,,,,,2,2014-01-15T03:11:20.763,56672.1328792,120.0,HD98922_984407_2014-01-15T03:06:17.741_S0.4x11_1x1_VIS_NOD,ESO-VLT-U3,"ECHELLE,SLIT,NODDING",["984407"],IDP,XS_SFLX_984407_2014-01-15T03:06:17.741_S0.4x11_1x1_VIS_NOD.fits,,,truehttp://archive.eso.org/datalink/links?ID=ivo://eso.org/ID?ADP.2014-05-15T14:46:44.283,,SPECTRUM,SPECTRUM (FLUX CALIBRATED),XSHOOTER,La Silla Paranal APEX,Non-solar,55284.16656408,2010-03-29T03:59:51.137,160.0,"[gte:994.02, lte:2478.96]",11424.0,,["084.C-0952"],"["OUDMAIJER, R.D."]","ESO, PHASE3",XSHOOTER,PDS-339,,2014-05-15T00:00:00.000,POSITION J2000 173.272489 -54.32394,173.272489,-54.32394,ADP.2014-05-15T14:46:44.283,1,2011-04-09T13:12:49.027,438100,1347,,114.8,291.576195,6.811193,,,,,,2,2010-03-29T04:09:01.027,55284.17292854,160.0,PDS-339_387851_2010-03-29T03:59:51.137_S0.4x11_NIR_NOD,ESO-VLT-U2,"ECHELLE,SLIT,NODDING",["387851"],IDP,XS_SFLX_387851_2010-03-29T03:59:51.137_S0.4x11_NIR_NOD.fits,,,true
http://archive.eso.org/datalink/links?ID=ivo://eso.org/ID?ADP.2014-05-15T14:46:44.457,,SPECTRUM,SPECTRUM (FLUX CALIBRATED),XSHOOTER,La Silla Paranal APEX,Non-solar,55284.16652795,2010-03-29T03:59:48.017,180.0,"[gte:533.66, lte:1020.0]",18340.0,,["084.C-0952"],"["OUDMAIJER, R.D."]","ESO, PHASE3",XSHOOTER,PDS-339,,2014-05-15T00:00:00.000,POSITION J2000 173.272489 -54.32394,173.272489,-54.32394,ADP.2014-05-15T14:46:44.457,1,2011-04-09T13:12:49.337,438098,1321,,417.2,291.576194,6.811193,,,,,,2,2010-03-29T04:10:21.527,55284.17386028,180.0,PDS-339_387851_2010-03-29T03:59:48.015_S0.4x11_1x1_VIS_NOD,ESO-VLT-U2,"ECHELLE,SLIT,NODDING",["387851"],IDP,XS_SFLX_387851_2010-03-29T03:59:48.015_S0.4x11_1x1_VIS_NOD.fits,,,true
http://archive.eso.org/datalink/links?ID=ivo://eso.org/ID?ADP.2014-05-15T14:46:44.183,,SPECTRUM,SPECTRUM (FLUX CALIBRATED),XSHOOTER,La Silla Paranal APEX,Non-solar,55284.16646753,2010-03-29T03:59:42.797,120.0,"[gte:298.92, lte:555.98]",9861.0,,["084.C-0952"],"["OUDMAIJER, R.D."]","ESO, PHASE3",XSHOOTER,PDS-339,,2014-05-15T00:00:00.000,POSITION J2000 173.272489 -54.32394,173.272489,-54.32394,ADP.2014-05-15T14:46:44.183,1,2011-04-09T13:12:49.217,438114,725,,384.0,291.576194,6.811193,,,,,,2,2010-03-29T04:10:10.277,55284.17373007,120.0,PDS-339_387851_2010-03-29T03:59:42.795_S0.5x11_1x1_UVB_NOD,ESO-VLT-U2,"ECHELLE,SLIT,NODDING",["387851"],IDP,XS_SFLX_387851_2010-03-29T03:59:42.795_S0.5x11_1x1_UVB_NOD.fits,,,true
http://archive.eso.org/datalink/links?ID=ivo://eso.org/ID?ADP.2014-05-15T14:46:43.950,,SPECTRUM,SPECTRUM (FLUX CALIBRATED),XSHOOTER,La Silla Paranal APEX,Non-solar,55284.16589014,2010-03-29T03:58:52.907,1.0,"[gte:994.02, lte:2478.96]",11424.0,,["084.C-0952"],"["OUDMAIJER, R.D."]","ESO, PHASE3",XSHOOTER,PDS-339,,2014-05-15T00:00:00.000,POSITION J2000 173.272443 -54.32455,173.272443,-54.32455,ADP.2014-05-15T14:46:43.950,1,2011-04-09T13:12:48.117,438113,1350,,36.0,291.576354,6.810604,,,,,,2,2010-03-29T03:58:53.907,55284.16590171,1.0,PDS-339_387851_2010-03-29T03:58:52.908_S0.4x11_NIR_STA,ESO-VLT-U2,"ECHELLE,SLIT,STARE",["387851"],IDP,XS_SFLX_387851_2010-03-29T03:58:52.908_S0.4x11_NIR_STA.fits,,,true
http://archive.eso.org/datalink/links?ID=ivo://eso.org/ID?ADP.2014-05-15T14:46:44.063,,SPECTRUM,SPECTRUM (FLUX CALIBRATED),XSHOOTER,La Silla Paranal APEX,Non-solar,55284.16585764,2010-03-29T03:58:50.100,1.0,"[gte:533.66, lte:1020.0]",18340.0,,["084.C-0952"],"["OUDMAIJER, R.D."]","ESO, PHASE3",XSHOOTER,PDS-339,,2014-05-15T00:00:00.000,POSITION J2000 173.272443 -54.32455,173.272443,-54.32455,ADP.2014-05-15T14:46:44.063,1,2011-04-09T13:12:48.093,438107,1321,,48.8,291.576353,6.810603,,,,,,2,2010-03-29T03:58:51.100,55284.16586921,1.0,PDS-339_387851_2010-03-29T03:58:50.100_S0.4x11_1x1_VIS_STA,ESO-VLT-U2,"ECHELLE,SLIT,STARE",["387851"],IDP,XS_SFLX_387851_2010-03-29T03:58:50.100_S0.4x11_1x1_VIS_STA.fits,,,truehttp://archive.eso.org/datalink/links?ID=ivo://eso.org/ID?ADP.2014-05-15T14:48:23.897,,SPECTRUM,SPECTRUM (FLUX CALIBRATED),XSHOOTER,La Silla Paranal APEX,Non-solar,55285.15929544,2010-03-30T03:49:23.127,160.0,"[gte:994.02, lte:2478.96]",11424.0,,["084.C-0952"],"["OUDMAIJER, R.D."]","ESO, PHASE3",XSHOOTER,HD-100546,,2014-05-15T00:00:00.000,POSITION J2000 173.354593 -70.19434,173.354593,-70.19434,ADP.2014-05-15T14:48:23.897,1,2011-04-09T13:13:53.017,438146,1347,,192.1,296.366682,-8.323529,,,,,,2,2010-03-30T03:58:43.150,55285.16577721,160.0,HD-100546_387954_2010-03-30T03:49:23.126_S0.4x11_NIR_NOD,ESO-VLT-U2,"ECHELLE,SLIT,NODDING",["387954"],IDP,XS_SFLX_387954_2010-03-30T03:49:23.126_S0.4x11_NIR_NOD.fits,,,true
http://archive.eso.org/datalink/links?ID=ivo://eso.org/ID?ADP.2014-05-15T14:48:23.723,,SPECTRUM,SPECTRUM (FLUX CALIBRATED),XSHOOTER,La Silla Paranal APEX,Non-solar,55285.15925696,2010-03-30T03:49:19.800,36.0,"[gte:533.66, lte:1020.0]",18340.0,,["084.C-0952"],"["OUDMAIJER, R.D."]","ESO, PHASE3",XSHOOTER,HD-100546,,2014-05-15T00:00:00.000,POSITION J2000 173.354593 -70.19434,173.354593,-70.19434,ADP.2014-05-15T14:48:23.723,1,2011-04-09T13:13:53.460,438169,1321,,255.0,296.366681,-8.323529,,,,,,2,2010-03-30T03:59:17.347,55285.16617299,36.0,HD-100546_387954_2010-03-30T03:49:19.801_S0.4x11_1x1_VIS_NOD,ESO-VLT-U2,"ECHELLE,SLIT,NODDING",["387954"],IDP,XS_SFLX_387954_2010-03-30T03:49:19.801_S0.4x11_1x1_VIS_NOD.fits,,,true
http://archive.eso.org/datalink/links?ID=ivo://eso.org/ID?ADP.2014-05-15T14:48:24.450,,SPECTRUM,SPECTRUM (FLUX CALIBRATED),XSHOOTER,La Silla Paranal APEX,Non-solar,55285.15919693,2010-03-30T03:49:14.617,36.0,"[gte:298.92, lte:555.98]",9861.0,,["084.C-0952"],"["OUDMAIJER, R.D."]","ESO, PHASE3",XSHOOTER,HD-100546,,2014-05-15T00:00:00.000,POSITION J2000 173.354593 -70.19434,173.354593,-70.19434,ADP.2014-05-15T14:48:24.450,1,2011-04-09T13:13:53.067,438136,725,,360.5,296.366681,-8.323529,,,,,,2,2010-03-30T03:58:35.913,55285.16569344,36.0,HD-100546_387954_2010-03-30T03:49:14.615_S0.5x11_1x1_UVB_NOD,ESO-VLT-U2,"ECHELLE,SLIT,NODDING",["387954"],IDP,XS_SFLX_387954_2010-03-30T03:49:14.615_S0.5x11_1x1_UVB_NOD.fits,,,true
http://archive.eso.org/datalink/links?ID=ivo://eso.org/ID?ADP.2017-08-11T02:30:54.367,,SPECTRUM,SPECTRUM (FLUX CALIBRATED),XSHOOTER,La Silla Paranal APEX,Non-solar,56464.96728913,2013-06-21T23:12:53.780,60.0,"[gte:994.02, lte:2478.96]",5573.0,,["60.A-9022"],"["UVES TEAM, UVES TEAM"]","ESO, PHASE3",XSHOOTER,Hip065178,,2017-08-11T02:36:56.000,POSITION J2000 173.355279 -70.19402,173.355279,-70.19402,ADP.2017-08-11T02:30:54.367,1,2013-06-21T23:15:54.193,5897951,1356,,698.3,296.366809,-8.323154,,,,,,2,2013-06-21T23:16:24.193,56464.96972447,60.0,Hip065178_200193515_2013-06-21T23:12:53.781_S0.9x11_NIR_NOD,ESO-VLT-U2,"ECHELLE,SLIT,NODDING",["200193515"],IDP,XS_SFLX_200193515_2013-06-21T23:12:53.781_S0.9x11_NIR_NOD.fits,,,true
http://archive.eso.org/datalink/links?ID=ivo://eso.org/ID?ADP.2017-08-11T02:30:54.384,,SPECTRUM,SPECTRUM (FLUX CALIBRATED),XSHOOTER,La Silla Paranal APEX,Non-solar,56464.96725417,2013-06-21T23:12:50.760,30.0,"[gte:533.66, lte:1020.0]",8935.0,,["60.A-9022"],"["UVES TEAM, UVES TEAM"]","ESO, PHASE3",XSHOOTER,Hip065178,,2017-08-11T02:36:56.000,POSITION J2000 173.355279 -70.19402,173.355279,-70.19402,ADP.2017-08-11T02:30:54.384,1,2013-06-21T23:15:51.223,5897955,1330,,346.4,296.366809,-8.323154,,,,,,2,2013-06-21T23:16:06.227,56464.96951649,30.0,Hip065178_200193515_2013-06-21T23:12:50.760_S0.9x11_1x1_VIS_NOD,ESO-VLT-U2,"ECHELLE,SLIT,NODDING",["200193515"],IDP,XS_SFLX_200193515_2013-06-21T23:12:50.760_S0.9x11_1x1_VIS_NOD.fits,,,true
http://archive.eso.org/datalink/links?ID=ivo://eso.org/ID?ADP.2017-08-11T02:30:54.380,,SPECTRUM,SPECTRUM (FLUX CALIBRATED),XSHOOTER,La Silla Paranal APEX,Non-solar,56464.96719455,2013-06-21T23:12:45.610,18.0,"[gte:298.92, lte:555.98]",5453.0,,["60.A-9022"],"["UVES TEAM, UVES TEAM"]","ESO, PHASE3",XSHOOTER,Hip065178,,2017-08-11T02:36:56.000,POSITION J2000 173.355279 -70.19402,173.355279,-70.19402,ADP.2017-08-11T02:30:54.380,1,2013-06-21T23:15:46.543,5897954,731,,366.4,296.366808,-8.323154,,,,,,2,2013-06-21T23:15:55.053,56464.9693872,18.0,Hip065178_200193515_2013-06-21T23:12:45.610_S1.0x11_1x1_UVB_NOD,ESO-VLT-U2,"ECHELLE,SLIT,NODDING",["200193515"],IDP,XS_SFLX_200193515_2013-06-21T23:12:45.610_S1.0x11_1x1_UVB_NOD.fits,,,true
http://archive.eso.org/datalink/links?ID=ivo://eso.org/ID?ADP.2017-08-11T02:30:54.351,,SPECTRUM,SPECTRUM (FLUX CALIBRATED),XSHOOTER,La Silla Paranal APEX,Non-solar,56464.96284221,2013-06-21T23:06:29.567,60.0,"[gte:994.02, lte:2478.96]",5573.0,,["60.A-9022"],"["UVES TEAM, UVES TEAM"]","ESO, PHASE3",XSHOOTER,Hip065178,,2017-08-11T02:36:56.000,POSITION J2000 173.355279 -70.19402,173.355279,-70.19402,ADP.2017-08-11T02:30:54.351,1,2013-06-21T23:09:24.647,5897947,1356,,734.3,296.366809,-8.323154,,,,,,2,2013-06-21T23:09:54.647,56464.96521583,60.0,Hip065178_200193515_2013-06-21T23:06:29.567_S0.9x11_NIR_NOD,ESO-VLT-U2,"ECHELLE,SLIT,NODDING",["200193515"],IDP,XS_SFLX_200193515_2013-06-21T23:06:29.567_S0.9x11_NIR_NOD.fits,,,true
http://archive.eso.org/datalink/links?ID=ivo://eso.org/ID?ADP.2017-08-11T02:30:54.399,,SPECTRUM,SPECTRUM (FLUX CALIBRATED),XSHOOTER,La Silla Paranal APEX,Non-solar,56464.96280451,2013-06-21T23:06:26.310,10.0,"[gte:533.66, lte:1020.0]",8935.0,,["60.A-9022"],"["UVES TEAM, UVES TEAM"]","ESO, PHASE3",XSHOOTER,Hip065178,,2017-08-11T02:36:56.000,POSITION J2000 173.355279 -70.19402,173.355279,-70.19402,ADP.2017-08-11T02:30:54.399,1,2013-06-21T23:09:21.913,5897958,1330,,232.9,296.366809,-8.323154,,,,,,2,2013-06-21T23:09:26.913,56464.96489483,10.0,Hip065178_200193515_2013-06-21T23:06:26.310_S0.9x11_1x1_VIS_NOD,ESO-VLT-U2,"ECHELLE,SLIT,NODDING",["200193515"],IDP,XS_SFLX_200193515_2013-06-21T23:06:26.310_S0.9x11_1x1_VIS_NOD.fits,,,true
http://archive.eso.org/datalink/links?ID=ivo://eso.org/ID?ADP.2017-08-11T02:30:54.339,,SPECTRUM,SPECTRUM (FLUX CALIBRATED),XSHOOTER,La Silla Paranal APEX,Non-solar,56464.96274513,2013-06-21T23:06:21.180,6.0,"[gte:298.92, lte:555.98]",5453.0,,["60.A-9022"],"["UVES TEAM, UVES TEAM"]","ESO, PHASE3",XSHOOTER,Hip065178,,2017-08-11T02:36:56.000,POSITION J2000 173.355279 -70.19402,173.355279,-70.19402,ADP.2017-08-11T02:30:54.339,1,2013-06-21T23:09:16.713,5897944,731,,248.4,296.366808,-8.323154,,,,,,2,2013-06-21T23:09:19.713,56464.96481149,6.0,Hip065178_200193515_2013-06-21T23:06:21.180_S1.0x11_1x1_UVB_NOD,ESO-VLT-U2,"ECHELLE,SLIT,NODDING",["200193515"],IDP,XS_SFLX_200193515_2013-06-21T23:06:21.180_S1.0x11_1x1_UVB_NOD.fits,,,true
http://archive.eso.org/datalink/links?ID=ivo://eso.org/ID?ADP.2014-05-15T14:48:23.870,,SPECTRUM,SPECTRUM (FLUX CALIBRATED),XSHOOTER,La Silla Paranal APEX,Non-solar,55285.15874399,2010-03-30T03:48:35.480,1.0,"[gte:533.66, lte:1020.0]",18340.0,,["084.C-0952"],"["OUDMAIJER, R.D."]","ESO, PHASE3",XSHOOTER,HD-100546,,2014-05-15T00:00:00.000,POSITION J2000 173.354602 -70.1949,173.354602,-70.1949,ADP.2014-05-15T14:48:23.870,1,2011-04-09T13:13:51.780,438144,1321,,63.2,296.366854,-8.324062,,,,,,2,2010-03-30T03:48:36.480,55285.15875556,1.0,HD-100546_387954_2010-03-30T03:48:35.481_S0.4x11_1x1_VIS_STA,ESO-VLT-U2,"ECHELLE,SLIT,STARE",["387954"],IDP,XS_SFLX_387954_2010-03-30T03:48:35.481_S0.4x11_1x1_VIS_STA.fits,,,true
http://archive.eso.org/datalink/links?ID=ivo://eso.org/ID?ADP.2014-05-15T14:48:23.970,,SPECTRUM,SPECTRUM (FLUX CALIBRATED),XSHOOTER,La Silla Paranal APEX,Non-solar,55285.15858642,2010-03-30T03:48:21.867,1.0,"[gte:994.02, lte:2478.96]",11424.0,,["084.C-0952"],"["OUDMAIJER, R.D."]","ESO, PHASE3",XSHOOTER,HD-100546,,2014-05-15T00:00:00.000,POSITION J2000 173.354602 -70.1949,173.354602,-70.1949,ADP.2014-05-15T14:48:23.970,1,2011-04-09T13:13:51.757,438151,1350,,78.3,296.366855,-8.324063,,,,,,2,2010-03-30T03:48:22.867,55285.15859799,1.0,HD-100546_387954_2010-03-30T03:48:21.867_S0.4x11_NIR_STA,ESO-VLT-U2,"ECHELLE,SLIT,STARE",["387954"],IDP,XS_SFLX_387954_2010-03-30T03:48:21.867_S0.4x11_NIR_STA.fits,,,true
http://archive.eso.org/datalink/links?ID=ivo://eso.org/ID?ADP.2014-05-15T14:48:23.637,,SPECTRUM,SPECTRUM (FLUX CALIBRATED),XSHOOTER,La Silla Paranal APEX,Non-solar,55285.15849305,2010-03-30T03:48:13.800,1.0,"[gte:298.92, lte:555.98]",9861.0,,["084.C-0952"],"["OUDMAIJER, R.D."]","ESO, PHASE3",XSHOOTER,HD-100546,,2014-05-15T00:00:00.000,POSITION J2000 173.354602 -70.1949,173.354602,-70.1949,ADP.2014-05-15T14:48:23.637,1,2011-04-09T13:13:51.727,438139,725,,91.4,296.366854,-8.324062,,,,,,2,2010-03-30T03:48:14.800,55285.15850462,1.0,HD-100546_387954_2010-03-30T03:48:13.800_S0.5x11_1x1_UVB_STA,ESO-VLT-U2,"ECHELLE,SLIT,STARE",["387954"],IDP,XS_SFLX_387954_2010-03-30T03:48:13.800_S0.5x11_1x1_UVB_STA.fits,,,true
http://archive.eso.org/datalink/links?ID=ivo://eso.org/ID?ADP.2014-05-15T16:03:03.023,,SPECTRUM,SPECTRUM (FLUX CALIBRATED),XSHOOTER,La Silla Paranal APEX,Non-solar,55352.0222569,2010-06-05T00:32:02.997,30.0,"[gte:994.02, lte:2478.96]",11424.0,,["385.C-0131"],"["HUBRIG, S."]","ESO, PHASE3",XSHOOTER,HD100546_1,,2014-05-15T00:00:00.000,POSITION J2000 173.356398 -70.19401,173.356398,-70.19401,ADP.2014-05-15T16:03:03.023,1,2011-10-11T11:58:59.150,439050,1347,,272.1,296.367171,-8.323031,,,,,,2,2010-06-05T00:33:25.260,55352.02320902,30.0,HD100546_1_437428_2010-06-05T00:32:02.996_S0.4x11_NIR_NOD,ESO-VLT-U2,"ECHELLE,SLIT,NODDING",["437428"],IDP,XS_SFLX_437428_2010-06-05T00:32:02.996_S0.4x11_NIR_NOD.fits,,,true
http://archive.eso.org/datalink/links?ID=ivo://eso.org/ID?ADP.2014-05-15T16:03:02.537,,SPECTRUM,SPECTRUM (FLUX CALIBRATED),XSHOOTER,La Silla Paranal APEX,Non-solar,55352.02221812,2010-06-05T00:31:59.647,30.0,"[gte:533.66, lte:1020.0]",18340.0,,["385.C-0131"],"["HUBRIG, S."]","ESO, PHASE3",XSHOOTER,HD100546_1,,2014-05-15T00:00:00.000,POSITION J2000 173.356398 -70.19401,173.356398,-70.19401,ADP.2014-05-15T16:03:02.537,1,2011-10-11T11:58:59.130,439057,1319,,281.1,296.367171,-8.323031,,,,,,2,2010-06-05T00:33:22.293,55352.02317467,30.0,HD100546_1_437428_2010-06-05T00:31:59.646_S0.4x11_1x1_VIS_NOD,ESO-VLT-U2,"ECHELLE,SLIT,NODDING",["437428"],IDP,XS_SFLX_437428_2010-06-05T00:31:59.646_S0.4x11_1x1_VIS_NOD.fits,,,truehttp://archive.eso.org/datalink/links?ID=ivo://eso.org/ID?ADP.2014-05-15T14:48:23.903,,SPECTRUM,SPECTRUM (FLUX CALIBRATED),XSHOOTER,La Silla Paranal APEX,Non-solar,55285.17401637,2010-03-30T04:10:35.013,120.0,"[gte:994.02, lte:2478.96]",11424.0,,["084.C-0952"],"["OUDMAIJER, R.D."]","ESO, PHASE3",XSHOOTER,HD-101412,,2014-05-15T00:00:00.000,POSITION J2000 174.934609 -60.17364,174.934609,-60.17364,ADP.2014-05-15T14:48:23.903,1,2011-04-09T13:13:51.493,438161,1347,,125.9,294.123832,1.466119,,,,,,2,2010-03-30T04:17:23.877,55285.17874859,120.0,HD-101412_387952_2010-03-30T04:10:35.014_S0.4x11_NIR_NOD,ESO-VLT-U2,"ECHELLE,SLIT,NODDING",["387952"],IDP,XS_SFLX_387952_2010-03-30T04:10:35.014_S0.4x11_NIR_NOD.fits,,,true
http://archive.eso.org/datalink/links?ID=ivo://eso.org/ID?ADP.2014-05-15T14:48:23.957,,SPECTRUM,SPECTRUM (FLUX CALIBRATED),XSHOOTER,La Silla Paranal APEX,Non-solar,55285.1739834,2010-03-30T04:10:32.167,120.0,"[gte:533.66, lte:1020.0]",18340.0,,["084.C-0952"],"["OUDMAIJER, R.D."]","ESO, PHASE3",XSHOOTER,HD-101412,,2014-05-15T00:00:00.000,POSITION J2000 174.934609 -60.17364,174.934609,-60.17364,ADP.2014-05-15T14:48:23.957,1,2011-04-09T13:13:51.560,438142,1319,,216.3,294.123831,1.466119,,,,,,2,2010-03-30T04:18:05.793,55285.17923372,120.0,HD-101412_387952_2010-03-30T04:10:32.166_S0.4x11_1x1_VIS_NOD,ESO-VLT-U2,"ECHELLE,SLIT,NODDING",["387952"],IDP,XS_SFLX_387952_2010-03-30T04:10:32.166_S0.4x11_1x1_VIS_NOD.fits,,,true
http://archive.eso.org/datalink/links?ID=ivo://eso.org/ID?ADP.2014-05-15T14:48:24.090,,SPECTRUM,SPECTRUM (FLUX CALIBRATED),XSHOOTER,La Silla Paranal APEX,Non-solar,55285.17392356,2010-03-30T04:10:26.997,120.0,"[gte:298.92, lte:555.98]",9861.0,,["084.C-0952"],"["OUDMAIJER, R.D."]","ESO, PHASE3",XSHOOTER,HD-101412,,2014-05-15T00:00:00.000,POSITION J2000 174.934609 -60.17364,174.934609,-60.17364,ADP.2014-05-15T14:48:24.090,1,2011-04-09T13:13:51.537,438149,722,,262.5,294.123831,1.466119,,,,,,2,2010-03-30T04:17:59.533,55285.17916126,120.0,HD-101412_387952_2010-03-30T04:10:26.996_S0.5x11_1x1_UVB_NOD,ESO-VLT-U2,"ECHELLE,SLIT,NODDING",["387952"],IDP,XS_SFLX_387952_2010-03-30T04:10:26.996_S0.5x11_1x1_UVB_NOD.fits,,,true
http://archive.eso.org/datalink/links?ID=ivo://eso.org/ID?ADP.2014-05-26T14:15:52.293,,SPECTRUM,SPECTRUM (FLUX CALIBRATED),XSHOOTER,La Silla Paranal APEX,Non-solar,56693.3138603,2014-02-05T07:31:57.530,720.0,"[gte:994.02, lte:2478.96]",11424.0,,["092.C-0126"],"["SCHOELLER, MARKUS"]","ESO, PHASE3",XSHOOTER,HD101412,,2014-05-26T00:00:00.000,POSITION J2000 174.934579 -60.1737,174.934579,-60.1737,ADP.2014-05-26T14:15:52.293,1,2015-02-05T09:01:27.397,469609,1350,,393.9,294.123834,1.466058,,,,,,2,2014-02-05T07:44:38.463,56693.32266741,720.0,HD101412_984325_2014-02-05T07:31:57.530_S0.4x11_NIR_NOD,ESO-VLT-U3,"ECHELLE,SLIT,NODDING",["984325"],IDP,XS_SFLX_984325_2014-02-05T07:31:57.530_S0.4x11_NIR_NOD.fits,,,true
http://archive.eso.org/datalink/links?ID=ivo://eso.org/ID?ADP.2014-05-26T14:15:52.027,,SPECTRUM,SPECTRUM (FLUX CALIBRATED),XSHOOTER,La Silla Paranal APEX,Non-solar,56693.31382657,2014-02-05T07:31:54.617,600.0,"[gte:533.66, lte:1020.0]",18340.0,,["092.C-0126"],"["SCHOELLER, MARKUS"]","ESO, PHASE3",XSHOOTER,HD101412,,2014-05-26T00:00:00.000,POSITION J2000 174.934579 -60.1737,174.934579,-60.1737,ADP.2014-05-26T14:15:52.027,1,2015-02-05T09:01:27.397,469604,1321,,450.7,294.123833,1.466057,,,,,,2,2014-02-05T07:44:19.167,56693.32244404,600.0,HD101412_984325_2014-02-05T07:31:54.617_S0.4x11_1x1_VIS_NOD,ESO-VLT-U3,"ECHELLE,SLIT,NODDING",["984325"],IDP,XS_SFLX_984325_2014-02-05T07:31:54.617_S0.4x11_1x1_VIS_NOD.fits,,,true
http://archive.eso.org/datalink/links?ID=ivo://eso.org/ID?ADP.2014-05-26T14:15:52.267,,SPECTRUM,SPECTRUM (FLUX CALIBRATED),XSHOOTER,La Silla Paranal APEX,Non-solar,56693.31376569,2014-02-05T07:31:49.357,640.0,"[gte:298.92, lte:555.98]",9861.0,,["092.C-0126"],"["SCHOELLER, MARKUS"]","ESO, PHASE3",XSHOOTER,HD101412,,2014-05-26T00:00:00.000,POSITION J2000 174.934579 -60.1737,174.934579,-60.1737,ADP.2014-05-26T14:15:52.267,1,2015-02-05T09:01:27.397,469617,725,,554.2,294.123833,1.466057,,,,,,2,2014-02-05T07:44:35.417,56693.32263213,640.0,HD101412_984325_2014-02-05T07:31:49.356_S0.5x11_1x1_UVB_NOD,ESO-VLT-U3,"ECHELLE,SLIT,NODDING",["984325"],IDP,XS_SFLX_984325_2014-02-05T07:31:49.356_S0.5x11_1x1_UVB_NOD.fits,,,true
http://archive.eso.org/datalink/links?ID=ivo://eso.org/ID?ADP.2014-05-15T16:03:02.843,,SPECTRUM,SPECTRUM (FLUX CALIBRATED),XSHOOTER,La Silla Paranal APEX,Non-solar,55351.99164213,2010-06-04T23:47:57.880,220.0,"[gte:994.02, lte:2478.96]",11424.0,,["385.C-0131"],"["HUBRIG, S."]","ESO, PHASE3",XSHOOTER,HD101412_1,,2014-05-15T00:00:00.000,POSITION J2000 174.934887 -60.17358,174.934887,-60.17358,ADP.2014-05-15T16:03:02.843,1,2011-10-11T11:59:03.140,439055,1347,,339.6,294.123948,1.466215,,,,,,2,2010-06-04T23:52:30.503,55351.99479749,220.0,HD101412_1_437433_2010-06-04T23:47:57.880_S0.4x11_NIR_NOD,ESO-VLT-U2,"ECHELLE,SLIT,NODDING",["437433"],IDP,XS_SFLX_437433_2010-06-04T23:47:57.880_S0.4x11_NIR_NOD.fits,,,true
http://archive.eso.org/datalink/links?ID=ivo://eso.org/ID?ADP.2014-05-15T16:03:02.810,,SPECTRUM,SPECTRUM (FLUX CALIBRATED),XSHOOTER,La Silla Paranal APEX,Non-solar,55351.99160801,2010-06-04T23:47:54.933,220.0,"[gte:533.66, lte:1020.0]",18340.0,,["385.C-0131"],"["HUBRIG, S."]","ESO, PHASE3",XSHOOTER,HD101412_1,,2014-05-15T00:00:00.000,POSITION J2000 174.934887 -60.17358,174.934887,-60.17358,ADP.2014-05-15T16:03:02.810,1,2011-10-11T11:59:03.110,439074,1319,,299.6,294.123948,1.466214,,,,,,2,2010-06-04T23:52:27.777,55351.99476593,220.0,HD101412_1_437433_2010-06-04T23:47:54.932_S0.4x11_1x1_VIS_NOD,ESO-VLT-U2,"ECHELLE,SLIT,NODDING",["437433"],IDP,XS_SFLX_437433_2010-06-04T23:47:54.932_S0.4x11_1x1_VIS_NOD.fits,,,true
http://archive.eso.org/datalink/links?ID=ivo://eso.org/ID?ADP.2014-05-15T16:03:02.410,,SPECTRUM,SPECTRUM (FLUX CALIBRATED),XSHOOTER,La Silla Paranal APEX,Non-solar,55351.99154829,2010-06-04T23:47:49.773,220.0,"[gte:298.92, lte:555.98]",9861.0,,["385.C-0131"],"["HUBRIG, S."]","ESO, PHASE3",XSHOOTER,HD101412_1,,2014-05-15T00:00:00.000,POSITION J2000 174.934887 -60.17358,174.934887,-60.17358,ADP.2014-05-15T16:03:02.410,1,2011-10-11T11:59:03.083,439066,722,,385.0,294.123948,1.466214,,,,,,2,2010-06-04T23:52:22.527,55351.99470516,220.0,HD101412_1_437433_2010-06-04T23:47:49.772_S0.5x11_1x1_UVB_NOD,ESO-VLT-U2,"ECHELLE,SLIT,NODDING",["437433"],IDP,XS_SFLX_437433_2010-06-04T23:47:49.772_S0.5x11_1x1_UVB_NOD.fits,,,true
http://archive.eso.org/datalink/links?ID=ivo://eso.org/ID?ADP.2014-05-17T08:33:56.920,,SPECTRUM,SPECTRUM (FLUX CALIBRATED),XSHOOTER,La Silla Paranal APEX,Non-solar,55948.35312655,2012-01-22T08:28:30.133,16.0,"[gte:994.02, lte:2478.96]",1029.0,,["088.C-0218"],"["MENDIGUTIA, IGNACIO"]","ESO, PHASE3",XSHOOTER,HD-101412,,2014-05-17T00:00:00.000,POSITION J2000 174.935113 -60.17391,174.935113,-60.17391,ADP.2014-05-17T08:33:56.920,1,2013-04-20T14:22:18.773,455085,1347,,52.9,294.124147,1.465928,,,,,,2,2012-01-22T08:30:01.163,55948.35418012,16.0,HD-101412_586489_2012-01-22T08:28:30.134_S5.0x11_NIR_NOD,ESO-VLT-U2,"ECHELLE,SLIT,NODDING",["586489"],IDP,XS_SFLX_586489_2012-01-22T08:28:30.134_S5.0x11_NIR_NOD.fits,,,true
http://archive.eso.org/datalink/links?ID=ivo://eso.org/ID?ADP.2014-05-17T08:33:56.753,,SPECTRUM,SPECTRUM (FLUX CALIBRATED),XSHOOTER,La Silla Paranal APEX,Non-solar,55948.35308947,2012-01-22T08:28:26.930,20.0,"[gte:533.66, lte:1020.0]",1512.0,,["088.C-0218"],"["MENDIGUTIA, IGNACIO"]","ESO, PHASE3",XSHOOTER,HD-101412,,2014-05-17T00:00:00.000,POSITION J2000 174.935113 -60.17391,174.935113,-60.17391,ADP.2014-05-17T08:33:56.753,1,2013-04-20T14:22:18.773,455084,1319,,318.9,294.124147,1.465928,,,,,,2,2012-01-22T08:29:59.527,55948.3541612,20.0,HD-101412_586489_2012-01-22T08:28:26.931_S5.0x11_2x2_VIS_NOD,ESO-VLT-U2,"ECHELLE,SLIT,NODDING",["586489"],IDP,XS_SFLX_586489_2012-01-22T08:28:26.931_S5.0x11_2x2_VIS_NOD.fits,,,true
http://archive.eso.org/datalink/links?ID=ivo://eso.org/ID?ADP.2014-05-17T08:33:56.780,,SPECTRUM,SPECTRUM (FLUX CALIBRATED),XSHOOTER,La Silla Paranal APEX,Non-solar,55948.35302535,2012-01-22T08:28:21.390,12.0,"[gte:298.92, lte:555.98]",1040.0,,["088.C-0218"],"["MENDIGUTIA, IGNACIO"]","ESO, PHASE3",XSHOOTER,HD-101412,,2014-05-17T00:00:00.000,POSITION J2000 174.935113 -60.17391,174.935113,-60.17391,ADP.2014-05-17T08:33:56.780,1,2013-04-20T14:22:18.773,455092,722,,299.3,294.124146,1.465928,,,,,,2,2012-01-22T08:29:52.377,55948.35407844,12.0,HD-101412_586489_2012-01-22T08:28:21.390_S5.0x11_2x2_UVB_NOD,ESO-VLT-U2,"ECHELLE,SLIT,NODDING",["586489"],IDP,XS_SFLX_586489_2012-01-22T08:28:21.390_S5.0x11_2x2_UVB_NOD.fits,,,true
http://archive.eso.org/datalink/links?ID=ivo://eso.org/ID?ADP.2014-05-17T08:33:56.853,,SPECTRUM,SPECTRUM (FLUX CALIBRATED),XSHOOTER,La Silla Paranal APEX,Non-solar,55948.34979209,2012-01-22T08:23:42.037,40.0,"[gte:994.02, lte:2478.96]",5573.0,,["088.C-0218"],"["MENDIGUTIA, IGNACIO"]","ESO, PHASE3",XSHOOTER,HD-101412,,2014-05-17T00:00:00.000,POSITION J2000 174.935113 -60.17391,174.935113,-60.17391,ADP.2014-05-17T08:33:56.853,1,2013-04-20T14:22:18.773,455089,1347,,88.5,294.124147,1.465928,,,,,,2,2012-01-22T08:26:50.143,55948.35196924,40.0,HD-101412_586489_2012-01-22T08:23:42.037_S0.9x11_NIR_NOD,ESO-VLT-U2,"ECHELLE,SLIT,NODDING",["586489"],IDP,XS_SFLX_586489_2012-01-22T08:23:42.037_S0.9x11_NIR_NOD.fits,,,true
http://archive.eso.org/datalink/links?ID=ivo://eso.org/ID?ADP.2014-05-17T08:33:56.960,,SPECTRUM,SPECTRUM (FLUX CALIBRATED),XSHOOTER,La Silla Paranal APEX,Non-solar,55948.34976154,2012-01-22T08:23:39.397,80.0,"[gte:533.66, lte:1020.0]",8935.0,,["088.C-0218"],"["MENDIGUTIA, IGNACIO"]","ESO, PHASE3",XSHOOTER,HD-101412,,2014-05-17T00:00:00.000,POSITION J2000 174.935113 -60.17391,174.935113,-60.17391,ADP.2014-05-17T08:33:56.960,1,2013-04-20T14:22:18.773,455088,1319,,224.6,294.124147,1.465928,,,,,,2,2012-01-22T08:26:57.573,55948.35205523,80.0,HD-101412_586489_2012-01-22T08:23:39.398_S0.9x11_1x1_VIS_NOD,ESO-VLT-U2,"ECHELLE,SLIT,NODDING",["586489"],IDP,XS_SFLX_586489_2012-01-22T08:23:39.398_S0.9x11_1x1_VIS_NOD.fits,,,true
http://archive.eso.org/datalink/links?ID=ivo://eso.org/ID?ADP.2014-05-17T08:33:56.787,,SPECTRUM,SPECTRUM (FLUX CALIBRATED),XSHOOTER,La Silla Paranal APEX,Non-solar,55948.34970159,2012-01-22T08:23:34.217,32.0,"[gte:298.92, lte:555.98]",3251.0,,["088.C-0218"],"["MENDIGUTIA, IGNACIO"]","ESO, PHASE3",XSHOOTER,HD-101412,,2014-05-17T00:00:00.000,POSITION J2000 174.935113 -60.17391,174.935113,-60.17391,ADP.2014-05-17T08:33:56.787,1,2013-04-20T14:22:18.773,455086,722,,208.5,294.124146,1.465928,,,,,,2,2012-01-22T08:26:40.383,55948.35185626,32.0,HD-101412_586489_2012-01-22T08:23:34.217_S1.6x11_1x1_UVB_NOD,ESO-VLT-U2,"ECHELLE,SLIT,NODDING",["586489"],IDP,XS_SFLX_586489_2012-01-22T08:23:34.217_S1.6x11_1x1_UVB_NOD.fits,,,true
http://archive.eso.org/datalink/links?ID=ivo://eso.org/ID?ADP.2014-05-17T23:42:16.317,,SPECTRUM,SPECTRUM (FLUX CALIBRATED),XSHOOTER,La Silla Paranal APEX,Non-solar,56649.333498,2013-12-23T08:00:14.227,720.0,"[gte:994.02, lte:2478.96]",11424.0,,["092.C-0126"],"["SCHOELLER, MARKUS"]","ESO, PHASE3",XSHOOTER,HD101412,,2014-05-17T00:00:00.000,POSITION J2000 174.933947 -60.17405,174.933947,-60.17405,ADP.2014-05-17T23:42:16.317,1,2014-12-23T09:26:13.703,467770,1350,,527.0,294.123627,1.465635,,,,,,2,2013-12-23T08:13:11.827,56649.34249799,720.0,HD101412_984307_2013-12-23T08:00:14.227_S0.4x11_NIR_NOD,ESO-VLT-U3,"ECHELLE,SLIT,NODDING",["984307"],IDP,XS_SFLX_984307_2013-12-23T08:00:14.227_S0.4x11_NIR_NOD.fits,,,true
http://archive.eso.org/datalink/links?ID=ivo://eso.org/ID?ADP.2014-05-17T23:42:16.290,,SPECTRUM,SPECTRUM (FLUX CALIBRATED),XSHOOTER,La Silla Paranal APEX,Non-solar,56649.3334605,2013-12-23T08:00:10.987,720.0,"[gte:533.66, lte:1020.0]",18340.0,,["092.C-0126"],"["SCHOELLER, MARKUS"]","ESO, PHASE3",XSHOOTER,HD101412,,2014-05-17T00:00:00.000,POSITION J2000 174.933947 -60.17405,174.933947,-60.17405,ADP.2014-05-17T23:42:16.290,1,2014-12-23T09:26:13.703,467779,1321,,586.4,294.123627,1.465634,,,,,,2,2013-12-23T08:13:08.793,56649.34246287,720.0,HD101412_984307_2013-12-23T08:00:10.987_S0.4x11_1x1_VIS_NOD,ESO-VLT-U3,"ECHELLE,SLIT,NODDING",["984307"],IDP,XS_SFLX_984307_2013-12-23T08:00:10.987_S0.4x11_1x1_VIS_NOD.fits,,,true
http://archive.eso.org/datalink/links?ID=ivo://eso.org/ID?ADP.2014-05-17T23:42:16.577,,SPECTRUM,SPECTRUM (FLUX CALIBRATED),XSHOOTER,La Silla Paranal APEX,Non-solar,56649.33339683,2013-12-23T08:00:05.487,720.0,"[gte:298.92, lte:555.98]",9861.0,,["092.C-0126"],"["SCHOELLER, MARKUS"]","ESO, PHASE3",XSHOOTER,HD101412,,2014-05-17T00:00:00.000,POSITION J2000 174.933947 -60.17405,174.933947,-60.17405,ADP.2014-05-17T23:42:16.577,1,2014-12-23T09:26:13.703,467775,725,,653.9,294.123627,1.465634,,,,,,2,2013-12-23T08:13:30.180,56649.3427104,720.0,HD101412_984307_2013-12-23T08:00:05.487_S0.5x11_1x1_UVB_NOD,ESO-VLT-U3,"ECHELLE,SLIT,NODDING",["984307"],IDP,XS_SFLX_984307_2013-12-23T08:00:05.487_S0.5x11_1x1_UVB_NOD.fits,,,true
http://archive.eso.org/datalink/links?ID=ivo://eso.org/ID?ADP.2014-05-17T08:52:26.280,,SPECTRUM,SPECTRUM (FLUX CALIBRATED),XSHOOTER,La Silla Paranal APEX,Non-solar,55978.20178386,2012-02-21T04:50:34.127,16.0,"[gte:994.02, lte:2478.96]",1029.0,,["088.C-0218"],"["MENDIGUTIA, IGNACIO"]","ESO, PHASE3",XSHOOTER,HD-101412,,2014-05-17T00:00:00.000,POSITION J2000 174.934326 -60.17416,174.934326,-60.17416,ADP.2014-05-17T08:52:26.280,1,2013-04-20T14:22:08.607,455346,1347,,47.2,294.123839,1.465581,,,,,,2,2012-02-21T04:52:03.157,55978.20281432,16.0,HD-101412_586460_2012-02-21T04:50:34.126_S5.0x11_NIR_NOD,ESO-VLT-U2,"ECHELLE,SLIT,NODDING",["586460"],IDP,XS_SFLX_586460_2012-02-21T04:50:34.126_S5.0x11_NIR_NOD.fits,,,true
http://archive.eso.org/datalink/links?ID=ivo://eso.org/ID?ADP.2014-05-17T08:52:26.027,,SPECTRUM,SPECTRUM (FLUX CALIBRATED),XSHOOTER,La Silla Paranal APEX,Non-solar,55978.20175079,2012-02-21T04:50:31.267,20.0,"[gte:533.66, lte:1020.0]",1512.0,,["088.C-0218"],"["MENDIGUTIA, IGNACIO"]","ESO, PHASE3",XSHOOTER,HD-101412,,2014-05-17T00:00:00.000,POSITION J2000 174.934326 -60.17416,174.934326,-60.17416,ADP.2014-05-17T08:52:26.027,1,2013-04-20T14:22:08.607,455367,1319,,306.9,294.123839,1.465581,,,,,,2,2012-02-21T04:52:01.477,55978.20279485,20.0,HD-101412_586460_2012-02-21T04:50:31.268_S5.0x11_2x2_VIS_NOD,ESO-VLT-U2,"ECHELLE,SLIT,NODDING",["586460"],IDP,XS_SFLX_586460_2012-02-21T04:50:31.268_S5.0x11_2x2_VIS_NOD.fits,,,true
http://archive.eso.org/datalink/links?ID=ivo://eso.org/ID?ADP.2014-05-17T08:52:26.747,,SPECTRUM,SPECTRUM (FLUX CALIBRATED),XSHOOTER,La Silla Paranal APEX,Non-solar,55978.20169095,2012-02-21T04:50:26.097,12.0,"[gte:298.92, lte:555.98]",1040.0,,["088.C-0218"],"["MENDIGUTIA, IGNACIO"]","ESO, PHASE3",XSHOOTER,HD-101412,,2014-05-17T00:00:00.000,POSITION J2000 174.934326 -60.17416,174.934326,-60.17416,ADP.2014-05-17T08:52:26.747,1,2013-04-20T14:22:08.607,455362,722,,298.1,294.123838,1.46558,,,,,,2,2012-02-21T04:51:54.297,55978.20271174,12.0,HD-101412_586460_2012-02-21T04:50:26.098_S5.0x11_2x2_UVB_NOD,ESO-VLT-U2,"ECHELLE,SLIT,NODDING",["586460"],IDP,XS_SFLX_586460_2012-02-21T04:50:26.098_S5.0x11_2x2_UVB_NOD.fits,,,true
http://archive.eso.org/datalink/links?ID=ivo://eso.org/ID?ADP.2014-05-17T08:52:26.080,,SPECTRUM,SPECTRUM (FLUX CALIBRATED),XSHOOTER,La Silla Paranal APEX,Non-solar,55978.19853869,2012-02-21T04:45:53.743,40.0,"[gte:994.02, lte:2478.96]",5573.0,,["088.C-0218"],"["MENDIGUTIA, IGNACIO"]","ESO, PHASE3",XSHOOTER,HD-101412,,2014-05-17T00:00:00.000,POSITION J2000 174.934326 -60.17416,174.934326,-60.17416,ADP.2014-05-17T08:52:26.080,1,2013-04-20T14:22:08.607,455364,1347,,97.8,294.123839,1.465581,,,,,,2,2012-02-21T04:48:58.323,55978.20067502,40.0,HD-101412_586460_2012-02-21T04:45:53.743_S0.9x11_NIR_NOD,ESO-VLT-U2,"ECHELLE,SLIT,NODDING",["586460"],IDP,XS_SFLX_586460_2012-02-21T04:45:53.743_S0.9x11_NIR_NOD.fits,,,true
http://archive.eso.org/datalink/links?ID=ivo://eso.org/ID?ADP.2014-05-17T08:52:26.567,,SPECTRUM,SPECTRUM (FLUX CALIBRATED),XSHOOTER,La Silla Paranal APEX,Non-solar,55978.19850052,2012-02-21T04:45:50.447,80.0,"[gte:533.66, lte:1020.0]",8935.0,,["088.C-0218"],"["MENDIGUTIA, IGNACIO"]","ESO, PHASE3",XSHOOTER,HD-101412,,2014-05-17T00:00:00.000,POSITION J2000 174.934326 -60.17416,174.934326,-60.17416,ADP.2014-05-17T08:52:26.567,1,2013-04-20T14:22:08.607,455374,1319,,248.4,294.123839,1.465581,,,,,,2,2012-02-21T04:49:05.560,55978.20075879,80.0,HD-101412_586460_2012-02-21T04:45:50.446_S0.9x11_1x1_VIS_NOD,ESO-VLT-U2,"ECHELLE,SLIT,NODDING",["586460"],IDP,XS_SFLX_586460_2012-02-21T04:45:50.446_S0.9x11_1x1_VIS_NOD.fits,,,true
http://archive.eso.org/datalink/links?ID=ivo://eso.org/ID?ADP.2014-05-17T08:52:26.367,,SPECTRUM,SPECTRUM (FLUX CALIBRATED),XSHOOTER,La Silla Paranal APEX,Non-solar,55978.19844068,2012-02-21T04:45:45.277,32.0,"[gte:298.92, lte:555.98]",3251.0,,["088.C-0218"],"["MENDIGUTIA, IGNACIO"]","ESO, PHASE3",XSHOOTER,HD-101412,,2014-05-17T00:00:00.000,POSITION J2000 174.934326 -60.17416,174.934326,-60.17416,ADP.2014-05-17T08:52:26.367,1,2013-04-20T14:22:08.607,455352,722,,232.5,294.123838,1.46558,,,,,,2,2012-02-21T04:48:48.320,55978.20055925,32.0,HD-101412_586460_2012-02-21T04:45:45.275_S1.6x11_1x1_UVB_NOD,ESO-VLT-U2,"ECHELLE,SLIT,NODDING",["586460"],IDP,XS_SFLX_586460_2012-02-21T04:45:45.275_S1.6x11_1x1_UVB_NOD.fits,,,true
http://archive.eso.org/datalink/links?ID=ivo://eso.org/ID?ADP.2014-05-17T09:23:58.133,,SPECTRUM,SPECTRUM (FLUX CALIBRATED),XSHOOTER,La Silla Paranal APEX,Non-solar,56010.2642375,2012-03-24T06:20:30.120,16.0,"[gte:994.02, lte:2478.96]",1029.0,,["088.C-0218"],"["MENDIGUTIA, IGNACIO"]","ESO, PHASE3",XSHOOTER,HD-101412,,2014-05-17T00:00:00.000,POSITION J2000 174.93569 -60.17384,174.93569,-60.17384,ADP.2014-05-17T09:23:58.133,1,2013-06-01T05:23:15.437,455756,1347,,46.2,294.124404,1.466074,,,,,,2,2012-03-24T06:22:01.820,56010.26529883,16.0,HD-101412_586547_2012-03-24T06:20:30.120_S5.0x11_NIR_NOD,ESO-VLT-U2,"ECHELLE,SLIT,NODDING",["586547"],IDP,XS_SFLX_586547_2012-03-24T06:20:30.120_S5.0x11_NIR_NOD.fits,,,true
http://archive.eso.org/datalink/links?ID=ivo://eso.org/ID?ADP.2014-05-17T09:23:58.273,,SPECTRUM,SPECTRUM (FLUX CALIBRATED),XSHOOTER,La Silla Paranal APEX,Non-solar,56010.26420678,2012-03-24T06:20:27.467,20.0,"[gte:533.66, lte:1020.0]",1512.0,,["088.C-0218"],"["MENDIGUTIA, IGNACIO"]","ESO, PHASE3",XSHOOTER,HD-101412,,2014-05-17T00:00:00.000,POSITION J2000 174.93569 -60.17384,174.93569,-60.17384,ADP.2014-05-17T09:23:58.273,1,2013-06-01T08:03:18.937,455761,1319,,307.9,294.124404,1.466074,,,,,,2,2012-03-24T06:21:59.683,56010.2652741,20.0,HD-101412_586547_2012-03-24T06:20:27.466_S5.0x11_2x2_VIS_NOD,ESO-VLT-U2,"ECHELLE,SLIT,NODDING",["586547"],IDP,XS_SFLX_586547_2012-03-24T06:20:27.466_S5.0x11_2x2_VIS_NOD.fits,,,true
http://archive.eso.org/datalink/links?ID=ivo://eso.org/ID?ADP.2014-05-17T09:23:58.453,,SPECTRUM,SPECTRUM (FLUX CALIBRATED),XSHOOTER,La Silla Paranal APEX,Non-solar,56010.26414693,2012-03-24T06:20:22.297,12.0,"[gte:298.92, lte:555.98]",1040.0,,["088.C-0218"],"["MENDIGUTIA, IGNACIO"]","ESO, PHASE3",XSHOOTER,HD-101412,,2014-05-17T00:00:00.000,POSITION J2000 174.93569 -60.17384,174.93569,-60.17384,ADP.2014-05-17T09:23:58.453,1,2013-06-01T09:04:53.420,455765,722,,292.9,294.124403,1.466074,,,,,,2,2012-03-24T06:21:52.503,56010.265191,12.0,HD-101412_586547_2012-03-24T06:20:22.296_S5.0x11_2x2_UVB_NOD,ESO-VLT-U2,"ECHELLE,SLIT,NODDING",["586547"],IDP,XS_SFLX_586547_2012-03-24T06:20:22.296_S5.0x11_2x2_UVB_NOD.fits,,,true
http://archive.eso.org/datalink/links?ID=ivo://eso.org/ID?ADP.2014-05-17T09:23:58.060,,SPECTRUM,SPECTRUM (FLUX CALIBRATED),XSHOOTER,La Silla Paranal APEX,Non-solar,56010.26095207,2012-03-24T06:15:46.260,40.0,"[gte:994.02, lte:2478.96]",5573.0,,["088.C-0218"],"["MENDIGUTIA, IGNACIO"]","ESO, PHASE3",XSHOOTER,HD-101412,,2014-05-17T00:00:00.000,POSITION J2000 174.93569 -60.17384,174.93569,-60.17384,ADP.2014-05-17T09:23:58.060,1,2013-06-01T09:21:24.663,455779,1347,,93.7,294.124404,1.466074,,,,,,2,2012-03-24T06:18:54.367,56010.26312924,40.0,HD-101412_586547_2012-03-24T06:15:46.259_S0.9x11_NIR_NOD,ESO-VLT-U2,"ECHELLE,SLIT,NODDING",["586547"],IDP,XS_SFLX_586547_2012-03-24T06:15:46.259_S0.9x11_NIR_NOD.fits,,,true
http://archive.eso.org/datalink/links?ID=ivo://eso.org/ID?ADP.2014-05-17T09:23:58.580,,SPECTRUM,SPECTRUM (FLUX CALIBRATED),XSHOOTER,La Silla Paranal APEX,Non-solar,56010.26091287,2012-03-24T06:15:42.873,80.0,"[gte:533.66, lte:1020.0]",8935.0,,["088.C-0218"],"["MENDIGUTIA, IGNACIO"]","ESO, PHASE3",XSHOOTER,HD-101412,,2014-05-17T00:00:00.000,POSITION J2000 174.93569 -60.17384,174.93569,-60.17384,ADP.2014-05-17T09:23:58.580,1,2013-06-01T07:16:10.320,455777,1319,,259.5,294.124404,1.466074,,,,,,2,2012-03-24T06:19:01.727,56010.26321443,80.0,HD-101412_586547_2012-03-24T06:15:42.872_S0.9x11_1x1_VIS_NOD,ESO-VLT-U2,"ECHELLE,SLIT,NODDING",["586547"],IDP,XS_SFLX_586547_2012-03-24T06:15:42.872_S0.9x11_1x1_VIS_NOD.fits,,,true
http://archive.eso.org/datalink/links?ID=ivo://eso.org/ID?ADP.2014-05-17T09:23:58.183,,SPECTRUM,SPECTRUM (FLUX CALIBRATED),XSHOOTER,La Silla Paranal APEX,Non-solar,56010.26085256,2012-03-24T06:15:37.663,32.0,"[gte:298.92, lte:555.98]",3251.0,,["088.C-0218"],"["MENDIGUTIA, IGNACIO"]","ESO, PHASE3",XSHOOTER,HD-101412,,2014-05-17T00:00:00.000,POSITION J2000 174.93569 -60.17384,174.93569,-60.17384,ADP.2014-05-17T09:23:58.183,1,2013-06-01T09:02:31.023,455768,722,,229.8,294.124403,1.466074,,,,,,2,2012-03-24T06:18:44.507,56010.26301512,32.0,HD-101412_586547_2012-03-24T06:15:37.662_S1.6x11_1x1_UVB_NOD,ESO-VLT-U2,"ECHELLE,SLIT,NODDING",["586547"],IDP,XS_SFLX_586547_2012-03-24T06:15:37.662_S1.6x11_1x1_UVB_NOD.fits,,,true
http://archive.eso.org/datalink/links?ID=ivo://eso.org/ID?ADP.2014-05-23T08:11:36.473,,SPECTRUM,SPECTRUM (FLUX CALIBRATED),XSHOOTER,La Silla Paranal APEX,Non-solar,56666.29961093,2014-01-09T07:11:26.383,720.0,"[gte:994.02, lte:2478.96]",11424.0,,["092.C-0126"],"["SCHOELLER, MARKUS"]","ESO, PHASE3",XSHOOTER,HD101412,,2014-05-23T00:00:00.000,POSITION J2000 174.933762 -60.17412,174.933762,-60.17412,ADP.2014-05-23T08:11:36.473,1,2015-01-09T12:16:06.893,469244,1350,,377.8,294.123558,1.465542,,,,,,2,2014-01-09T07:24:30.647,56666.30868804,720.0,HD101412_984310_2014-01-09T07:11:26.384_S0.4x11_NIR_NOD,ESO-VLT-U3,"ECHELLE,SLIT,NODDING",["984310"],IDP,XS_SFLX_984310_2014-01-09T07:11:26.384_S0.4x11_NIR_NOD.fits,,,true
http://archive.eso.org/datalink/links?ID=ivo://eso.org/ID?ADP.2014-05-23T08:11:36.460,,SPECTRUM,SPECTRUM (FLUX CALIBRATED),XSHOOTER,La Silla Paranal APEX,Non-solar,56666.29957897,2014-01-09T07:11:23.623,720.0,"[gte:533.66, lte:1020.0]",18340.0,,["092.C-0126"],"["SCHOELLER, MARKUS"]","ESO, PHASE3",XSHOOTER,HD101412,,2014-05-23T00:00:00.000,POSITION J2000 174.933762 -60.17412,174.933762,-60.17412,ADP.2014-05-23T08:11:36.460,1,2015-01-09T12:16:06.893,469245,1321,,446.1,294.123557,1.465542,,,,,,2,2014-01-09T07:24:27.857,56666.30865576,720.0,HD101412_984310_2014-01-09T07:11:23.624_S0.4x11_1x1_VIS_NOD,ESO-VLT-U3,"ECHELLE,SLIT,NODDING",["984310"],IDP,XS_SFLX_984310_2014-01-09T07:11:23.624_S0.4x11_1x1_VIS_NOD.fits,,,true
http://archive.eso.org/datalink/links?ID=ivo://eso.org/ID?ADP.2014-05-23T08:11:36.273,,SPECTRUM,SPECTRUM (FLUX CALIBRATED),XSHOOTER,La Silla Paranal APEX,Non-solar,56666.2995189,2014-01-09T07:11:18.433,720.0,"[gte:298.92, lte:555.98]",9861.0,,["092.C-0126"],"["SCHOELLER, MARKUS"]","ESO, PHASE3",XSHOOTER,HD101412,,2014-05-23T00:00:00.000,POSITION J2000 174.933762 -60.17412,174.933762,-60.17412,ADP.2014-05-23T08:11:36.273,1,2015-01-09T12:16:06.893,469240,725,,522.2,294.123557,1.465542,,,,,,2,2014-01-09T07:24:47.867,56666.30888732,720.0,HD101412_984310_2014-01-09T07:11:18.433_S0.5x11_1x1_UVB_NOD,ESO-VLT-U3,"ECHELLE,SLIT,NODDING",["984310"],IDP,XS_SFLX_984310_2014-01-09T07:11:18.433_S0.5x11_1x1_UVB_NOD.fits,,,true
http://archive.eso.org/datalink/links?ID=ivo://eso.org/ID?ADP.2014-05-15T14:48:24.557,,SPECTRUM,SPECTRUM (FLUX CALIBRATED),XSHOOTER,La Silla Paranal APEX,Non-solar,55285.17330509,2010-03-30T04:09:33.560,1.0,"[gte:994.02, lte:2478.96]",11424.0,,["084.C-0952"],"["OUDMAIJER, R.D."]","ESO, PHASE3",XSHOOTER,HD-101412,,2014-05-15T00:00:00.000,POSITION J2000 174.934482 -60.17432,174.934482,-60.17432,ADP.2014-05-15T14:48:24.557,1,2011-04-09T13:13:50.967,438143,1350,,9.2,294.123957,1.465448,,,,,,2,2010-03-30T04:09:34.560,55285.17331666,1.0,HD-101412_387952_2010-03-30T04:09:33.560_S0.4x11_NIR_STA,ESO-VLT-U2,"ECHELLE,SLIT,STARE",["387952"],IDP,XS_SFLX_387952_2010-03-30T04:09:33.560_S0.4x11_NIR_STA.fits,,,true
http://archive.eso.org/datalink/links?ID=ivo://eso.org/ID?ADP.2014-05-15T14:48:24.510,,SPECTRUM,SPECTRUM (FLUX CALIBRATED),XSHOOTER,La Silla Paranal APEX,Non-solar,55285.17326401,2010-03-30T04:09:30.010,5.0,"[gte:533.66, lte:1020.0]",18340.0,,["084.C-0952"],"["OUDMAIJER, R.D."]","ESO, PHASE3",XSHOOTER,HD-101412,,2014-05-15T00:00:00.000,POSITION J2000 174.934482 -60.17432,174.934482,-60.17432,ADP.2014-05-15T14:48:24.510,1,2011-04-09T13:13:50.770,438162,1321,,46.7,294.123957,1.465448,,,,,,2,2010-03-30T04:09:35.010,55285.17332188,5.0,HD-101412_387952_2010-03-30T04:09:30.010_S0.4x11_1x1_VIS_STA,ESO-VLT-U2,"ECHELLE,SLIT,STARE",["387952"],IDP,XS_SFLX_387952_2010-03-30T04:09:30.010_S0.4x11_1x1_VIS_STA.fits,,,true
http://archive.eso.org/datalink/links?ID=ivo://eso.org/ID?ADP.2014-05-15T14:48:23.683,,SPECTRUM,SPECTRUM (FLUX CALIBRATED),XSHOOTER,La Silla Paranal APEX,Non-solar,55285.17320359,2010-03-30T04:09:24.790,5.0,"[gte:298.92, lte:555.98]",9861.0,,["084.C-0952"],"["OUDMAIJER, R.D."]","ESO, PHASE3",XSHOOTER,HD-101412,,2014-05-15T00:00:00.000,POSITION J2000 174.934482 -60.17432,174.934482,-60.17432,ADP.2014-05-15T14:48:23.683,1,2011-04-09T13:13:50.743,438135,725,,58.6,294.123957,1.465448,,,,,,2,2010-03-30T04:09:29.790,55285.17326146,5.0,HD-101412_387952_2010-03-30T04:09:24.790_S0.5x11_1x1_UVB_STA,ESO-VLT-U2,"ECHELLE,SLIT,STARE",["387952"],IDP,XS_SFLX_387952_2010-03-30T04:09:24.790_S0.5x11_1x1_UVB_STA.fits,,,true
http://archive.eso.org/datalink/links?ID=ivo://eso.org/ID?ADP.2014-05-23T10:59:35.107,,SPECTRUM,SPECTRUM (FLUX CALIBRATED),XSHOOTER,La Silla Paranal APEX,Non-solar,56676.24930659,2014-01-19T05:59:00.090,480.0,"[gte:994.02, lte:2478.96]",11424.0,,["092.C-0126"],"["SCHOELLER, MARKUS"]","ESO, PHASE3",XSHOOTER,HD101412,,2014-05-23T00:00:00.000,POSITION J2000 174.933696 -60.17429,174.933696,-60.17429,ADP.2014-05-23T10:59:35.107,1,2015-01-19T07:26:19.680,469326,1350,,424.6,294.123573,1.46537,,,,,,2,2014-01-19T06:08:42.423,56676.25604655,480.0,HD101412_984316_2014-01-19T05:59:00.089_S0.4x11_NIR_NOD,ESO-VLT-U3,"ECHELLE,SLIT,NODDING",["984316"],IDP,XS_SFLX_984316_2014-01-19T05:59:00.089_S0.4x11_NIR_NOD.fits,,,true
http://archive.eso.org/datalink/links?ID=ivo://eso.org/ID?ADP.2014-05-23T10:59:34.723,,SPECTRUM,SPECTRUM (FLUX CALIBRATED),XSHOOTER,La Silla Paranal APEX,Non-solar,56676.24927484,2014-01-19T05:58:57.347,480.0,"[gte:533.66, lte:1020.0]",18340.0,,["092.C-0126"],"["SCHOELLER, MARKUS"]","ESO, PHASE3",XSHOOTER,HD101412,,2014-05-23T00:00:00.000,POSITION J2000 174.933696 -60.17429,174.933696,-60.17429,ADP.2014-05-23T10:59:34.723,1,2015-01-19T07:26:19.680,469313,1321,,518.2,294.123572,1.465369,,,,,,2,2014-01-19T06:08:39.477,56676.25601244,480.0,HD101412_984316_2014-01-19T05:58:57.347_S0.4x11_1x1_VIS_NOD,ESO-VLT-U3,"ECHELLE,SLIT,NODDING",["984316"],IDP,XS_SFLX_984316_2014-01-19T05:58:57.347_S0.4x11_1x1_VIS_NOD.fits,,,true
http://archive.eso.org/datalink/links?ID=ivo://eso.org/ID?ADP.2014-05-23T10:59:34.710,,SPECTRUM,SPECTRUM (FLUX CALIBRATED),XSHOOTER,La Silla Paranal APEX,Non-solar,56676.24921442,2014-01-19T05:58:52.127,560.0,"[gte:298.92, lte:555.98]",9861.0,,["092.C-0126"],"["SCHOELLER, MARKUS"]","ESO, PHASE3",XSHOOTER,HD101412,,2014-05-23T00:00:00.000,POSITION J2000 174.933696 -60.17429,174.933696,-60.17429,ADP.2014-05-23T10:59:34.710,1,2015-01-19T07:26:19.680,469317,725,,621.4,294.123572,1.465369,,,,,,2,2014-01-19T06:09:40.090,56676.25671399,560.0,HD101412_984316_2014-01-19T05:58:52.126_S0.5x11_1x1_UVB_NOD,ESO-VLT-U3,"ECHELLE,SLIT,NODDING",["984316"],IDP,XS_SFLX_984316_2014-01-19T05:58:52.126_S0.5x11_1x1_UVB_NOD.fits,,,true
http://archive.eso.org/datalink/links?ID=ivo://eso.org/ID?ADP.2014-05-23T10:59:34.470,,SPECTRUM,SPECTRUM (FLUX CALIBRATED),XSHOOTER,La Silla Paranal APEX,Non-solar,56676.23885767,2014-01-19T05:43:57.303,720.0,"[gte:994.02, lte:2478.96]",11424.0,,["092.C-0126"],"["SCHOELLER, MARKUS"]","ESO, PHASE3",XSHOOTER,HD101412,,2014-05-23T00:00:00.000,POSITION J2000 174.933696 -60.17429,174.933696,-60.17429,ADP.2014-05-23T10:59:34.470,1,2015-01-19T07:11:07.153,469310,1350,,514.1,294.123573,1.46537,,,,,,2,2014-01-19T05:56:59.567,56676.24791163,720.0,HD101412_984316_2014-01-19T05:43:57.303_S0.4x11_NIR_NOD,ESO-VLT-U3,"ECHELLE,SLIT,NODDING",["984316"],IDP,XS_SFLX_984316_2014-01-19T05:43:57.303_S0.4x11_NIR_NOD.fits,,,true
http://archive.eso.org/datalink/links?ID=ivo://eso.org/ID?ADP.2014-05-23T10:59:34.223,,SPECTRUM,SPECTRUM (FLUX CALIBRATED),XSHOOTER,La Silla Paranal APEX,Non-solar,56676.23882489,2014-01-19T05:43:54.470,720.0,"[gte:533.66, lte:1020.0]",18340.0,,["092.C-0126"],"["SCHOELLER, MARKUS"]","ESO, PHASE3",XSHOOTER,HD101412,,2014-05-23T00:00:00.000,POSITION J2000 174.933696 -60.17429,174.933696,-60.17429,ADP.2014-05-23T10:59:34.223,1,2015-01-19T07:06:21.880,469334,1321,,586.7,294.123572,1.465369,,,,,,2,2014-01-19T05:56:56.537,56676.24787657,720.0,HD101412_984316_2014-01-19T05:43:54.471_S0.4x11_1x1_VIS_NOD,ESO-VLT-U3,"ECHELLE,SLIT,NODDING",["984316"],IDP,XS_SFLX_984316_2014-01-19T05:43:54.471_S0.4x11_1x1_VIS_NOD.fits,,,true
http://archive.eso.org/datalink/links?ID=ivo://eso.org/ID?ADP.2014-05-23T10:59:35.407,,SPECTRUM,SPECTRUM (FLUX CALIBRATED),XSHOOTER,La Silla Paranal APEX,Non-solar,56676.23876412,2014-01-19T05:43:49.220,720.0,"[gte:298.92, lte:555.98]",9861.0,,["092.C-0126"],"["SCHOELLER, MARKUS"]","ESO, PHASE3",XSHOOTER,HD101412,,2014-05-23T00:00:00.000,POSITION J2000 174.933696 -60.17429,174.933696,-60.17429,ADP.2014-05-23T10:59:35.407,1,2015-01-19T07:11:07.153,469312,725,,667.1,294.123572,1.465369,,,,,,2,2014-01-19T05:57:17.193,56676.24811566,720.0,HD101412_984316_2014-01-19T05:43:49.221_S0.5x11_1x1_UVB_NOD,ESO-VLT-U3,"ECHELLE,SLIT,NODDING",["984316"],IDP,XS_SFLX_984316_2014-01-19T05:43:49.221_S0.5x11_1x1_UVB_NOD.fits,,,true
http://archive.eso.org/datalink/links?ID=ivo://eso.org/ID?ADP.2014-05-26T14:25:12.647,,SPECTRUM,SPECTRUM (FLUX CALIBRATED),XSHOOTER,La Silla Paranal APEX,Non-solar,56710.36399271,2014-02-22T08:44:08.970,720.0,"[gte:994.02, lte:2478.96]",11424.0,,["092.C-0126"],"["SCHOELLER, MARKUS"]","ESO, PHASE3",XSHOOTER,HD101412,,2014-05-26T00:00:00.000,POSITION J2000 174.936151 -60.17388,174.936151,-60.17388,ADP.2014-05-26T14:25:12.647,1,2015-02-22T10:25:34.227,469753,1350,,437.0,294.124635,1.466099,,,,,,2,2014-02-22T08:57:50.563,56710.37350187,720.0,HD101412_984337_2014-02-22T08:44:08.970_S0.4x11_NIR_NOD,ESO-VLT-U3,"ECHELLE,SLIT,NODDING",["984337"],IDP,XS_SFLX_984337_2014-02-22T08:44:08.970_S0.4x11_NIR_NOD.fits,,,true
http://archive.eso.org/datalink/links?ID=ivo://eso.org/ID?ADP.2014-05-26T14:25:12.307,,SPECTRUM,SPECTRUM (FLUX CALIBRATED),XSHOOTER,La Silla Paranal APEX,Non-solar,56710.36395521,2014-02-22T08:44:05.730,720.0,"[gte:533.66, lte:1020.0]",18340.0,,["092.C-0126"],"["SCHOELLER, MARKUS"]","ESO, PHASE3",XSHOOTER,HD101412,,2014-05-26T00:00:00.000,POSITION J2000 174.936151 -60.17388,174.936151,-60.17388,ADP.2014-05-26T14:25:12.307,1,2015-02-22T10:25:34.227,469763,1321,,349.0,294.124635,1.466098,,,,,,2,2014-02-22T08:58:48.007,56710.37416672,720.0,HD101412_984337_2014-02-22T08:44:05.731_S0.4x11_1x1_VIS_NOD,ESO-VLT-U3,"ECHELLE,SLIT,NODDING",["984337"],IDP,XS_SFLX_984337_2014-02-22T08:44:05.731_S0.4x11_1x1_VIS_NOD.fits,,,true
http://archive.eso.org/datalink/links?ID=ivo://eso.org/ID?ADP.2014-05-26T14:25:12.327,,SPECTRUM,SPECTRUM (FLUX CALIBRATED),XSHOOTER,La Silla Paranal APEX,Non-solar,56710.36389444,2014-02-22T08:44:00.480,720.0,"[gte:298.92, lte:555.98]",9861.0,,["092.C-0126"],"["SCHOELLER, MARKUS"]","ESO, PHASE3",XSHOOTER,HD101412,,2014-05-26T00:00:00.000,POSITION J2000 174.936151 -60.17388,174.936151,-60.17388,ADP.2014-05-26T14:25:12.327,1,2015-02-22T10:25:34.227,469756,725,,593.8,294.124635,1.466098,,,,,,2,2014-02-22T08:58:08.017,56710.37370389,720.0,HD101412_984337_2014-02-22T08:44:00.480_S0.5x11_1x1_UVB_NOD,ESO-VLT-U3,"ECHELLE,SLIT,NODDING",["984337"],IDP,XS_SFLX_984337_2014-02-22T08:44:00.480_S0.5x11_1x1_UVB_NOD.fits,,,true
http://archive.eso.org/datalink/links?ID=ivo://eso.org/ID?ADP.2014-05-23T12:02:01.360,,SPECTRUM,SPECTRUM (FLUX CALIBRATED),XSHOOTER,La Silla Paranal APEX,Non-solar,56684.19148795,2014-01-27T04:35:44.560,720.0,"[gte:994.02, lte:2478.96]",11424.0,,["092.C-0126"],"["SCHOELLER, MARKUS"]","ESO, PHASE3",XSHOOTER,HD101412,,2014-05-23T00:00:00.000,POSITION J2000 174.933691 -60.17437,174.933691,-60.17437,ADP.2014-05-23T12:02:01.360,1,2015-01-27T10:14:24.833,469414,1350,,498.6,294.123592,1.465292,,,,,,2,2014-01-27T04:48:42.823,56684.20049564,720.0,HD101412_984319_2014-01-27T04:35:44.559_S0.4x11_NIR_NOD,ESO-VLT-U3,"ECHELLE,SLIT,NODDING",["984319"],IDP,XS_SFLX_984319_2014-01-27T04:35:44.559_S0.4x11_NIR_NOD.fits,,,true
http://archive.eso.org/datalink/links?ID=ivo://eso.org/ID?ADP.2014-05-23T12:02:01.300,,SPECTRUM,SPECTRUM (FLUX CALIBRATED),XSHOOTER,La Silla Paranal APEX,Non-solar,56684.191452,2014-01-27T04:35:41.453,720.0,"[gte:533.66, lte:1020.0]",18340.0,,["092.C-0126"],"["SCHOELLER, MARKUS"]","ESO, PHASE3",XSHOOTER,HD101412,,2014-05-23T00:00:00.000,POSITION J2000 174.933691 -60.17437,174.933691,-60.17437,ADP.2014-05-23T12:02:01.300,1,2015-01-27T10:14:24.833,469415,1321,,549.2,294.123592,1.465292,,,,,,2,2014-01-27T04:48:39.767,56684.20046027,720.0,HD101412_984319_2014-01-27T04:35:41.453_S0.4x11_1x1_VIS_NOD,ESO-VLT-U3,"ECHELLE,SLIT,NODDING",["984319"],IDP,XS_SFLX_984319_2014-01-27T04:35:41.453_S0.4x11_1x1_VIS_NOD.fits,,,true
http://archive.eso.org/datalink/links?ID=ivo://eso.org/ID?ADP.2014-05-23T12:02:01.220,,SPECTRUM,SPECTRUM (FLUX CALIBRATED),XSHOOTER,La Silla Paranal APEX,Non-solar,56684.19139204,2014-01-27T04:35:36.273,720.0,"[gte:298.92, lte:555.98]",9861.0,,["092.C-0126"],"["SCHOELLER, MARKUS"]","ESO, PHASE3",XSHOOTER,HD101412,,2014-05-23T00:00:00.000,POSITION J2000 174.933691 -60.17437,174.933691,-60.17437,ADP.2014-05-23T12:02:01.220,1,2015-01-27T10:14:24.833,469420,725,,619.5,294.123592,1.465292,,,,,,2,2014-01-27T04:48:58.953,56684.20068233,720.0,HD101412_984319_2014-01-27T04:35:36.273_S0.5x11_1x1_UVB_NOD,ESO-VLT-U3,"ECHELLE,SLIT,NODDING",["984319"],IDP,XS_SFLX_984319_2014-01-27T04:35:36.273_S0.5x11_1x1_UVB_NOD.fits,,,true
http://archive.eso.org/datalink/links?ID=ivo://eso.org/ID?ADP.2014-05-17T09:16:05.920,,SPECTRUM,SPECTRUM (FLUX CALIBRATED),XSHOOTER,La Silla Paranal APEX,Non-solar,56003.3874556,2012-03-17T09:17:56.163,16.0,"[gte:994.02, lte:2478.96]",1029.0,,["088.C-0218"],"["MENDIGUTIA, IGNACIO"]","ESO, PHASE3",XSHOOTER,HD-101412,,2014-05-17T00:00:00.000,POSITION J2000 174.93627 -60.17402,174.93627,-60.17402,ADP.2014-05-17T09:16:05.920,1,2013-04-20T14:22:29.090,455664,1347,,46.1,294.124731,1.46598,,,,,,2,2012-03-17T09:19:28.527,56003.3885246,16.0,HD-101412_586518_2012-03-17T09:17:56.164_S5.0x11_NIR_NOD,ESO-VLT-U2,"ECHELLE,SLIT,NODDING",["586518"],IDP,XS_SFLX_586518_2012-03-17T09:17:56.164_S5.0x11_NIR_NOD.fits,,,true
http://archive.eso.org/datalink/links?ID=ivo://eso.org/ID?ADP.2014-05-17T09:16:05.993,,SPECTRUM,SPECTRUM (FLUX CALIBRATED),XSHOOTER,La Silla Paranal APEX,Non-solar,56003.38742249,2012-03-17T09:17:53.303,20.0,"[gte:533.66, lte:1020.0]",1512.0,,["088.C-0218"],"["MENDIGUTIA, IGNACIO"]","ESO, PHASE3",XSHOOTER,HD-101412,,2014-05-17T00:00:00.000,POSITION J2000 174.93627 -60.17402,174.93627,-60.17402,ADP.2014-05-17T09:16:05.993,1,2013-04-20T14:22:29.090,455657,1319,,310.0,294.124731,1.46598,,,,,,2,2012-03-17T09:19:26.590,56003.38850221,20.0,HD-101412_586518_2012-03-17T09:17:53.303_S5.0x11_2x2_VIS_NOD,ESO-VLT-U2,"ECHELLE,SLIT,NODDING",["586518"],IDP,XS_SFLX_586518_2012-03-17T09:17:53.303_S5.0x11_2x2_VIS_NOD.fits,,,true
http://archive.eso.org/datalink/links?ID=ivo://eso.org/ID?ADP.2014-05-17T09:16:05.980,,SPECTRUM,SPECTRUM (FLUX CALIBRATED),XSHOOTER,La Silla Paranal APEX,Non-solar,56003.38736288,2012-03-17T09:17:48.153,12.0,"[gte:298.92, lte:555.98]",1040.0,,["088.C-0218"],"["MENDIGUTIA, IGNACIO"]","ESO, PHASE3",XSHOOTER,HD-101412,,2014-05-17T00:00:00.000,POSITION J2000 174.93627 -60.17402,174.93627,-60.17402,ADP.2014-05-17T09:16:05.980,1,2013-04-20T14:22:29.090,455662,722,,278.7,294.12473,1.46598,,,,,,2,2012-03-17T09:19:19.060,56003.38841505,12.0,HD-101412_586518_2012-03-17T09:17:48.153_S5.0x11_2x2_UVB_NOD,ESO-VLT-U2,"ECHELLE,SLIT,NODDING",["586518"],IDP,XS_SFLX_586518_2012-03-17T09:17:48.153_S5.0x11_2x2_UVB_NOD.fits,,,true
http://archive.eso.org/datalink/links?ID=ivo://eso.org/ID?ADP.2014-05-17T09:16:06.160,,SPECTRUM,SPECTRUM (FLUX CALIBRATED),XSHOOTER,La Silla Paranal APEX,Non-solar,56003.3841702,2012-03-17T09:13:12.307,40.0,"[gte:994.02, lte:2478.96]",5573.0,,["088.C-0218"],"["MENDIGUTIA, IGNACIO"]","ESO, PHASE3",XSHOOTER,HD-101412,,2014-05-17T00:00:00.000,POSITION J2000 174.93627 -60.17402,174.93627,-60.17402,ADP.2014-05-17T09:16:06.160,1,2013-04-20T14:22:29.090,455659,1347,,91.4,294.124731,1.46598,,,,,,2,2012-03-17T09:16:20.413,56003.38634736,40.0,HD-101412_586518_2012-03-17T09:13:12.305_S0.9x11_NIR_NOD,ESO-VLT-U2,"ECHELLE,SLIT,NODDING",["586518"],IDP,XS_SFLX_586518_2012-03-17T09:13:12.305_S0.9x11_NIR_NOD.fits,,,true
http://archive.eso.org/datalink/links?ID=ivo://eso.org/ID?ADP.2014-05-17T09:16:06.133,,SPECTRUM,SPECTRUM (FLUX CALIBRATED),XSHOOTER,La Silla Paranal APEX,Non-solar,56003.38413576,2012-03-17T09:13:09.330,80.0,"[gte:533.66, lte:1020.0]",8935.0,,["088.C-0218"],"["MENDIGUTIA, IGNACIO"]","ESO, PHASE3",XSHOOTER,HD-101412,,2014-05-17T00:00:00.000,POSITION J2000 174.93627 -60.17402,174.93627,-60.17402,ADP.2014-05-17T09:16:06.133,1,2013-04-20T14:22:29.090,455661,1319,,260.1,294.124731,1.46598,,,,,,2,2012-03-17T09:16:27.443,56003.38642875,80.0,HD-101412_586518_2012-03-17T09:13:09.331_S0.9x11_1x1_VIS_NOD,ESO-VLT-U2,"ECHELLE,SLIT,NODDING",["586518"],IDP,XS_SFLX_586518_2012-03-17T09:13:09.331_S0.9x11_1x1_VIS_NOD.fits,,,true
http://archive.eso.org/datalink/links?ID=ivo://eso.org/ID?ADP.2014-05-17T09:16:06.307,,SPECTRUM,SPECTRUM (FLUX CALIBRATED),XSHOOTER,La Silla Paranal APEX,Non-solar,56003.3840758,2012-03-17T09:13:04.150,32.0,"[gte:298.92, lte:555.98]",3251.0,,["088.C-0218"],"["MENDIGUTIA, IGNACIO"]","ESO, PHASE3",XSHOOTER,HD-101412,,2014-05-17T00:00:00.000,POSITION J2000 174.93627 -60.17402,174.93627,-60.17402,ADP.2014-05-17T09:16:06.307,1,2013-04-20T14:22:29.090,455656,722,,213.5,294.12473,1.46598,,,,,,2,2012-03-17T09:16:10.297,56003.38623026,32.0,HD-101412_586518_2012-03-17T09:13:04.150_S1.6x11_1x1_UVB_NOD,ESO-VLT-U2,"ECHELLE,SLIT,NODDING",["586518"],IDP,XS_SFLX_586518_2012-03-17T09:13:04.150_S1.6x11_1x1_UVB_NOD.fits,,,true
http://archive.eso.org/datalink/links?ID=ivo://eso.org/ID?ADP.2014-05-23T12:09:49.720,,SPECTRUM,SPECTRUM (FLUX CALIBRATED),XSHOOTER,La Silla Paranal APEX,Non-solar,56689.18631753,2014-02-01T04:28:17.837,240.0,"[gte:994.02, lte:2478.96]",11424.0,,["092.C-0126"],"["SCHOELLER, MARKUS"]","ESO, PHASE3",XSHOOTER,HD101412,,2014-05-23T00:00:00.000,POSITION J2000 174.933416 -60.17447,174.933416,-60.17447,ADP.2014-05-23T12:09:49.720,1,2015-02-01T05:51:20.393,469537,1350,,241.4,294.123488,1.465159,,,,,,2,2014-02-01T04:33:09.527,56689.18969361,240.0,HD101412_984322_2014-02-01T04:28:17.835_S0.4x11_NIR_NOD,ESO-VLT-U3,"ECHELLE,SLIT,NODDING",["984322"],IDP,XS_SFLX_984322_2014-02-01T04:28:17.835_S0.4x11_NIR_NOD.fits,,,true
http://archive.eso.org/datalink/links?ID=ivo://eso.org/ID?ADP.2014-05-23T12:09:50.187,,SPECTRUM,SPECTRUM (FLUX CALIBRATED),XSHOOTER,La Silla Paranal APEX,Non-solar,56689.18628294,2014-02-01T04:28:14.847,240.0,"[gte:533.66, lte:1020.0]",18340.0,,["092.C-0126"],"["SCHOELLER, MARKUS"]","ESO, PHASE3",XSHOOTER,HD101412,,2014-05-23T00:00:00.000,POSITION J2000 174.933416 -60.17447,174.933416,-60.17447,ADP.2014-05-23T12:09:50.187,1,2015-02-01T05:51:20.393,469499,1321,,302.4,294.123488,1.465158,,,,,,2,2014-02-01T04:33:06.260,56689.18965578,240.0,HD101412_984322_2014-02-01T04:28:14.846_S0.4x11_1x1_VIS_NOD,ESO-VLT-U3,"ECHELLE,SLIT,NODDING",["984322"],IDP,XS_SFLX_984322_2014-02-01T04:28:14.846_S0.4x11_1x1_VIS_NOD.fits,,,true
http://archive.eso.org/datalink/links?ID=ivo://eso.org/ID?ADP.2014-05-23T12:09:50.673,,SPECTRUM,SPECTRUM (FLUX CALIBRATED),XSHOOTER,La Silla Paranal APEX,Non-solar,56689.18622275,2014-02-01T04:28:09.647,240.0,"[gte:298.92, lte:555.98]",9861.0,,["092.C-0126"],"["SCHOELLER, MARKUS"]","ESO, PHASE3",XSHOOTER,HD101412,,2014-05-23T00:00:00.000,POSITION J2000 174.933416 -60.17447,174.933416,-60.17447,ADP.2014-05-23T12:09:50.673,1,2015-02-01T05:51:20.393,469512,722,,355.3,294.123488,1.465158,,,,,,2,2014-02-01T04:33:00.690,56689.18959131,240.0,HD101412_984322_2014-02-01T04:28:09.646_S0.5x11_1x1_UVB_NOD,ESO-VLT-U3,"ECHELLE,SLIT,NODDING",["984322"],IDP,XS_SFLX_984322_2014-02-01T04:28:09.646_S0.5x11_1x1_UVB_NOD.fits,,,true
http://archive.eso.org/datalink/links?ID=ivo://eso.org/ID?ADP.2014-05-23T12:09:49.947,,SPECTRUM,SPECTRUM (FLUX CALIBRATED),XSHOOTER,La Silla Paranal APEX,Non-solar,56689.17583011,2014-02-01T04:13:11.723,720.0,"[gte:994.02, lte:2478.96]",11424.0,,["092.C-0126"],"["SCHOELLER, MARKUS"]","ESO, PHASE3",XSHOOTER,HD101412,,2014-05-23T00:00:00.000,POSITION J2000 174.933416 -60.17447,174.933416,-60.17447,ADP.2014-05-23T12:09:49.947,1,2015-02-01T05:36:32.753,469496,1350,,438.9,294.123488,1.465159,,,,,,2,2014-02-01T04:26:09.987,56689.18483779,720.0,HD101412_984322_2014-02-01T04:13:11.722_S0.4x11_NIR_NOD,ESO-VLT-U3,"ECHELLE,SLIT,NODDING",["984322"],IDP,XS_SFLX_984322_2014-02-01T04:13:11.722_S0.4x11_NIR_NOD.fits,,,true
http://archive.eso.org/datalink/links?ID=ivo://eso.org/ID?ADP.2014-05-23T12:09:49.733,,SPECTRUM,SPECTRUM (FLUX CALIBRATED),XSHOOTER,La Silla Paranal APEX,Non-solar,56689.1757948,2014-02-01T04:13:08.670,720.0,"[gte:533.66, lte:1020.0]",18340.0,,["092.C-0126"],"["SCHOELLER, MARKUS"]","ESO, PHASE3",XSHOOTER,HD101412,,2014-05-23T00:00:00.000,POSITION J2000 174.933416 -60.17447,174.933416,-60.17447,ADP.2014-05-23T12:09:49.733,1,2015-02-01T05:36:32.753,469514,1321,,504.4,294.123488,1.465158,,,,,,2,2014-02-01T04:26:06.677,56689.18479948,720.0,HD101412_984322_2014-02-01T04:13:08.672_S0.4x11_1x1_VIS_NOD,ESO-VLT-U3,"ECHELLE,SLIT,NODDING",["984322"],IDP,XS_SFLX_984322_2014-02-01T04:13:08.672_S0.4x11_1x1_VIS_NOD.fits,,,true
http://archive.eso.org/datalink/links?ID=ivo://eso.org/ID?ADP.2014-05-23T12:09:49.960,,SPECTRUM,SPECTRUM (FLUX CALIBRATED),XSHOOTER,La Silla Paranal APEX,Non-solar,56689.17573404,2014-02-01T04:13:03.420,720.0,"[gte:298.92, lte:555.98]",9861.0,,["092.C-0126"],"["SCHOELLER, MARKUS"]","ESO, PHASE3",XSHOOTER,HD101412,,2014-05-23T00:00:00.000,POSITION J2000 174.933416 -60.17447,174.933416,-60.17447,ADP.2014-05-23T12:09:49.960,1,2015-02-01T05:36:32.753,469547,725,,576.9,294.123488,1.465158,,,,,,2,2014-02-01T04:26:27.293,56689.1850381,720.0,HD101412_984322_2014-02-01T04:13:03.421_S0.5x11_1x1_UVB_NOD,ESO-VLT-U3,"ECHELLE,SLIT,NODDING",["984322"],IDP,XS_SFLX_984322_2014-02-01T04:13:03.421_S0.5x11_1x1_UVB_NOD.fits,,,true
http://archive.eso.org/datalink/links?ID=ivo://eso.org/ID?ADP.2014-05-26T14:21:09.913,,SPECTRUM,SPECTRUM (FLUX CALIBRATED),XSHOOTER,La Silla Paranal APEX,Non-solar,56702.09007755,2014-02-14T02:09:42.700,720.0,"[gte:994.02, lte:2478.96]",11424.0,,["092.C-0126"],"["SCHOELLER, MARKUS"]","ESO, PHASE3",XSHOOTER,HD101412,,2014-05-26T00:00:00.000,POSITION J2000 174.933824 -60.17467,174.933824,-60.17467,ADP.2014-05-26T14:21:09.913,1,2015-02-14T03:35:09.973,469688,1350,,415.5,294.123738,1.465022,,,,,,2,2014-02-14T02:23:25.730,56702.09960337,720.0,HD101412_984331_2014-02-14T02:09:42.700_S0.4x11_NIR_NOD,ESO-VLT-U3,"ECHELLE,SLIT,NODDING",["984331"],IDP,XS_SFLX_984331_2014-02-14T02:09:42.700_S0.4x11_NIR_NOD.fits,,,true
http://archive.eso.org/datalink/links?ID=ivo://eso.org/ID?ADP.2014-05-26T14:21:09.430,,SPECTRUM,SPECTRUM (FLUX CALIBRATED),XSHOOTER,La Silla Paranal APEX,Non-solar,56702.09004463,2014-02-14T02:09:39.857,720.0,"[gte:533.66, lte:1020.0]",18340.0,,["092.C-0126"],"["SCHOELLER, MARKUS"]","ESO, PHASE3",XSHOOTER,HD101412,,2014-05-26T00:00:00.000,POSITION J2000 174.933824 -60.17467,174.933824,-60.17467,ADP.2014-05-26T14:21:09.430,1,2015-02-14T03:46:44.300,469689,1321,,425.6,294.123738,1.465021,,,,,,2,2014-02-14T02:24:22.850,56702.10026447,720.0,HD101412_984331_2014-02-14T02:09:39.857_S0.4x11_1x1_VIS_NOD,ESO-VLT-U3,"ECHELLE,SLIT,NODDING",["984331"],IDP,XS_SFLX_984331_2014-02-14T02:09:39.857_S0.4x11_1x1_VIS_NOD.fits,,,true
http://archive.eso.org/datalink/links?ID=ivo://eso.org/ID?ADP.2014-05-26T14:21:09.900,,SPECTRUM,SPECTRUM (FLUX CALIBRATED),XSHOOTER,La Silla Paranal APEX,Non-solar,56702.08998456,2014-02-14T02:09:34.667,720.0,"[gte:298.92, lte:555.98]",9861.0,,["092.C-0126"],"["SCHOELLER, MARKUS"]","ESO, PHASE3",XSHOOTER,HD101412,,2014-05-26T00:00:00.000,POSITION J2000 174.933824 -60.17467,174.933824,-60.17467,ADP.2014-05-26T14:21:09.900,1,2015-02-14T03:35:09.973,469692,725,,655.5,294.123738,1.465021,,,,,,2,2014-02-14T02:23:43.373,56702.09980754,720.0,HD101412_984331_2014-02-14T02:09:34.666_S0.5x11_1x1_UVB_NOD,ESO-VLT-U3,"ECHELLE,SLIT,NODDING",["984331"],IDP,XS_SFLX_984331_2014-02-14T02:09:34.666_S0.5x11_1x1_UVB_NOD.fits,,,true
http://archive.eso.org/datalink/links?ID=ivo://eso.org/ID?ADP.2014-05-26T14:21:09.887,,SPECTRUM,SPECTRUM (FLUX CALIBRATED),XSHOOTER,La Silla Paranal APEX,Non-solar,56702.07860038,2014-02-14T01:53:11.073,720.0,"[gte:994.02, lte:2478.96]",11424.0,,["092.C-0126"],"["SCHOELLER, MARKUS"]","ESO, PHASE3",XSHOOTER,HD101412,,2014-05-26T00:00:00.000,POSITION J2000 174.933824 -60.17467,174.933824,-60.17467,ADP.2014-05-26T14:21:09.887,1,2015-02-14T03:16:35.230,469684,1350,,461.4,294.123738,1.465022,,,,,,2,2014-02-14T02:06:52.663,56702.08810952,720.0,HD101412_984331_2014-02-14T01:53:11.073_S0.4x11_NIR_NOD,ESO-VLT-U3,"ECHELLE,SLIT,NODDING",["984331"],IDP,XS_SFLX_984331_2014-02-14T01:53:11.073_S0.4x11_NIR_NOD.fits,,,true
http://archive.eso.org/datalink/links?ID=ivo://eso.org/ID?ADP.2014-05-26T14:21:09.873,,SPECTRUM,SPECTRUM (FLUX CALIBRATED),XSHOOTER,La Silla Paranal APEX,Non-solar,56702.07856462,2014-02-14T01:53:07.983,720.0,"[gte:533.66, lte:1020.0]",18340.0,,["092.C-0126"],"["SCHOELLER, MARKUS"]","ESO, PHASE3",XSHOOTER,HD101412,,2014-05-26T00:00:00.000,POSITION J2000 174.933824 -60.17467,174.933824,-60.17467,ADP.2014-05-26T14:21:09.873,1,2015-02-14T03:16:35.230,469691,1321,,421.7,294.123738,1.465021,,,,,,2,2014-02-14T02:07:50.267,56702.08877624,720.0,HD101412_984331_2014-02-14T01:53:07.983_S0.4x11_1x1_VIS_NOD,ESO-VLT-U3,"ECHELLE,SLIT,NODDING",["984331"],IDP,XS_SFLX_984331_2014-02-14T01:53:07.983_S0.4x11_1x1_VIS_NOD.fits,,,true
http://archive.eso.org/datalink/links?ID=ivo://eso.org/ID?ADP.2014-05-26T14:21:09.940,,SPECTRUM,SPECTRUM (FLUX CALIBRATED),XSHOOTER,La Silla Paranal APEX,Non-solar,56702.07850408,2014-02-14T01:53:02.753,720.0,"[gte:298.92, lte:555.98]",9861.0,,["092.C-0126"],"["SCHOELLER, MARKUS"]","ESO, PHASE3",XSHOOTER,HD101412,,2014-05-26T00:00:00.000,POSITION J2000 174.933824 -60.17467,174.933824,-60.17467,ADP.2014-05-26T14:21:09.940,1,2015-02-14T03:16:35.230,469685,725,,651.9,294.123738,1.465021,,,,,,2,2014-02-14T02:07:10.290,56702.08831352,720.0,HD101412_984331_2014-02-14T01:53:02.753_S0.5x11_1x1_UVB_NOD,ESO-VLT-U3,"ECHELLE,SLIT,NODDING",["984331"],IDP,XS_SFLX_984331_2014-02-14T01:53:02.753_S0.5x11_1x1_UVB_NOD.fits,,,true
http://archive.eso.org/datalink/links?ID=ivo://eso.org/ID?ADP.2014-05-17T23:35:19.443,,SPECTRUM,SPECTRUM (FLUX CALIBRATED),XSHOOTER,La Silla Paranal APEX,Non-solar,56639.26434686,2013-12-13T06:20:39.570,720.0,"[gte:994.02, lte:2478.96]",11424.0,,["092.C-0126"],"["SCHOELLER, MARKUS"]","ESO, PHASE3",XSHOOTER,HD101412,,2014-05-17T00:00:00.000,POSITION J2000 174.93373 -60.17466,174.93373,-60.17466,ADP.2014-05-17T23:35:19.443,1,2014-12-13T07:50:08.963,467679,1350,,338.9,294.123691,1.465019,,,,,,2,2013-12-13T06:33:37.167,56639.27334685,720.0,HD101412_984303_2013-12-13T06:20:39.569_S0.4x11_NIR_NOD,ESO-VLT-U3,"ECHELLE,SLIT,NODDING",["984303"],IDP,XS_SFLX_984303_2013-12-13T06:20:39.569_S0.4x11_NIR_NOD.fits,,,true
http://archive.eso.org/datalink/links?ID=ivo://eso.org/ID?ADP.2014-05-17T23:35:19.643,,SPECTRUM,SPECTRUM (FLUX CALIBRATED),XSHOOTER,La Silla Paranal APEX,Non-solar,56639.26431353,2013-12-13T06:20:36.690,720.0,"[gte:533.66, lte:1020.0]",18340.0,,["092.C-0126"],"["SCHOELLER, MARKUS"]","ESO, PHASE3",XSHOOTER,HD101412,,2014-05-17T00:00:00.000,POSITION J2000 174.93373 -60.17466,174.93373,-60.17466,ADP.2014-05-17T23:35:19.643,1,2014-12-13T07:50:08.963,467680,1321,,390.6,294.12369,1.465018,,,,,,2,2013-12-13T06:33:34.413,56639.27331498,720.0,HD101412_984303_2013-12-13T06:20:36.689_S0.4x11_1x1_VIS_NOD,ESO-VLT-U3,"ECHELLE,SLIT,NODDING",["984303"],IDP,XS_SFLX_984303_2013-12-13T06:20:36.689_S0.4x11_1x1_VIS_NOD.fits,,,true
http://archive.eso.org/datalink/links?ID=ivo://eso.org/ID?ADP.2014-05-17T23:35:19.557,,SPECTRUM,SPECTRUM (FLUX CALIBRATED),XSHOOTER,La Silla Paranal APEX,Non-solar,56639.26425276,2013-12-13T06:20:31.440,720.0,"[gte:298.92, lte:555.98]",9861.0,,["092.C-0126"],"["SCHOELLER, MARKUS"]","ESO, PHASE3",XSHOOTER,HD101412,,2014-05-17T00:00:00.000,POSITION J2000 174.93373 -60.17466,174.93373,-60.17466,ADP.2014-05-17T23:35:19.557,1,2014-12-13T07:50:08.963,467674,725,,429.7,294.12369,1.465018,,,,,,2,2013-12-13T06:33:56.440,56639.27356992,720.0,HD101412_984303_2013-12-13T06:20:31.438_S0.5x11_1x1_UVB_NOD,ESO-VLT-U3,"ECHELLE,SLIT,NODDING",["984303"],IDP,XS_SFLX_984303_2013-12-13T06:20:31.438_S0.5x11_1x1_UVB_NOD.fits,,,true
http://archive.eso.org/datalink/links?ID=ivo://eso.org/ID?ADP.2014-05-26T14:19:21.717,,SPECTRUM,SPECTRUM (FLUX CALIBRATED),XSHOOTER,La Silla Paranal APEX,Non-solar,56698.10669444,2014-02-10T02:33:38.400,360.0,"[gte:994.02, lte:2478.96]",11424.0,,["092.C-0126"],"["SCHOELLER, MARKUS"]","ESO, PHASE3",XSHOOTER,HD101412,,2014-05-26T00:00:00.000,POSITION J2000 174.933679 -60.17465,174.933679,-60.17465,ADP.2014-05-26T14:19:21.717,1,2015-02-10T03:46:40.067,469664,1350,,333.6,294.123663,1.465021,,,,,,2,2014-02-10T02:40:42.027,56698.11159754,360.0,HD101412_984328_2014-02-10T02:33:38.400_S0.4x11_NIR_NOD,ESO-VLT-U3,"ECHELLE,SLIT,NODDING",["984328"],IDP,XS_SFLX_984328_2014-02-10T02:33:38.400_S0.4x11_NIR_NOD.fits,,,true
http://archive.eso.org/datalink/links?ID=ivo://eso.org/ID?ADP.2014-05-26T14:19:21.537,,SPECTRUM,SPECTRUM (FLUX CALIBRATED),XSHOOTER,La Silla Paranal APEX,Non-solar,56698.10666036,2014-02-10T02:33:35.457,360.0,"[gte:533.66, lte:1020.0]",18340.0,,["092.C-0126"],"["SCHOELLER, MARKUS"]","ESO, PHASE3",XSHOOTER,HD101412,,2014-05-26T00:00:00.000,POSITION J2000 174.933679 -60.17465,174.933679,-60.17465,ADP.2014-05-26T14:19:21.537,1,2015-02-10T03:46:40.067,469667,1321,,441.8,294.123663,1.465021,,,,,,2,2014-02-10T02:40:38.377,56698.11155527,360.0,HD101412_984328_2014-02-10T02:33:35.455_S0.4x11_1x1_VIS_NOD,ESO-VLT-U3,"ECHELLE,SLIT,NODDING",["984328"],IDP,XS_SFLX_984328_2014-02-10T02:33:35.455_S0.4x11_1x1_VIS_NOD.fits,,,true
http://archive.eso.org/datalink/links?ID=ivo://eso.org/ID?ADP.2014-05-26T14:19:21.603,,SPECTRUM,SPECTRUM (FLUX CALIBRATED),XSHOOTER,La Silla Paranal APEX,Non-solar,56698.10660005,2014-02-10T02:33:30.247,360.0,"[gte:298.92, lte:555.98]",9861.0,,["092.C-0126"],"["SCHOELLER, MARKUS"]","ESO, PHASE3",XSHOOTER,HD101412,,2014-05-26T00:00:00.000,POSITION J2000 174.933679 -60.17465,174.933679,-60.17465,ADP.2014-05-26T14:19:21.603,1,2015-02-10T03:46:40.067,469662,725,,505.2,294.123663,1.465021,,,,,,2,2014-02-10T02:40:58.007,56698.11178246,360.0,HD101412_984328_2014-02-10T02:33:30.245_S0.5x11_1x1_UVB_NOD,ESO-VLT-U3,"ECHELLE,SLIT,NODDING",["984328"],IDP,XS_SFLX_984328_2014-02-10T02:33:30.245_S0.5x11_1x1_UVB_NOD.fits,,,true
http://archive.eso.org/datalink/links?ID=ivo://eso.org/ID?ADP.2014-05-26T14:19:21.590,,SPECTRUM,SPECTRUM (FLUX CALIBRATED),XSHOOTER,La Silla Paranal APEX,Non-solar,56698.09615302,2014-02-10T02:18:27.620,720.0,"[gte:994.02, lte:2478.96]",11424.0,,["092.C-0126"],"["SCHOELLER, MARKUS"]","ESO, PHASE3",XSHOOTER,HD101412,,2014-05-26T00:00:00.000,POSITION J2000 174.933679 -60.17465,174.933679,-60.17465,ADP.2014-05-26T14:19:21.590,1,2015-02-10T03:46:40.067,469661,1350,,434.2,294.123663,1.465021,,,,,,2,2014-02-10T02:31:33.217,56698.10524556,720.0,HD101412_984328_2014-02-10T02:18:27.621_S0.4x11_NIR_NOD,ESO-VLT-U3,"ECHELLE,SLIT,NODDING",["984328"],IDP,XS_SFLX_984328_2014-02-10T02:18:27.621_S0.4x11_NIR_NOD.fits,,,true
http://archive.eso.org/datalink/links?ID=ivo://eso.org/ID?ADP.2014-05-26T14:19:21.630,,SPECTRUM,SPECTRUM (FLUX CALIBRATED),XSHOOTER,La Silla Paranal APEX,Non-solar,56698.09611584,2014-02-10T02:18:24.410,720.0,"[gte:533.66, lte:1020.0]",18340.0,,["092.C-0126"],"["SCHOELLER, MARKUS"]","ESO, PHASE3",XSHOOTER,HD101412,,2014-05-26T00:00:00.000,POSITION J2000 174.933679 -60.17465,174.933679,-60.17465,ADP.2014-05-26T14:19:21.630,1,2015-02-10T03:46:40.067,469668,1321,,587.0,294.123663,1.465021,,,,,,2,2014-02-10T02:31:30.437,56698.10521336,720.0,HD101412_984328_2014-02-10T02:18:24.409_S0.4x11_1x1_VIS_NOD,ESO-VLT-U3,"ECHELLE,SLIT,NODDING",["984328"],IDP,XS_SFLX_984328_2014-02-10T02:18:24.409_S0.4x11_1x1_VIS_NOD.fits,,,true
http://archive.eso.org/datalink/links?ID=ivo://eso.org/ID?ADP.2014-05-26T14:19:21.550,,SPECTRUM,SPECTRUM (FLUX CALIBRATED),XSHOOTER,La Silla Paranal APEX,Non-solar,56698.09605554,2014-02-10T02:18:19.200,720.0,"[gte:298.92, lte:555.98]",9861.0,,["092.C-0126"],"["SCHOELLER, MARKUS"]","ESO, PHASE3",XSHOOTER,HD101412,,2014-05-26T00:00:00.000,POSITION J2000 174.933679 -60.17465,174.933679,-60.17465,ADP.2014-05-26T14:19:21.550,1,2015-02-10T03:46:40.067,469665,725,,659.0,294.123663,1.465021,,,,,,2,2014-02-10T02:31:50.443,56698.10544492,720.0,HD101412_984328_2014-02-10T02:18:19.199_S0.5x11_1x1_UVB_NOD,ESO-VLT-U3,"ECHELLE,SLIT,NODDING",["984328"],IDP,XS_SFLX_984328_2014-02-10T02:18:19.199_S0.5x11_1x1_UVB_NOD.fits,,,true
http://archive.eso.org/datalink/links?ID=ivo://eso.org/ID?ADP.2014-05-23T08:18:21.907,,SPECTRUM,SPECTRUM (FLUX CALIBRATED),XSHOOTER,La Silla Paranal APEX,Non-solar,56672.16026556,2014-01-15T03:50:46.943,720.0,"[gte:994.02, lte:2478.96]",11424.0,,["092.C-0126"],"["SCHOELLER, MARKUS"]","ESO, PHASE3",XSHOOTER,HD101412,,2014-05-23T00:00:00.000,POSITION J2000 174.933814 -60.1747,174.933814,-60.1747,ADP.2014-05-23T08:18:21.907,1,2015-01-15T05:16:16.387,469278,1350,,354.8,294.123742,1.464992,,,,,,2,2014-01-15T04:03:50.543,56672.16933498,720.0,HD101412_984313_2014-01-15T03:50:46.944_S0.4x11_NIR_NOD,ESO-VLT-U3,"ECHELLE,SLIT,NODDING",["984313"],IDP,XS_SFLX_984313_2014-01-15T03:50:46.944_S0.4x11_NIR_NOD.fits,,,true
http://archive.eso.org/datalink/links?ID=ivo://eso.org/ID?ADP.2014-05-23T08:18:21.660,,SPECTRUM,SPECTRUM (FLUX CALIBRATED),XSHOOTER,La Silla Paranal APEX,Non-solar,56672.16022966,2014-01-15T03:50:43.843,720.0,"[gte:533.66, lte:1020.0]",18340.0,,["092.C-0126"],"["SCHOELLER, MARKUS"]","ESO, PHASE3",XSHOOTER,HD101412,,2014-05-23T00:00:00.000,POSITION J2000 174.933814 -60.1747,174.933814,-60.1747,ADP.2014-05-23T08:18:21.660,1,2015-01-15T05:16:16.387,469279,1321,,449.1,294.123741,1.464991,,,,,,2,2014-01-15T04:03:47.697,56672.16930206,720.0,HD101412_984313_2014-01-15T03:50:43.843_S0.4x11_1x1_VIS_NOD,ESO-VLT-U3,"ECHELLE,SLIT,NODDING",["984313"],IDP,XS_SFLX_984313_2014-01-15T03:50:43.843_S0.4x11_1x1_VIS_NOD.fits,,,true
http://archive.eso.org/datalink/links?ID=ivo://eso.org/ID?ADP.2014-05-23T08:18:21.420,,SPECTRUM,SPECTRUM (FLUX CALIBRATED),XSHOOTER,La Silla Paranal APEX,Non-solar,56672.16016854,2014-01-15T03:50:38.563,720.0,"[gte:298.92, lte:555.98]",9861.0,,["092.C-0126"],"["SCHOELLER, MARKUS"]","ESO, PHASE3",XSHOOTER,HD101412,,2014-05-23T00:00:00.000,POSITION J2000 174.933814 -60.1747,174.933814,-60.1747,ADP.2014-05-23T08:18:21.420,1,2015-01-15T05:20:09.873,469275,725,,487.1,294.123741,1.464991,,,,,,2,2014-01-15T04:04:07.577,56672.16953211,720.0,HD101412_984313_2014-01-15T03:50:38.563_S0.5x11_1x1_UVB_NOD,ESO-VLT-U3,"ECHELLE,SLIT,NODDING",["984313"],IDP,XS_SFLX_984313_2014-01-15T03:50:38.563_S0.5x11_1x1_UVB_NOD.fits,,,true
http://archive.eso.org/datalink/links?ID=ivo://eso.org/ID?ADP.2014-05-26T14:31:04.310,,SPECTRUM,SPECTRUM (FLUX CALIBRATED),XSHOOTER,La Silla Paranal APEX,Non-solar,56717.0496218,2014-03-01T01:11:27.323,720.0,"[gte:994.02, lte:2478.96]",11424.0,,["092.C-0126"],"["SCHOELLER, MARKUS"]","ESO, PHASE3",XSHOOTER,HD101412,,2014-05-26T00:00:00.000,POSITION J2000 174.933758 -60.17471,174.933758,-60.17471,ADP.2014-05-26T14:31:04.310,1,2015-03-01T02:31:01.073,469874,1350,,419.7,294.123718,1.464974,,,,,,2,2014-03-01T01:24:23.590,56717.05860636,720.0,HD101412_984340_2014-03-01T01:11:27.324_S0.4x11_NIR_NOD,ESO-VLT-U3,"ECHELLE,SLIT,NODDING",["984340"],IDP,XS_SFLX_984340_2014-03-01T01:11:27.324_S0.4x11_NIR_NOD.fits,,,true
http://archive.eso.org/datalink/links?ID=ivo://eso.org/ID?ADP.2014-05-26T14:31:04.637,,SPECTRUM,SPECTRUM (FLUX CALIBRATED),XSHOOTER,La Silla Paranal APEX,Non-solar,56717.04958803,2014-03-01T01:11:24.407,480.0,"[gte:533.66, lte:1020.0]",18340.0,,["092.C-0126"],"["SCHOELLER, MARKUS"]","ESO, PHASE3",XSHOOTER,HD101412,,2014-05-26T00:00:00.000,POSITION J2000 174.933758 -60.17471,174.933758,-60.17471,ADP.2014-05-26T14:31:04.637,1,2015-03-01T02:31:01.073,469867,1321,,443.9,294.123717,1.464974,,,,,,2,2014-03-01T01:22:20.500,56717.05718172,480.0,HD101412_984340_2014-03-01T01:11:24.407_S0.4x11_1x1_VIS_NOD,ESO-VLT-U3,"ECHELLE,SLIT,NODDING",["984340"],IDP,XS_SFLX_984340_2014-03-01T01:11:24.407_S0.4x11_1x1_VIS_NOD.fits,,,true
http://archive.eso.org/datalink/links?ID=ivo://eso.org/ID?ADP.2014-05-26T14:31:04.317,,SPECTRUM,SPECTRUM (FLUX CALIBRATED),XSHOOTER,La Silla Paranal APEX,Non-solar,56717.04952749,2014-03-01T01:11:19.177,720.0,"[gte:298.92, lte:555.98]",9861.0,,["092.C-0126"],"["SCHOELLER, MARKUS"]","ESO, PHASE3",XSHOOTER,HD101412,,2014-05-26T00:00:00.000,POSITION J2000 174.933758 -60.17471,174.933758,-60.17471,ADP.2014-05-26T14:31:04.317,1,2015-03-01T02:31:01.073,469864,725,,592.0,294.123717,1.464974,,,,,,2,2014-03-01T01:24:41.677,56717.05881571,720.0,HD101412_984340_2014-03-01T01:11:19.176_S0.5x11_1x1_UVB_NOD,ESO-VLT-U3,"ECHELLE,SLIT,NODDING",["984340"],IDP,XS_SFLX_984340_2014-03-01T01:11:19.176_S0.5x11_1x1_UVB_NOD.fits,,,true
http://archive.eso.org/datalink/links?ID=ivo://eso.org/ID?ADP.2014-05-26T14:31:04.650,,SPECTRUM,SPECTRUM (FLUX CALIBRATED),XSHOOTER,La Silla Paranal APEX,Non-solar,56717.03932257,2014-03-01T00:56:37.470,720.0,"[gte:994.02, lte:2478.96]",11424.0,,["092.C-0126"],"["SCHOELLER, MARKUS"]","ESO, PHASE3",XSHOOTER,HD101412,,2014-05-26T00:00:00.000,POSITION J2000 174.933758 -60.17471,174.933758,-60.17471,ADP.2014-05-26T14:31:04.650,1,2015-03-01T02:16:27.213,469873,1350,,402.8,294.123718,1.464974,,,,,,2,2014-03-01T01:09:36.400,56717.04833797,720.0,HD101412_984340_2014-03-01T00:56:37.470_S0.4x11_NIR_NOD,ESO-VLT-U3,"ECHELLE,SLIT,NODDING",["984340"],IDP,XS_SFLX_984340_2014-03-01T00:56:37.470_S0.4x11_NIR_NOD.fits,,,true
http://archive.eso.org/datalink/links?ID=ivo://eso.org/ID?ADP.2014-05-26T14:31:04.363,,SPECTRUM,SPECTRUM (FLUX CALIBRATED),XSHOOTER,La Silla Paranal APEX,Non-solar,56717.03928937,2014-03-01T00:56:34.603,240.0,"[gte:533.66, lte:1020.0]",18340.0,,["092.C-0126"],"["SCHOELLER, MARKUS"]","ESO, PHASE3",XSHOOTER,HD101412,,2014-05-26T00:00:00.000,POSITION J2000 174.933758 -60.17471,174.933758,-60.17471,ADP.2014-05-26T14:31:04.363,1,2015-03-01T02:16:27.213,469877,1321,,295.1,294.123717,1.464974,,,,,,2,2014-03-01T01:05:33.497,56717.04552658,240.0,HD101412_984340_2014-03-01T00:56:34.602_S0.4x11_1x1_VIS_NOD,ESO-VLT-U3,"ECHELLE,SLIT,NODDING",["984340"],IDP,XS_SFLX_984340_2014-03-01T00:56:34.602_S0.4x11_1x1_VIS_NOD.fits,,,true
http://archive.eso.org/datalink/links?ID=ivo://eso.org/ID?ADP.2014-05-26T14:31:04.563,,SPECTRUM,SPECTRUM (FLUX CALIBRATED),XSHOOTER,La Silla Paranal APEX,Non-solar,56717.03922883,2014-03-01T00:56:29.370,720.0,"[gte:298.92, lte:555.98]",9861.0,,["092.C-0126"],"["SCHOELLER, MARKUS"]","ESO, PHASE3",XSHOOTER,HD101412,,2014-05-26T00:00:00.000,POSITION J2000 174.933758 -60.17471,174.933758,-60.17471,ADP.2014-05-26T14:31:04.563,1,2015-03-01T02:16:27.213,469872,725,,557.9,294.123717,1.464974,,,,,,2,2014-03-01T01:09:54.343,56717.04854564,720.0,HD101412_984340_2014-03-01T00:56:29.371_S0.5x11_1x1_UVB_NOD,ESO-VLT-U3,"ECHELLE,SLIT,NODDING",["984340"],IDP,XS_SFLX_984340_2014-03-01T00:56:29.371_S0.5x11_1x1_UVB_NOD.fits,,,true
http://archive.eso.org/datalink/links?ID=ivo://eso.org/ID?ADP.2014-05-26T14:22:35.423,,SPECTRUM,SPECTRUM (FLUX CALIBRATED),XSHOOTER,La Silla Paranal APEX,Non-solar,56706.09665827,2014-02-18T02:19:11.277,720.0,"[gte:994.02, lte:2478.96]",11424.0,,["092.C-0126"],"["SCHOELLER, MARKUS"]","ESO, PHASE3",XSHOOTER,HD101412,,2014-05-26T00:00:00.000,POSITION J2000 174.934015 -60.1748,174.934015,-60.1748,ADP.2014-05-26T14:22:35.423,1,2015-02-18T03:41:21.773,469718,1350,,470.4,294.123865,1.464923,,,,,,2,2014-02-18T02:33:04.863,56706.10630628,720.0,HD101412_984334_2014-02-18T02:19:11.275_S0.4x11_NIR_NOD,ESO-VLT-U3,"ECHELLE,SLIT,NODDING",["984334"],IDP,XS_SFLX_984334_2014-02-18T02:19:11.275_S0.4x11_NIR_NOD.fits,,,true
http://archive.eso.org/datalink/links?ID=ivo://eso.org/ID?ADP.2014-05-26T14:22:35.310,,SPECTRUM,SPECTRUM (FLUX CALIBRATED),XSHOOTER,La Silla Paranal APEX,Non-solar,56706.09662591,2014-02-18T02:19:08.480,720.0,"[gte:533.66, lte:1020.0]",18340.0,,["092.C-0126"],"["SCHOELLER, MARKUS"]","ESO, PHASE3",XSHOOTER,HD101412,,2014-05-26T00:00:00.000,POSITION J2000 174.934015 -60.1748,174.934015,-60.1748,ADP.2014-05-26T14:22:35.310,1,2015-02-18T03:56:29.937,469711,1321,,385.0,294.123865,1.464922,,,,,,2,2014-02-18T02:34:01.733,56706.10696449,720.0,HD101412_984334_2014-02-18T02:19:08.479_S0.4x11_1x1_VIS_NOD,ESO-VLT-U3,"ECHELLE,SLIT,NODDING",["984334"],IDP,XS_SFLX_984334_2014-02-18T02:19:08.479_S0.4x11_1x1_VIS_NOD.fits,,,true
http://archive.eso.org/datalink/links?ID=ivo://eso.org/ID?ADP.2014-05-26T14:22:35.263,,SPECTRUM,SPECTRUM (FLUX CALIBRATED),XSHOOTER,La Silla Paranal APEX,Non-solar,56706.09656525,2014-02-18T02:19:03.237,720.0,"[gte:298.92, lte:555.98]",9861.0,,["092.C-0126"],"["SCHOELLER, MARKUS"]","ESO, PHASE3",XSHOOTER,HD101412,,2014-05-26T00:00:00.000,POSITION J2000 174.934015 -60.1748,174.934015,-60.1748,ADP.2014-05-26T14:22:35.263,1,2015-02-18T03:41:21.773,469716,725,,642.7,294.123865,1.464922,,,,,,2,2014-02-18T02:33:23.287,56706.1065195,720.0,HD101412_984334_2014-02-18T02:19:03.238_S0.5x11_1x1_UVB_NOD,ESO-VLT-U3,"ECHELLE,SLIT,NODDING",["984334"],IDP,XS_SFLX_984334_2014-02-18T02:19:03.238_S0.5x11_1x1_UVB_NOD.fits,,,true
http://archive.eso.org/datalink/links?ID=ivo://eso.org/ID?ADP.2014-05-26T14:22:35.103,,SPECTRUM,SPECTRUM (FLUX CALIBRATED),XSHOOTER,La Silla Paranal APEX,Non-solar,56706.08507007,2014-02-18T02:02:30.053,720.0,"[gte:994.02, lte:2478.96]",11424.0,,["092.C-0126"],"["SCHOELLER, MARKUS"]","ESO, PHASE3",XSHOOTER,HD101412,,2014-05-26T00:00:00.000,POSITION J2000 174.934015 -60.1748,174.934015,-60.1748,ADP.2014-05-26T14:22:35.103,1,2015-02-18T03:26:27.050,469714,1350,,474.8,294.123865,1.464923,,,,,,2,2014-02-18T02:16:19.643,56706.09467179,720.0,HD101412_984334_2014-02-18T02:02:30.054_S0.4x11_NIR_NOD,ESO-VLT-U3,"ECHELLE,SLIT,NODDING",["984334"],IDP,XS_SFLX_984334_2014-02-18T02:02:30.054_S0.4x11_NIR_NOD.fits,,,true
http://archive.eso.org/datalink/links?ID=ivo://eso.org/ID?ADP.2014-05-26T14:22:35.290,,SPECTRUM,SPECTRUM (FLUX CALIBRATED),XSHOOTER,La Silla Paranal APEX,Non-solar,56706.08503398,2014-02-18T02:02:26.937,720.0,"[gte:533.66, lte:1020.0]",18340.0,,["092.C-0126"],"["SCHOELLER, MARKUS"]","ESO, PHASE3",XSHOOTER,HD101412,,2014-05-26T00:00:00.000,POSITION J2000 174.934015 -60.1748,174.934015,-60.1748,ADP.2014-05-26T14:22:35.290,1,2015-02-18T03:26:27.050,469706,1321,,587.6,294.123865,1.464922,,,,,,2,2014-02-18T02:17:01.703,56706.0951586,720.0,HD101412_984334_2014-02-18T02:02:26.936_S0.4x11_1x1_VIS_NOD,ESO-VLT-U3,"ECHELLE,SLIT,NODDING",["984334"],IDP,XS_SFLX_984334_2014-02-18T02:02:26.936_S0.4x11_1x1_VIS_NOD.fits,,,true
http://archive.eso.org/datalink/links?ID=ivo://eso.org/ID?ADP.2014-05-26T14:22:35.203,,SPECTRUM,SPECTRUM (FLUX CALIBRATED),XSHOOTER,La Silla Paranal APEX,Non-solar,56706.08497344,2014-02-18T02:02:21.707,720.0,"[gte:298.92, lte:555.98]",9861.0,,["092.C-0126"],"["SCHOELLER, MARKUS"]","ESO, PHASE3",XSHOOTER,HD101412,,2014-05-26T00:00:00.000,POSITION J2000 174.934015 -60.1748,174.934015,-60.1748,ADP.2014-05-26T14:22:35.203,1,2015-02-18T03:26:27.050,469710,725,,660.1,294.123865,1.464922,,,,,,2,2014-02-18T02:16:55.503,56706.09508683,720.0,HD101412_984334_2014-02-18T02:02:21.706_S0.5x11_1x1_UVB_NOD,ESO-VLT-U3,"ECHELLE,SLIT,NODDING",["984334"],IDP,XS_SFLX_984334_2014-02-18T02:02:21.706_S0.5x11_1x1_UVB_NOD.fits,,,true
http://archive.eso.org/datalink/links?ID=ivo://eso.org/ID?ADP.2014-05-26T14:22:35.137,,SPECTRUM,SPECTRUM (FLUX CALIBRATED),XSHOOTER,La Silla Paranal APEX,Non-solar,56706.07419932,2014-02-18T01:46:50.820,720.0,"[gte:994.02, lte:2478.96]",11424.0,,["092.C-0126"],"["SCHOELLER, MARKUS"]","ESO, PHASE3",XSHOOTER,HD101412,,2014-05-26T00:00:00.000,POSITION J2000 174.934015 -60.1748,174.934015,-60.1748,ADP.2014-05-26T14:22:35.137,1,2015-02-18T03:11:18.587,469709,1350,,466.3,294.123865,1.464923,,,,,,2,2014-02-18T01:59:53.753,56706.08326103,720.0,HD101412_984334_2014-02-18T01:46:50.821_S0.4x11_NIR_NOD,ESO-VLT-U3,"ECHELLE,SLIT,NODDING",["984334"],IDP,XS_SFLX_984334_2014-02-18T01:46:50.821_S0.4x11_NIR_NOD.fits,,,true
http://archive.eso.org/datalink/links?ID=ivo://eso.org/ID?ADP.2014-05-26T14:22:35.330,,SPECTRUM,SPECTRUM (FLUX CALIBRATED),XSHOOTER,La Silla Paranal APEX,Non-solar,56706.07416109,2014-02-18T01:46:47.520,720.0,"[gte:533.66, lte:1020.0]",18340.0,,["092.C-0126"],"["SCHOELLER, MARKUS"]","ESO, PHASE3",XSHOOTER,HD101412,,2014-05-26T00:00:00.000,POSITION J2000 174.934015 -60.1748,174.934015,-60.1748,ADP.2014-05-26T14:22:35.330,1,2015-02-18T03:11:18.587,469705,1321,,577.2,294.123865,1.464922,,,,,,2,2014-02-18T01:59:50.633,56706.08322492,720.0,HD101412_984334_2014-02-18T01:46:47.518_S0.4x11_1x1_VIS_NOD,ESO-VLT-U3,"ECHELLE,SLIT,NODDING",["984334"],IDP,XS_SFLX_984334_2014-02-18T01:46:47.518_S0.4x11_1x1_VIS_NOD.fits,,,true
http://archive.eso.org/datalink/links?ID=ivo://eso.org/ID?ADP.2014-05-26T14:22:35.463,,SPECTRUM,SPECTRUM (FLUX CALIBRATED),XSHOOTER,La Silla Paranal APEX,Non-solar,56706.07410056,2014-02-18T01:46:42.287,720.0,"[gte:298.92, lte:555.98]",9861.0,,["092.C-0126"],"["SCHOELLER, MARKUS"]","ESO, PHASE3",XSHOOTER,HD101412,,2014-05-26T00:00:00.000,POSITION J2000 174.934015 -60.1748,174.934015,-60.1748,ADP.2014-05-26T14:22:35.463,1,2015-02-18T03:11:18.587,469713,725,,643.4,294.123865,1.464922,,,,,,2,2014-02-18T02:00:10.380,56706.08345347,720.0,HD101412_984334_2014-02-18T01:46:42.288_S0.5x11_1x1_UVB_NOD,ESO-VLT-U3,"ECHELLE,SLIT,NODDING",["984334"],IDP,XS_SFLX_984334_2014-02-18T01:46:42.288_S0.5x11_1x1_UVB_NOD.fits,,,true
http://archive.eso.org/datalink/links?ID=ivo://eso.org/ID?ADP.2014-05-17T08:32:18.657,,SPECTRUM,SPECTRUM (FLUX CALIBRATED),XSHOOTER,La Silla Paranal APEX,Non-solar,55947.27525982,2012-01-21T06:36:22.447,16.0,"[gte:994.02, lte:2478.96]",1029.0,,["088.C-0218"],"["MENDIGUTIA, IGNACIO"]","ESO, PHASE3",XSHOOTER,HD-101412,,2014-05-17T00:00:00.000,POSITION J2000 174.946241 -60.18183,174.946241,-60.18183,ADP.2014-05-17T08:32:18.657,1,2013-04-20T14:21:54.637,455056,1347,,52.1,294.131641,1.459827,,,,,,2,2012-01-21T06:37:53.483,55947.27631345,16.0,HD-101412_586431_2012-01-21T06:36:22.448_S5.0x11_NIR_NOD,ESO-VLT-U2,"ECHELLE,SLIT,NODDING",["586431"],IDP,XS_SFLX_586431_2012-01-21T06:36:22.448_S5.0x11_NIR_NOD.fits,,,true
http://archive.eso.org/datalink/links?ID=ivo://eso.org/ID?ADP.2014-05-17T08:32:18.363,,SPECTRUM,SPECTRUM (FLUX CALIBRATED),XSHOOTER,La Silla Paranal APEX,Non-solar,55947.27522367,2012-01-21T06:36:19.327,20.0,"[gte:533.66, lte:1020.0]",1512.0,,["088.C-0218"],"["MENDIGUTIA, IGNACIO"]","ESO, PHASE3",XSHOOTER,HD-101412,,2014-05-17T00:00:00.000,POSITION J2000 174.946241 -60.18183,174.946241,-60.18183,ADP.2014-05-17T08:32:18.363,1,2013-04-20T14:21:54.637,455073,1319,,315.1,294.131641,1.459827,,,,,,2,2012-01-21T06:37:51.720,55947.27629307,20.0,HD-101412_586431_2012-01-21T06:36:19.325_S5.0x11_2x2_VIS_NOD,ESO-VLT-U2,"ECHELLE,SLIT,NODDING",["586431"],IDP,XS_SFLX_586431_2012-01-21T06:36:19.325_S5.0x11_2x2_VIS_NOD.fits,,,true
http://archive.eso.org/datalink/links?ID=ivo://eso.org/ID?ADP.2014-05-17T08:32:18.630,,SPECTRUM,SPECTRUM (FLUX CALIBRATED),XSHOOTER,La Silla Paranal APEX,Non-solar,55947.27516405,2012-01-21T06:36:14.177,12.0,"[gte:298.92, lte:555.98]",1040.0,,["088.C-0218"],"["MENDIGUTIA, IGNACIO"]","ESO, PHASE3",XSHOOTER,HD-101412,,2014-05-17T00:00:00.000,POSITION J2000 174.946241 -60.18183,174.946241,-60.18183,ADP.2014-05-17T08:32:18.630,1,2013-04-20T14:21:54.637,455062,722,,295.8,294.131641,1.459827,,,,,,2,2012-01-21T06:37:44.533,55947.27620985,12.0,HD-101412_586431_2012-01-21T06:36:14.175_S5.0x11_2x2_UVB_NOD,ESO-VLT-U2,"ECHELLE,SLIT,NODDING",["586431"],IDP,XS_SFLX_586431_2012-01-21T06:36:14.175_S5.0x11_2x2_UVB_NOD.fits,,,true
http://archive.eso.org/datalink/links?ID=ivo://eso.org/ID?ADP.2014-05-17T08:32:18.383,,SPECTRUM,SPECTRUM (FLUX CALIBRATED),XSHOOTER,La Silla Paranal APEX,Non-solar,55947.27192542,2012-01-21T06:31:34.357,40.0,"[gte:994.02, lte:2478.96]",5573.0,,["088.C-0218"],"["MENDIGUTIA, IGNACIO"]","ESO, PHASE3",XSHOOTER,HD-101412,,2014-05-17T00:00:00.000,POSITION J2000 174.946241 -60.18183,174.946241,-60.18183,ADP.2014-05-17T08:32:18.383,1,2013-04-20T14:21:54.637,455072,1347,,85.2,294.131641,1.459827,,,,,,2,2012-01-21T06:34:43.883,55947.27411902,40.0,HD-101412_586431_2012-01-21T06:31:34.356_S0.9x11_NIR_NOD,ESO-VLT-U2,"ECHELLE,SLIT,NODDING",["586431"],IDP,XS_SFLX_586431_2012-01-21T06:31:34.356_S0.9x11_NIR_NOD.fits,,,true
http://archive.eso.org/datalink/links?ID=ivo://eso.org/ID?ADP.2014-05-17T08:32:18.390,,SPECTRUM,SPECTRUM (FLUX CALIBRATED),XSHOOTER,La Silla Paranal APEX,Non-solar,55947.27189585,2012-01-21T06:31:31.800,80.0,"[gte:533.66, lte:1020.0]",8935.0,,["088.C-0218"],"["MENDIGUTIA, IGNACIO"]","ESO, PHASE3",XSHOOTER,HD-101412,,2014-05-17T00:00:00.000,POSITION J2000 174.946241 -60.18183,174.946241,-60.18183,ADP.2014-05-17T08:32:18.390,1,2013-04-20T14:21:54.637,455077,1319,,217.5,294.131641,1.459827,,,,,,2,2012-01-21T06:34:51.097,55947.2742025,80.0,HD-101412_586431_2012-01-21T06:31:31.802_S0.9x11_1x1_VIS_NOD,ESO-VLT-U2,"ECHELLE,SLIT,NODDING",["586431"],IDP,XS_SFLX_586431_2012-01-21T06:31:31.802_S0.9x11_1x1_VIS_NOD.fits,,,truehttp://archive.eso.org/datalink/links?ID=ivo://eso.org/ID?ADP.2014-05-15T14:50:09.847,,SPECTRUM,SPECTRUM (FLUX CALIBRATED),XSHOOTER,La Silla Paranal APEX,Non-solar,55286.20741234,2010-03-31T04:58:40.427,1200.0,"[gte:994.02, lte:2478.96]",11424.0,,["084.C-0952"],"["OUDMAIJER, R.D."]","ESO, PHASE3",XSHOOTER,PDS-344,,2014-05-15T00:00:00.000,POSITION J2000 175.13668 -64.53419,175.13668,-64.53419,ADP.2014-05-15T14:50:09.847,1,2011-04-09T13:12:47.860,438186,1347,,78.7,295.4026,-2.703869,,,,,,2,2010-03-31T05:21:18.550,55286.22313137,1200.0,PDS-344_387849_2010-03-31T04:58:40.426_S0.4x11_NIR_NOD,ESO-VLT-U2,"ECHELLE,SLIT,NODDING",["387849"],IDP,XS_SFLX_387849_2010-03-31T04:58:40.426_S0.4x11_NIR_NOD.fits,,,true
http://archive.eso.org/datalink/links?ID=ivo://eso.org/ID?ADP.2014-05-15T14:50:08.973,,SPECTRUM,SPECTRUM (FLUX CALIBRATED),XSHOOTER,La Silla Paranal APEX,Non-solar,55286.2073782,2010-03-31T04:58:37.477,1200.0,"[gte:533.66, lte:1020.0]",18340.0,,["084.C-0952"],"["OUDMAIJER, R.D."]","ESO, PHASE3",XSHOOTER,PDS-344,,2014-05-15T00:00:00.000,POSITION J2000 175.13668 -64.53419,175.13668,-64.53419,ADP.2014-05-15T14:50:08.973,1,2011-04-09T13:12:47.733,438185,1319,,135.7,295.4026,-2.703868,,,,,,2,2010-03-31T05:21:15.437,55286.22309535,1200.0,PDS-344_387849_2010-03-31T04:58:37.476_S0.4x11_1x1_VIS_NOD,ESO-VLT-U2,"ECHELLE,SLIT,NODDING",["387849"],IDP,XS_SFLX_387849_2010-03-31T04:58:37.476_S0.4x11_1x1_VIS_NOD.fits,,,true
http://archive.eso.org/datalink/links?ID=ivo://eso.org/ID?ADP.2014-05-15T14:50:09.460,,SPECTRUM,SPECTRUM (FLUX CALIBRATED),XSHOOTER,La Silla Paranal APEX,Non-solar,55286.20731419,2010-03-31T04:58:31.947,1200.0,"[gte:298.92, lte:555.98]",9861.0,,["084.C-0952"],"["OUDMAIJER, R.D."]","ESO, PHASE3",XSHOOTER,PDS-344,,2014-05-15T00:00:00.000,POSITION J2000 175.13668 -64.53419,175.13668,-64.53419,ADP.2014-05-15T14:50:09.460,1,2011-04-09T13:12:47.700,438217,722,,150.4,295.4026,-2.703868,,,,,,2,2010-03-31T05:21:10.227,55286.22303504,1200.0,PDS-344_387849_2010-03-31T04:58:31.946_S0.5x11_1x1_UVB_NOD,ESO-VLT-U2,"ECHELLE,SLIT,NODDING",["387849"],IDP,XS_SFLX_387849_2010-03-31T04:58:31.946_S0.5x11_1x1_UVB_NOD.fits,,,true
http://archive.eso.org/datalink/links?ID=ivo://eso.org/ID?ADP.2014-05-15T14:50:09.000,,SPECTRUM,SPECTRUM (FLUX CALIBRATED),XSHOOTER,La Silla Paranal APEX,Non-solar,55286.20606032,2010-03-31T04:56:43.613,1.0,"[gte:994.02, lte:2478.96]",11424.0,,["084.C-0952"],"["OUDMAIJER, R.D."]","ESO, PHASE3",XSHOOTER,PDS-344,,2014-05-15T00:00:00.000,POSITION J2000 175.136019 -64.53487,175.136019,-64.53487,ADP.2014-05-15T14:50:09.000,1,2011-04-09T13:12:47.200,438196,1350,,0.2,295.402511,-2.7046,,,,,,2,2010-03-31T04:56:44.610,55286.20607189,1.0,PDS-344_387849_2010-03-31T04:56:43.612_S0.4x11_NIR_STA,ESO-VLT-U2,"ECHELLE,SLIT,STARE",["387849"],IDP,XS_SFLX_387849_2010-03-31T04:56:43.612_S0.4x11_NIR_STA.fits,,,true
http://archive.eso.org/datalink/links?ID=ivo://eso.org/ID?ADP.2014-05-15T14:50:09.900,,SPECTRUM,SPECTRUM (FLUX CALIBRATED),XSHOOTER,La Silla Paranal APEX,Non-solar,55286.20602299,2010-03-31T04:56:40.387,60.0,"[gte:533.66, lte:1020.0]",18340.0,,["084.C-0952"],"["OUDMAIJER, R.D."]","ESO, PHASE3",XSHOOTER,PDS-344,,2014-05-15T00:00:00.000,POSITION J2000 175.136019 -64.53487,175.136019,-64.53487,ADP.2014-05-15T14:50:09.900,1,2011-04-09T13:12:47.167,438199,1321,,24.7,295.402511,-2.7046,,,,,,2,2010-03-31T04:57:40.387,55286.20671743,60.0,PDS-344_387849_2010-03-31T04:56:40.386_S0.4x11_1x1_VIS_STA,ESO-VLT-U2,"ECHELLE,SLIT,STARE",["387849"],IDP,XS_SFLX_387849_2010-03-31T04:56:40.386_S0.4x11_1x1_VIS_STA.fits,,,truehttp://archive.eso.org/datalink/links?ID=ivo://eso.org/ID?ADP.2014-05-15T14:48:24.250,,SPECTRUM,SPECTRUM (FLUX CALIBRATED),XSHOOTER,La Silla Paranal APEX,Non-solar,55285.19573159,2010-03-30T04:41:51.210,120.0,"[gte:994.02, lte:2478.96]",11424.0,,["084.C-0952"],"["OUDMAIJER, R.D."]","ESO, PHASE3",XSHOOTER,HD-104237,,2014-05-15T00:00:00.000,POSITION J2000 180.020225 -78.19222,180.020225,-78.19222,ADP.2014-05-15T14:48:24.250,1,2011-04-09T13:13:50.480,438148,1347,,116.3,300.226108,-15.591238,,,,,,2,2010-03-30T04:50:27.437,55285.20170645,120.0,HD-104237_387950_2010-03-30T04:41:51.209_S0.4x11_NIR_NOD,ESO-VLT-U2,"ECHELLE,SLIT,NODDING",["387950"],IDP,XS_SFLX_387950_2010-03-30T04:41:51.209_S0.4x11_NIR_NOD.fits,,,true
http://archive.eso.org/datalink/links?ID=ivo://eso.org/ID?ADP.2014-05-15T14:48:24.190,,SPECTRUM,SPECTRUM (FLUX CALIBRATED),XSHOOTER,La Silla Paranal APEX,Non-solar,55285.19569629,2010-03-30T04:41:48.160,36.0,"[gte:533.66, lte:1020.0]",18340.0,,["084.C-0952"],"["OUDMAIJER, R.D."]","ESO, PHASE3",XSHOOTER,HD-104237,,2014-05-15T00:00:00.000,POSITION J2000 180.020225 -78.19222,180.020225,-78.19222,ADP.2014-05-15T14:48:24.190,1,2011-04-09T13:13:50.547,438158,1321,,233.0,300.226108,-15.591237,,,,,,2,2010-03-30T04:50:57.957,55285.20205967,36.0,HD-104237_387950_2010-03-30T04:41:48.159_S0.4x11_1x1_VIS_NOD,ESO-VLT-U2,"ECHELLE,SLIT,NODDING",["387950"],IDP,XS_SFLX_387950_2010-03-30T04:41:48.159_S0.4x11_1x1_VIS_NOD.fits,,,true
http://archive.eso.org/datalink/links?ID=ivo://eso.org/ID?ADP.2014-05-15T14:48:23.930,,SPECTRUM,SPECTRUM (FLUX CALIBRATED),XSHOOTER,La Silla Paranal APEX,Non-solar,55285.19563551,2010-03-30T04:41:42.907,36.0,"[gte:298.92, lte:555.98]",9861.0,,["084.C-0952"],"["OUDMAIJER, R.D."]","ESO, PHASE3",XSHOOTER,HD-104237,,2014-05-15T00:00:00.000,POSITION J2000 180.020225 -78.19222,180.020225,-78.19222,ADP.2014-05-15T14:48:23.930,1,2011-04-09T13:13:50.523,438168,725,,268.5,300.226108,-15.591237,,,,,,2,2010-03-30T04:50:51.727,55285.20198755,36.0,HD-104237_387950_2010-03-30T04:41:42.908_S0.5x11_1x1_UVB_NOD,ESO-VLT-U2,"ECHELLE,SLIT,NODDING",["387950"],IDP,XS_SFLX_387950_2010-03-30T04:41:42.908_S0.5x11_1x1_UVB_NOD.fits,,,true
http://archive.eso.org/datalink/links?ID=ivo://eso.org/ID?ADP.2018-05-07T12:22:27.542,,SPECTRUM,SPECTRUM (FLUX CALIBRATED),XSHOOTER,La Silla Paranal APEX,Non-solar,58219.1341651,2018-04-11T03:13:11.867,212.832,"[gte:994.02, lte:2478.96]",11424.0,,["0101.C-0527"],"["CACERES, CLAUDIO"]","ESO, PHASE3",XSHOOTER,FLG2003 eps Cha 5,,2018-05-07T12:27:54.000,POSITION J2000 180.019293 -78.19224,180.019293,-78.19224,ADP.2018-05-07T12:22:27.542,1,2019-04-11T03:30:51.347,6136960,1365,,59.4,300.225919,-15.591297,,,,,,2,2018-04-11T03:26:13.550,58219.14321239,212.832,FLG2003epsCha5_1944078_2018-04-11T03:13:11.865_S0.4x11_NIR_NOD,ESO-VLT-U2,"ECHELLE,SLIT,NODDING",["1944078"],IDP,XS_SFLX_1944078_2018-04-11T03:13:11.865_S0.4x11_NIR_NOD.fits,,,true
http://archive.eso.org/datalink/links?ID=ivo://eso.org/ID?ADP.2018-05-07T12:22:27.696,,SPECTRUM,SPECTRUM (FLUX CALIBRATED),XSHOOTER,La Silla Paranal APEX,Non-solar,58219.13412419,2018-04-11T03:13:08.330,1.6,"[gte:533.66, lte:1020.0]",18340.0,,["0101.C-0527"],"["CACERES, CLAUDIO"]","ESO, PHASE3",XSHOOTER,FLG2003 eps Cha 5,,2018-05-07T12:27:54.000,POSITION J2000 180.019293 -78.19224,180.019293,-78.19224,ADP.2018-05-07T12:22:27.696,1,2019-04-11T03:30:51.347,6136995,1330,,44.4,300.225918,-15.591296,,,,,,2,2018-04-11T03:23:33.933,58219.14136498,1.6,FLG2003epsCha5_1944078_2018-04-11T03:13:08.330_S0.4x11_1x1_VIS_NOD,ESO-VLT-U2,"ECHELLE,SLIT,NODDING",["1944078"],IDP,XS_SFLX_1944078_2018-04-11T03:13:08.330_S0.4x11_1x1_VIS_NOD.fits,,,true
http://archive.eso.org/datalink/links?ID=ivo://eso.org/ID?ADP.2018-05-07T12:22:27.674,,SPECTRUM,SPECTRUM (FLUX CALIBRATED),XSHOOTER,La Silla Paranal APEX,Non-solar,58219.13406364,2018-04-11T03:13:03.100,1.6,"[gte:298.92, lte:555.98]",9861.0,,["0101.C-0527"],"["CACERES, CLAUDIO"]","ESO, PHASE3",XSHOOTER,FLG2003 eps Cha 5,,2018-05-07T12:27:54.000,POSITION J2000 180.019293 -78.19224,180.019293,-78.19224,ADP.2018-05-07T12:22:27.674,1,2019-04-11T03:30:51.347,6136990,734,,58.7,300.225918,-15.591296,,,,,,2,2018-04-11T03:23:28.673,58219.14130409,1.6,FLG2003epsCha5_1944078_2018-04-11T03:13:03.099_S0.5x11_1x1_UVB_NOD,ESO-VLT-U2,"ECHELLE,SLIT,NODDING",["1944078"],IDP,XS_SFLX_1944078_2018-04-11T03:13:03.099_S0.5x11_1x1_UVB_NOD.fits,,,true
http://archive.eso.org/datalink/links?ID=ivo://eso.org/ID?ADP.2014-05-17T16:42:27.883,,SPECTRUM,SPECTRUM (FLUX CALIBRATED),XSHOOTER,La Silla Paranal APEX,Non-solar,56338.39601184,2013-02-15T09:30:15.423,6.0,"[gte:994.02, lte:2478.96]",11424.0,,["090.D-0212"],"["TRAMPER, FRANK"]","ESO, PHASE3",XSHOOTER,HD104237,,2014-05-17T00:00:00.000,POSITION J2000 180.021612 -78.19218,180.021612,-78.19218,ADP.2014-05-17T16:42:27.883,1,2014-02-15T09:31:10.520,461935,1350,,141.5,300.226388,-15.59114,,,,,,2,2013-02-15T09:31:13.520,56338.39668427,6.0,HD104237_200259931_2013-02-15T09:30:15.423_S0.4x11_NIR_NOD,ESO-VLT-U2,"ECHELLE,SLIT,NODDING",["200259931"],IDP,XS_SFLX_200259931_2013-02-15T09:30:15.423_S0.4x11_NIR_NOD.fits,,,true
http://archive.eso.org/datalink/links?ID=ivo://eso.org/ID?ADP.2014-05-17T16:42:27.963,,SPECTRUM,SPECTRUM (FLUX CALIBRATED),XSHOOTER,La Silla Paranal APEX,Non-solar,56338.39597538,2013-02-15T09:30:12.273,6.0,"[gte:533.66, lte:1020.0]",18340.0,,["090.D-0212"],"["TRAMPER, FRANK"]","ESO, PHASE3",XSHOOTER,HD104237,,2014-05-17T00:00:00.000,POSITION J2000 180.021612 -78.19218,180.021612,-78.19218,ADP.2014-05-17T16:42:27.963,1,2014-02-15T09:31:07.227,461920,1321,,189.7,300.226388,-15.59114,,,,,,2,2013-02-15T09:31:10.227,56338.39664615,6.0,HD104237_200259931_2013-02-15T09:30:12.274_S0.4x11_1x1_VIS_NOD,ESO-VLT-U2,"ECHELLE,SLIT,NODDING",["200259931"],IDP,XS_SFLX_200259931_2013-02-15T09:30:12.274_S0.4x11_1x1_VIS_NOD.fits,,,true
http://archive.eso.org/datalink/links?ID=ivo://eso.org/ID?ADP.2014-05-17T16:42:27.630,,SPECTRUM,SPECTRUM (FLUX CALIBRATED),XSHOOTER,La Silla Paranal APEX,Non-solar,56338.39591519,2013-02-15T09:30:07.073,6.0,"[gte:298.92, lte:555.98]",9861.0,,["090.D-0212"],"["TRAMPER, FRANK"]","ESO, PHASE3",XSHOOTER,HD104237,,2014-05-17T00:00:00.000,POSITION J2000 180.021612 -78.19218,180.021612,-78.19218,ADP.2014-05-17T16:42:27.630,1,2014-02-15T09:31:02.777,461936,722,,230.4,300.226388,-15.59114,,,,,,2,2013-02-15T09:31:05.077,56338.39658654,6.0,HD104237_200259931_2013-02-15T09:30:07.073_S0.5x11_1x1_UVB_NOD,ESO-VLT-U2,"ECHELLE,SLIT,NODDING",["200259931"],IDP,XS_SFLX_200259931_2013-02-15T09:30:07.073_S0.5x11_1x1_UVB_NOD.fits,,,true
http://archive.eso.org/datalink/links?ID=ivo://eso.org/ID?ADP.2014-05-23T11:56:08.273,,SPECTRUM,SPECTRUM (FLUX CALIBRATED),XSHOOTER,La Silla Paranal APEX,Non-solar,56678.34786532,2014-01-21T08:20:55.563,120.0,"[gte:994.02, lte:2478.96]",11424.0,,["092.C-0126"],"["SCHOELLER, MARKUS"]","ESO, PHASE3",XSHOOTER,HD104237,,2014-05-23T00:00:00.000,POSITION J2000 180.018849 -78.19246,180.018849,-78.19246,ADP.2014-05-23T11:56:08.273,1,2015-01-21T09:46:03.673,469372,1350,,538.3,300.225873,-15.591531,,,,,,2,2014-01-21T08:25:25.843,56678.35099355,120.0,HD104237_984381_2014-01-21T08:20:55.564_S0.4x11_NIR_NOD,ESO-VLT-U3,"ECHELLE,SLIT,NODDING",["984381"],IDP,XS_SFLX_984381_2014-01-21T08:20:55.564_S0.4x11_NIR_NOD.fits,,,true
http://archive.eso.org/datalink/links?ID=ivo://eso.org/ID?ADP.2014-05-23T11:56:08.647,,SPECTRUM,SPECTRUM (FLUX CALIBRATED),XSHOOTER,La Silla Paranal APEX,Non-solar,56678.34783305,2014-01-21T08:20:52.777,120.0,"[gte:533.66, lte:1020.0]",18340.0,,["092.C-0126"],"["SCHOELLER, MARKUS"]","ESO, PHASE3",XSHOOTER,HD104237,,2014-05-23T00:00:00.000,POSITION J2000 180.018849 -78.19246,180.018849,-78.19246,ADP.2014-05-23T11:56:08.647,1,2015-01-21T09:41:23.797,469397,1321,,650.7,300.225873,-15.59153,,,,,,2,2014-01-21T08:25:55.650,56678.35133853,120.0,HD104237_984381_2014-01-21T08:20:52.776_S0.4x11_1x1_VIS_NOD,ESO-VLT-U3,"ECHELLE,SLIT,NODDING",["984381"],IDP,XS_SFLX_984381_2014-01-21T08:20:52.776_S0.4x11_1x1_VIS_NOD.fits,,,true
http://archive.eso.org/datalink/links?ID=ivo://eso.org/ID?ADP.2014-05-23T11:56:08.307,,SPECTRUM,SPECTRUM (FLUX CALIBRATED),XSHOOTER,La Silla Paranal APEX,Non-solar,56678.34777217,2014-01-21T08:20:47.517,120.0,"[gte:298.92, lte:555.98]",9861.0,,["092.C-0126"],"["SCHOELLER, MARKUS"]","ESO, PHASE3",XSHOOTER,HD104237,,2014-05-23T00:00:00.000,POSITION J2000 180.018849 -78.19246,180.018849,-78.19246,ADP.2014-05-23T11:56:08.307,1,2015-01-21T09:46:03.673,469395,725,,522.1,300.225873,-15.59153,,,,,,2,2014-01-21T08:27:15.257,56678.35225992,120.0,HD104237_984381_2014-01-21T08:20:47.515_S0.5x11_1x1_UVB_NOD,ESO-VLT-U3,"ECHELLE,SLIT,NODDING",["984381"],IDP,XS_SFLX_984381_2014-01-21T08:20:47.515_S0.5x11_1x1_UVB_NOD.fits,,,true
http://archive.eso.org/datalink/links?ID=ivo://eso.org/ID?ADP.2014-05-23T08:11:36.327,,SPECTRUM,SPECTRUM (FLUX CALIBRATED),XSHOOTER,La Silla Paranal APEX,Non-solar,56666.32341005,2014-01-09T07:45:42.627,120.0,"[gte:994.02, lte:2478.96]",11424.0,,["092.C-0126"],"["SCHOELLER, MARKUS"]","ESO, PHASE3",XSHOOTER,HD104237,,2014-05-23T00:00:00.000,POSITION J2000 180.018001 -78.19254,180.018001,-78.19254,ADP.2014-05-23T08:11:36.327,1,2015-01-09T12:20:51.283,469242,1350,,425.6,300.225714,-15.591644,,,,,,2,2014-01-09T07:49:54.857,56666.32632938,120.0,HD104237_984363_2014-01-09T07:45:42.628_S0.4x11_NIR_NOD,ESO-VLT-U3,"ECHELLE,SLIT,NODDING",["984363"],IDP,XS_SFLX_984363_2014-01-09T07:45:42.628_S0.4x11_NIR_NOD.fits,,,true
http://archive.eso.org/datalink/links?ID=ivo://eso.org/ID?ADP.2014-05-23T08:11:36.287,,SPECTRUM,SPECTRUM (FLUX CALIBRATED),XSHOOTER,La Silla Paranal APEX,Non-solar,56666.32337815,2014-01-09T07:45:39.873,120.0,"[gte:533.66, lte:1020.0]",18340.0,,["092.C-0126"],"["SCHOELLER, MARKUS"]","ESO, PHASE3",XSHOOTER,HD104237,,2014-05-23T00:00:00.000,POSITION J2000 180.018001 -78.19254,180.018001,-78.19254,ADP.2014-05-23T08:11:36.287,1,2015-01-09T12:20:51.283,469241,1321,,597.6,300.225714,-15.591644,,,,,,2,2014-01-09T07:50:38.417,56666.3268335,120.0,HD104237_984363_2014-01-09T07:45:39.873_S0.4x11_1x1_VIS_NOD,ESO-VLT-U3,"ECHELLE,SLIT,NODDING",["984363"],IDP,XS_SFLX_984363_2014-01-09T07:45:39.873_S0.4x11_1x1_VIS_NOD.fits,,,true
http://archive.eso.org/datalink/links?ID=ivo://eso.org/ID?ADP.2014-05-23T08:11:36.353,,SPECTRUM,SPECTRUM (FLUX CALIBRATED),XSHOOTER,La Silla Paranal APEX,Non-solar,56666.32331738,2014-01-09T07:45:34.623,120.0,"[gte:298.92, lte:555.98]",9861.0,,["092.C-0126"],"["SCHOELLER, MARKUS"]","ESO, PHASE3",XSHOOTER,HD104237,,2014-05-23T00:00:00.000,POSITION J2000 180.018001 -78.19254,180.018001,-78.19254,ADP.2014-05-23T08:11:36.353,1,2015-01-09T12:20:51.283,469239,725,,470.3,300.225714,-15.591644,,,,,,2,2014-01-09T07:51:28.380,56666.3274118,120.0,HD104237_984363_2014-01-09T07:45:34.622_S0.5x11_1x1_UVB_NOD,ESO-VLT-U3,"ECHELLE,SLIT,NODDING",["984363"],IDP,XS_SFLX_984363_2014-01-09T07:45:34.622_S0.5x11_1x1_UVB_NOD.fits,,,true
http://archive.eso.org/datalink/links?ID=ivo://eso.org/ID?ADP.2018-06-11T12:02:26.026,,SPECTRUM,SPECTRUM (FLUX CALIBRATED),XSHOOTER,La Silla Paranal APEX,Non-solar,58246.00222611,2018-05-08T00:03:12.337,212.832,"[gte:994.02, lte:2478.96]",11424.0,,["0101.C-0527"],"["CACERES, CLAUDIO"]","ESO, PHASE3",XSHOOTER,FLG2003 eps Cha 5,,2018-06-11T12:07:56.000,POSITION J2000 180.017503 -78.19238,180.017503,-78.19238,ADP.2018-06-11T12:02:26.026,1,2019-05-08T00:20:41.957,6144129,1365,,118.5,300.225577,-15.591509,,,,,,2,2018-05-08T00:16:10.623,58246.01123405,212.832,FLG2003epsCha5_1944078_2018-05-08T00:03:12.336_S0.4x11_NIR_NOD,ESO-VLT-U2,"ECHELLE,SLIT,NODDING",["1944078"],IDP,XS_SFLX_1944078_2018-05-08T00:03:12.336_S0.4x11_NIR_NOD.fits,,,true
http://archive.eso.org/datalink/links?ID=ivo://eso.org/ID?ADP.2018-06-11T12:02:26.323,,SPECTRUM,SPECTRUM (FLUX CALIBRATED),XSHOOTER,La Silla Paranal APEX,Non-solar,58246.00219009,2018-05-08T00:03:09.223,1.6,"[gte:533.66, lte:1020.0]",18340.0,,["0101.C-0527"],"["CACERES, CLAUDIO"]","ESO, PHASE3",XSHOOTER,FLG2003 eps Cha 5,,2018-06-11T12:07:56.000,POSITION J2000 180.017503 -78.19238,180.017503,-78.19238,ADP.2018-06-11T12:02:26.323,1,2019-05-08T00:20:41.957,6144198,1330,,69.3,300.225576,-15.591508,,,,,,2,2018-05-08T00:13:30.277,58246.00937822,1.6,FLG2003epsCha5_1944078_2018-05-08T00:03:09.224_S0.4x11_1x1_VIS_NOD,ESO-VLT-U2,"ECHELLE,SLIT,NODDING",["1944078"],IDP,XS_SFLX_1944078_2018-05-08T00:03:09.224_S0.4x11_1x1_VIS_NOD.fits,,,true
http://archive.eso.org/datalink/links?ID=ivo://eso.org/ID?ADP.2018-06-11T12:02:26.246,,SPECTRUM,SPECTRUM (FLUX CALIBRATED),XSHOOTER,La Silla Paranal APEX,Non-solar,58246.00212955,2018-05-08T00:03:03.993,1.6,"[gte:298.92, lte:555.98]",9861.0,,["0101.C-0527"],"["CACERES, CLAUDIO"]","ESO, PHASE3",XSHOOTER,FLG2003 eps Cha 5,,2018-06-11T12:07:56.000,POSITION J2000 180.017503 -78.19238,180.017503,-78.19238,ADP.2018-06-11T12:02:26.246,1,2019-05-08T00:20:41.957,6144180,734,,82.7,300.225576,-15.591508,,,,,,2,2018-05-08T00:13:24.997,58246.0093171,1.6,FLG2003epsCha5_1944078_2018-05-08T00:03:03.993_S0.5x11_1x1_UVB_NOD,ESO-VLT-U2,"ECHELLE,SLIT,NODDING",["1944078"],IDP,XS_SFLX_1944078_2018-05-08T00:03:03.993_S0.5x11_1x1_UVB_NOD.fits,,,true
http://archive.eso.org/datalink/links?ID=ivo://eso.org/ID?ADP.2014-05-23T10:59:35.453,,SPECTRUM,SPECTRUM (FLUX CALIBRATED),XSHOOTER,La Silla Paranal APEX,Non-solar,56676.26626527,2014-01-19T06:23:25.320,90.0,"[gte:994.02, lte:2478.96]",11424.0,,["092.C-0126"],"["SCHOELLER, MARKUS"]","ESO, PHASE3",XSHOOTER,HD104237,,2014-05-23T00:00:00.000,POSITION J2000 180.017154 -78.19261,180.017154,-78.19261,ADP.2014-05-23T10:59:35.453,1,2015-01-19T07:41:17.013,469335,1350,,477.9,300.225553,-15.591749,,,,,,2,2014-01-19T06:27:27.550,56676.26906888,90.0,HD104237_984372_2014-01-19T06:23:25.319_S0.4x11_NIR_NOD,ESO-VLT-U3,"ECHELLE,SLIT,NODDING",["984372"],IDP,XS_SFLX_984372_2014-01-19T06:23:25.319_S0.4x11_NIR_NOD.fits,,,true
http://archive.eso.org/datalink/links?ID=ivo://eso.org/ID?ADP.2014-05-23T10:59:34.857,,SPECTRUM,SPECTRUM (FLUX CALIBRATED),XSHOOTER,La Silla Paranal APEX,Non-solar,56676.266231,2014-01-19T06:23:22.360,60.0,"[gte:533.66, lte:1020.0]",18340.0,,["092.C-0126"],"["SCHOELLER, MARKUS"]","ESO, PHASE3",XSHOOTER,HD104237,,2014-05-23T00:00:00.000,POSITION J2000 180.017154 -78.19261,180.017154,-78.19261,ADP.2014-05-23T10:59:34.857,1,2015-01-19T07:41:17.013,469306,1321,,567.7,300.225553,-15.591748,,,,,,2,2014-01-19T06:27:52.380,56676.26935625,60.0,HD104237_984372_2014-01-19T06:23:22.359_S0.4x11_1x1_VIS_NOD,ESO-VLT-U3,"ECHELLE,SLIT,NODDING",["984372"],IDP,XS_SFLX_984372_2014-01-19T06:23:22.359_S0.4x11_1x1_VIS_NOD.fits,,,true
http://archive.eso.org/datalink/links?ID=ivo://eso.org/ID?ADP.2014-05-23T10:59:35.333,,SPECTRUM,SPECTRUM (FLUX CALIBRATED),XSHOOTER,La Silla Paranal APEX,Non-solar,56676.26617047,2014-01-19T06:23:17.130,104.0,"[gte:298.92, lte:555.98]",9861.0,,["092.C-0126"],"["SCHOELLER, MARKUS"]","ESO, PHASE3",XSHOOTER,HD104237,,2014-05-23T00:00:00.000,POSITION J2000 180.017154 -78.19261,180.017154,-78.19261,ADP.2014-05-23T10:59:35.333,1,2015-01-19T07:41:17.013,469318,725,,580.6,300.225553,-15.591748,,,,,,2,2014-01-19T06:29:19.187,56676.27036097,104.0,HD104237_984372_2014-01-19T06:23:17.129_S0.5x11_1x1_UVB_NOD,ESO-VLT-U3,"ECHELLE,SLIT,NODDING",["984372"],IDP,XS_SFLX_984372_2014-01-19T06:23:17.129_S0.5x11_1x1_UVB_NOD.fits,,,true
http://archive.eso.org/datalink/links?ID=ivo://eso.org/ID?ADP.2014-05-23T10:59:35.173,,SPECTRUM,SPECTRUM (FLUX CALIBRATED),XSHOOTER,La Silla Paranal APEX,Non-solar,56676.26078235,2014-01-19T06:15:31.597,120.0,"[gte:994.02, lte:2478.96]",11424.0,,["092.C-0126"],"["SCHOELLER, MARKUS"]","ESO, PHASE3",XSHOOTER,HD104237,,2014-05-23T00:00:00.000,POSITION J2000 180.017154 -78.19261,180.017154,-78.19261,ADP.2014-05-23T10:59:35.173,1,2015-01-19T07:41:17.013,469304,1350,,542.6,300.225553,-15.591749,,,,,,2,2014-01-19T06:19:47.823,56676.26374795,120.0,HD104237_984372_2014-01-19T06:15:31.595_S0.4x11_NIR_NOD,ESO-VLT-U3,"ECHELLE,SLIT,NODDING",["984372"],IDP,XS_SFLX_984372_2014-01-19T06:15:31.595_S0.4x11_NIR_NOD.fits,,,true
http://archive.eso.org/datalink/links?ID=ivo://eso.org/ID?ADP.2014-05-23T10:59:35.140,,SPECTRUM,SPECTRUM (FLUX CALIBRATED),XSHOOTER,La Silla Paranal APEX,Non-solar,56676.26074513,2014-01-19T06:15:28.380,120.0,"[gte:533.66, lte:1020.0]",18340.0,,["092.C-0126"],"["SCHOELLER, MARKUS"]","ESO, PHASE3",XSHOOTER,HD104237,,2014-05-23T00:00:00.000,POSITION J2000 180.017154 -78.19261,180.017154,-78.19261,ADP.2014-05-23T10:59:35.140,1,2015-01-19T07:41:17.013,469297,1321,,709.0,300.225553,-15.591748,,,,,,2,2014-01-19T06:20:31.083,56676.26424864,120.0,HD104237_984372_2014-01-19T06:15:28.379_S0.4x11_1x1_VIS_NOD,ESO-VLT-U3,"ECHELLE,SLIT,NODDING",["984372"],IDP,XS_SFLX_984372_2014-01-19T06:15:28.379_S0.4x11_1x1_VIS_NOD.fits,,,true
http://archive.eso.org/datalink/links?ID=ivo://eso.org/ID?ADP.2014-05-23T10:59:34.843,,SPECTRUM,SPECTRUM (FLUX CALIBRATED),XSHOOTER,La Silla Paranal APEX,Non-solar,56676.26068482,2014-01-19T06:15:23.170,120.0,"[gte:298.92, lte:555.98]",9861.0,,["092.C-0126"],"["SCHOELLER, MARKUS"]","ESO, PHASE3",XSHOOTER,HD104237,,2014-05-23T00:00:00.000,POSITION J2000 180.017154 -78.19261,180.017154,-78.19261,ADP.2014-05-23T10:59:34.843,1,2015-01-19T07:41:17.013,469329,725,,625.9,300.225553,-15.591748,,,,,,2,2014-01-19T06:21:20.867,56676.26482485,120.0,HD104237_984372_2014-01-19T06:15:23.169_S0.5x11_1x1_UVB_NOD,ESO-VLT-U3,"ECHELLE,SLIT,NODDING",["984372"],IDP,XS_SFLX_984372_2014-01-19T06:15:23.169_S0.5x11_1x1_UVB_NOD.fits,,,true
http://archive.eso.org/datalink/links?ID=ivo://eso.org/ID?ADP.2014-05-15T14:48:23.623,,SPECTRUM,SPECTRUM (FLUX CALIBRATED),XSHOOTER,La Silla Paranal APEX,Non-solar,55285.19503689,2010-03-30T04:40:51.187,1.0,"[gte:994.02, lte:2478.96]",11424.0,,["084.C-0952"],"["OUDMAIJER, R.D."]","ESO, PHASE3",XSHOOTER,HD-104237,,2014-05-15T00:00:00.000,POSITION J2000 180.019827 -78.19293,180.019827,-78.19293,ADP.2014-05-15T14:48:23.623,1,2011-04-09T13:13:48.107,438156,1350,,50.0,300.226177,-15.591949,,,,,,2,2010-03-30T04:40:52.187,55285.19504846,1.0,HD-104237_387950_2010-03-30T04:40:51.187_S0.4x11_NIR_STA,ESO-VLT-U2,"ECHELLE,SLIT,STARE",["387950"],IDP,XS_SFLX_387950_2010-03-30T04:40:51.187_S0.4x11_NIR_STA.fits,,,true
http://archive.eso.org/datalink/links?ID=ivo://eso.org/ID?ADP.2014-05-15T14:48:23.617,,SPECTRUM,SPECTRUM (FLUX CALIBRATED),XSHOOTER,La Silla Paranal APEX,Non-solar,55285.19500513,2010-03-30T04:40:48.443,1.0,"[gte:533.66, lte:1020.0]",18340.0,,["084.C-0952"],"["OUDMAIJER, R.D."]","ESO, PHASE3",XSHOOTER,HD-104237,,2014-05-15T00:00:00.000,POSITION J2000 180.019827 -78.19293,180.019827,-78.19293,ADP.2014-05-15T14:48:23.617,1,2011-04-09T13:13:47.897,438170,1321,,51.7,300.226177,-15.591949,,,,,,2,2010-03-30T04:40:49.443,55285.1950167,1.0,HD-104237_387950_2010-03-30T04:40:48.443_S0.4x11_1x1_VIS_STA,ESO-VLT-U2,"ECHELLE,SLIT,STARE",["387950"],IDP,XS_SFLX_387950_2010-03-30T04:40:48.443_S0.4x11_1x1_VIS_STA.fits,,,true
http://archive.eso.org/datalink/links?ID=ivo://eso.org/ID?ADP.2014-05-15T14:48:24.170,,SPECTRUM,SPECTRUM (FLUX CALIBRATED),XSHOOTER,La Silla Paranal APEX,Non-solar,55285.19494447,2010-03-30T04:40:43.203,1.0,"[gte:298.92, lte:555.98]",9861.0,,["084.C-0952"],"["OUDMAIJER, R.D."]","ESO, PHASE3",XSHOOTER,HD-104237,,2014-05-15T00:00:00.000,POSITION J2000 180.019827 -78.19293,180.019827,-78.19293,ADP.2014-05-15T14:48:24.170,1,2011-04-09T13:13:47.867,438137,725,,69.8,300.226177,-15.591949,,,,,,2,2010-03-30T04:40:44.203,55285.19495604,1.0,HD-104237_387950_2010-03-30T04:40:43.202_S0.5x11_1x1_UVB_STA,ESO-VLT-U2,"ECHELLE,SLIT,STARE",["387950"],IDP,XS_SFLX_387950_2010-03-30T04:40:43.202_S0.5x11_1x1_UVB_STA.fits,,,true
http://archive.eso.org/datalink/links?ID=ivo://eso.org/ID?ADP.2014-05-17T23:24:38.403,,SPECTRUM,SPECTRUM (FLUX CALIBRATED),XSHOOTER,La Silla Paranal APEX,Non-solar,56626.34528005,2013-11-30T08:17:12.197,120.0,"[gte:994.02, lte:2478.96]",11424.0,,["092.C-0126"],"["SCHOELLER, MARKUS"]","ESO, PHASE3",XSHOOTER,HD104237,,2014-05-17T00:00:00.000,POSITION J2000 180.017132 -78.19268,180.017132,-78.19268,ADP.2014-05-17T23:24:38.403,1,2014-11-30T09:35:50.437,467533,1350,,404.0,300.225563,-15.591818,,,,,,2,2013-11-30T08:21:25.760,56626.34821483,120.0,HD104237_984351_2013-11-30T08:17:12.196_S0.4x11_NIR_NOD,ESO-VLT-U3,"ECHELLE,SLIT,NODDING",["984351"],IDP,XS_SFLX_984351_2013-11-30T08:17:12.196_S0.4x11_NIR_NOD.fits,,,true
http://archive.eso.org/datalink/links?ID=ivo://eso.org/ID?ADP.2014-05-17T23:24:38.083,,SPECTRUM,SPECTRUM (FLUX CALIBRATED),XSHOOTER,La Silla Paranal APEX,Non-solar,56626.34524252,2013-11-30T08:17:08.953,120.0,"[gte:533.66, lte:1020.0]",18340.0,,["092.C-0126"],"["SCHOELLER, MARKUS"]","ESO, PHASE3",XSHOOTER,HD104237,,2014-05-17T00:00:00.000,POSITION J2000 180.017132 -78.19268,180.017132,-78.19268,ADP.2014-05-17T23:24:38.083,1,2014-11-30T09:35:50.437,467532,1321,,579.7,300.225563,-15.591817,,,,,,2,2013-11-30T08:22:09.847,56626.34872507,120.0,HD104237_984351_2013-11-30T08:17:08.954_S0.4x11_1x1_VIS_NOD,ESO-VLT-U3,"ECHELLE,SLIT,NODDING",["984351"],IDP,XS_SFLX_984351_2013-11-30T08:17:08.954_S0.4x11_1x1_VIS_NOD.fits,,,true
http://archive.eso.org/datalink/links?ID=ivo://eso.org/ID?ADP.2014-05-17T23:24:38.150,,SPECTRUM,SPECTRUM (FLUX CALIBRATED),XSHOOTER,La Silla Paranal APEX,Non-solar,56626.34518256,2013-11-30T08:17:03.773,120.0,"[gte:298.92, lte:555.98]",9861.0,,["092.C-0126"],"["SCHOELLER, MARKUS"]","ESO, PHASE3",XSHOOTER,HD104237,,2014-05-17T00:00:00.000,POSITION J2000 180.017132 -78.19268,180.017132,-78.19268,ADP.2014-05-17T23:24:38.150,1,2014-11-30T09:35:50.437,467528,725,,462.4,300.225563,-15.591817,,,,,,2,2013-11-30T08:22:59.530,56626.34930013,120.0,HD104237_984351_2013-11-30T08:17:03.773_S0.5x11_1x1_UVB_NOD,ESO-VLT-U3,"ECHELLE,SLIT,NODDING",["984351"],IDP,XS_SFLX_984351_2013-11-30T08:17:03.773_S0.5x11_1x1_UVB_NOD.fits,,,true
http://archive.eso.org/datalink/links?ID=ivo://eso.org/ID?ADP.2018-05-07T12:46:44.399,,SPECTRUM,SPECTRUM (FLUX CALIBRATED),XSHOOTER,La Silla Paranal APEX,Non-solar,58229.33557539,2018-04-21T08:03:13.713,212.832,"[gte:994.02, lte:2478.96]",11424.0,,["0101.C-0527"],"["CACERES, CLAUDIO"]","ESO, PHASE3",XSHOOTER,FLG2003 eps Cha 5,,2018-05-07T12:53:31.000,POSITION J2000 180.023566 -78.19253,180.023566,-78.19253,ADP.2018-05-07T12:46:44.399,1,2019-04-21T08:20:56.297,6137736,1365,,89.7,300.226869,-15.591401,,,,,,2,2018-04-21T08:16:11.350,58229.34457581,212.832,FLG2003epsCha5_1944078_2018-04-21T08:03:13.714_S0.4x11_NIR_NOD,ESO-VLT-U2,"ECHELLE,SLIT,NODDING",["1944078"],IDP,XS_SFLX_1944078_2018-04-21T08:03:13.714_S0.4x11_NIR_NOD.fits,,,true
http://archive.eso.org/datalink/links?ID=ivo://eso.org/ID?ADP.2018-05-07T12:46:44.423,,SPECTRUM,SPECTRUM (FLUX CALIBRATED),XSHOOTER,La Silla Paranal APEX,Non-solar,58229.33553531,2018-04-21T08:03:10.250,1.6,"[gte:533.66, lte:1020.0]",18340.0,,["0101.C-0527"],"["CACERES, CLAUDIO"]","ESO, PHASE3",XSHOOTER,FLG2003 eps Cha 5,,2018-05-07T12:53:31.000,POSITION J2000 180.023566 -78.19253,180.023566,-78.19253,ADP.2018-05-07T12:46:44.423,1,2019-04-21T08:20:56.297,6137742,1330,,62.3,300.226869,-15.5914,,,,,,2,2018-04-21T08:13:32.277,58229.34273467,1.6,FLG2003epsCha5_1944078_2018-04-21T08:03:10.251_S0.4x11_1x1_VIS_NOD,ESO-VLT-U2,"ECHELLE,SLIT,NODDING",["1944078"],IDP,XS_SFLX_1944078_2018-04-21T08:03:10.251_S0.4x11_1x1_VIS_NOD.fits,,,true
http://archive.eso.org/datalink/links?ID=ivo://eso.org/ID?ADP.2018-05-07T12:46:44.432,,SPECTRUM,SPECTRUM (FLUX CALIBRATED),XSHOOTER,La Silla Paranal APEX,Non-solar,58229.33547535,2018-04-21T08:03:05.070,1.6,"[gte:298.92, lte:555.98]",9861.0,,["0101.C-0527"],"["CACERES, CLAUDIO"]","ESO, PHASE3",XSHOOTER,FLG2003 eps Cha 5,,2018-05-07T12:53:31.000,POSITION J2000 180.023566 -78.19253,180.023566,-78.19253,ADP.2018-05-07T12:46:44.432,1,2019-04-21T08:20:56.297,6137744,734,,72.0,300.226869,-15.5914,,,,,,2,2018-04-21T08:13:27.017,58229.34267379,1.6,FLG2003epsCha5_1944078_2018-04-21T08:03:05.070_S0.5x11_1x1_UVB_NOD,ESO-VLT-U2,"ECHELLE,SLIT,NODDING",["1944078"],IDP,XS_SFLX_1944078_2018-04-21T08:03:05.070_S0.5x11_1x1_UVB_NOD.fits,,,true
http://archive.eso.org/datalink/links?ID=ivo://eso.org/ID?ADP.2014-05-17T23:43:25.547,,SPECTRUM,SPECTRUM (FLUX CALIBRATED),XSHOOTER,La Silla Paranal APEX,Non-solar,56650.32976044,2013-12-24T07:54:51.303,40.0,"[gte:994.02, lte:2478.96]",11424.0,,["092.C-0126"],"["SCHOELLER, MARKUS"]","ESO, PHASE3",XSHOOTER,HD104237,,2014-05-17T00:00:00.000,POSITION J2000 180.017138 -78.19284,180.017138,-78.19284,ADP.2014-05-17T23:43:25.547,1,2014-12-24T09:16:46.167,467802,1350,,327.4,300.225599,-15.591974,,,,,,2,2013-12-24T07:58:25.997,56650.33224534,40.0,HD104237_984360_2013-12-24T07:54:51.302_S0.4x11_NIR_NOD,ESO-VLT-U3,"ECHELLE,SLIT,NODDING",["984360"],IDP,XS_SFLX_984360_2013-12-24T07:54:51.302_S0.4x11_NIR_NOD.fits,,,true
http://archive.eso.org/datalink/links?ID=ivo://eso.org/ID?ADP.2014-05-17T23:43:25.467,,SPECTRUM,SPECTRUM (FLUX CALIBRATED),XSHOOTER,La Silla Paranal APEX,Non-solar,56650.32972828,2013-12-24T07:54:48.523,48.0,"[gte:533.66, lte:1020.0]",18340.0,,["092.C-0126"],"["SCHOELLER, MARKUS"]","ESO, PHASE3",XSHOOTER,HD104237,,2014-05-17T00:00:00.000,POSITION J2000 180.017138 -78.19284,180.017138,-78.19284,ADP.2014-05-17T23:43:25.467,1,2014-12-24T09:16:46.167,467795,1321,,576.5,300.225598,-15.591974,,,,,,2,2013-12-24T07:59:10.087,56650.3327556,48.0,HD104237_984360_2013-12-24T07:54:48.523_S0.4x11_1x1_VIS_NOD,ESO-VLT-U3,"ECHELLE,SLIT,NODDING",["984360"],IDP,XS_SFLX_984360_2013-12-24T07:54:48.523_S0.4x11_1x1_VIS_NOD.fits,,,true
http://archive.eso.org/datalink/links?ID=ivo://eso.org/ID?ADP.2014-05-17T23:43:25.620,,SPECTRUM,SPECTRUM (FLUX CALIBRATED),XSHOOTER,La Silla Paranal APEX,Non-solar,56650.32966809,2013-12-24T07:54:43.323,80.0,"[gte:298.92, lte:555.98]",9861.0,,["092.C-0126"],"["SCHOELLER, MARKUS"]","ESO, PHASE3",XSHOOTER,HD104237,,2014-05-17T00:00:00.000,POSITION J2000 180.017138 -78.19284,180.017138,-78.19284,ADP.2014-05-17T23:43:25.620,1,2014-12-24T09:16:46.167,467782,725,,560.6,300.225598,-15.591974,,,,,,2,2013-12-24T08:00:31.253,56650.33369504,80.0,HD104237_984360_2013-12-24T07:54:43.323_S0.5x11_1x1_UVB_NOD,ESO-VLT-U3,"ECHELLE,SLIT,NODDING",["984360"],IDP,XS_SFLX_984360_2013-12-24T07:54:43.323_S0.5x11_1x1_UVB_NOD.fits,,,true
http://archive.eso.org/datalink/links?ID=ivo://eso.org/ID?ADP.2014-05-17T23:43:25.933,,SPECTRUM,SPECTRUM (FLUX CALIBRATED),XSHOOTER,La Silla Paranal APEX,Non-solar,56650.32408397,2013-12-24T07:46:40.857,40.0,"[gte:994.02, lte:2478.96]",11424.0,,["092.C-0126"],"["SCHOELLER, MARKUS"]","ESO, PHASE3",XSHOOTER,HD104237,,2014-05-17T00:00:00.000,POSITION J2000 180.017138 -78.19284,180.017138,-78.19284,ADP.2014-05-17T23:43:25.933,1,2014-12-24T09:05:09.940,467783,1350,,318.3,300.225599,-15.591974,,,,,,2,2013-12-24T07:50:44.533,56650.3269043,40.0,HD104237_984360_2013-12-24T07:46:40.855_S0.4x11_NIR_NOD,ESO-VLT-U3,"ECHELLE,SLIT,NODDING",["984360"],IDP,XS_SFLX_984360_2013-12-24T07:46:40.855_S0.4x11_NIR_NOD.fits,,,true
http://archive.eso.org/datalink/links?ID=ivo://eso.org/ID?ADP.2014-05-17T23:43:25.967,,SPECTRUM,SPECTRUM (FLUX CALIBRATED),XSHOOTER,La Silla Paranal APEX,Non-solar,56650.3240455,2013-12-24T07:46:37.533,80.0,"[gte:533.66, lte:1020.0]",18340.0,,["092.C-0126"],"["SCHOELLER, MARKUS"]","ESO, PHASE3",XSHOOTER,HD104237,,2014-05-17T00:00:00.000,POSITION J2000 180.017138 -78.19284,180.017138,-78.19284,ADP.2014-05-17T23:43:25.967,1,2014-12-24T09:05:09.940,467787,1321,,663.8,300.225598,-15.591974,,,,,,2,2013-12-24T07:51:41.137,56650.32755944,80.0,HD104237_984360_2013-12-24T07:46:37.532_S0.4x11_1x1_VIS_NOD,ESO-VLT-U3,"ECHELLE,SLIT,NODDING",["984360"],IDP,XS_SFLX_984360_2013-12-24T07:46:37.532_S0.4x11_1x1_VIS_NOD.fits,,,true
http://archive.eso.org/datalink/links?ID=ivo://eso.org/ID?ADP.2014-05-17T23:43:25.667,,SPECTRUM,SPECTRUM (FLUX CALIBRATED),XSHOOTER,La Silla Paranal APEX,Non-solar,56650.32398543,2013-12-24T07:46:32.340,120.0,"[gte:298.92, lte:555.98]",9861.0,,["092.C-0126"],"["SCHOELLER, MARKUS"]","ESO, PHASE3",XSHOOTER,HD104237,,2014-05-17T00:00:00.000,POSITION J2000 180.017138 -78.19284,180.017138,-78.19284,ADP.2014-05-17T23:43:25.667,1,2014-12-24T09:16:46.167,467797,725,,636.1,300.225598,-15.591974,,,,,,2,2013-12-24T07:53:09.333,56650.32858025,120.0,HD104237_984360_2013-12-24T07:46:32.341_S0.5x11_1x1_UVB_NOD,ESO-VLT-U3,"ECHELLE,SLIT,NODDING",["984360"],IDP,XS_SFLX_984360_2013-12-24T07:46:32.341_S0.5x11_1x1_UVB_NOD.fits,,,true
http://archive.eso.org/datalink/links?ID=ivo://eso.org/ID?ADP.2014-05-23T08:26:54.160,,SPECTRUM,SPECTRUM (FLUX CALIBRATED),XSHOOTER,La Silla Paranal APEX,Non-solar,56675.23677876,2014-01-18T05:40:57.687,120.0,"[gte:994.02, lte:2478.96]",11424.0,,["092.C-0126"],"["SCHOELLER, MARKUS"]","ESO, PHASE3",XSHOOTER,HD104237,,2014-05-23T00:00:00.000,POSITION J2000 180.016896 -78.19283,180.016896,-78.19283,ADP.2014-05-23T08:26:54.160,1,2015-01-18T06:55:34.043,469290,1350,,525.3,300.225546,-15.591975,,,,,,2,2014-01-18T05:45:09.913,56675.23969808,120.0,HD104237_984369_2014-01-18T05:40:57.685_S0.4x11_NIR_NOD,ESO-VLT-U3,"ECHELLE,SLIT,NODDING",["984369"],IDP,XS_SFLX_984369_2014-01-18T05:40:57.685_S0.4x11_NIR_NOD.fits,,,true
http://archive.eso.org/datalink/links?ID=ivo://eso.org/ID?ADP.2014-05-23T08:26:54.093,,SPECTRUM,SPECTRUM (FLUX CALIBRATED),XSHOOTER,La Silla Paranal APEX,Non-solar,56675.23674455,2014-01-18T05:40:54.730,120.0,"[gte:533.66, lte:1020.0]",18340.0,,["092.C-0126"],"["SCHOELLER, MARKUS"]","ESO, PHASE3",XSHOOTER,HD104237,,2014-05-23T00:00:00.000,POSITION J2000 180.016896 -78.19283,180.016896,-78.19283,ADP.2014-05-23T08:26:54.093,1,2015-01-18T07:06:17.127,469295,1321,,707.4,300.225546,-15.591974,,,,,,2,2014-01-18T05:45:53.453,56675.24020199,120.0,HD104237_984369_2014-01-18T05:40:54.730_S0.4x11_1x1_VIS_NOD,ESO-VLT-U3,"ECHELLE,SLIT,NODDING",["984369"],IDP,XS_SFLX_984369_2014-01-18T05:40:54.730_S0.4x11_1x1_VIS_NOD.fits,,,true
http://archive.eso.org/datalink/links?ID=ivo://eso.org/ID?ADP.2014-05-23T08:26:54.100,,SPECTRUM,SPECTRUM (FLUX CALIBRATED),XSHOOTER,La Silla Paranal APEX,Non-solar,56675.23668425,2014-01-18T05:40:49.520,120.0,"[gte:298.92, lte:555.98]",9861.0,,["092.C-0126"],"["SCHOELLER, MARKUS"]","ESO, PHASE3",XSHOOTER,HD104237,,2014-05-23T00:00:00.000,POSITION J2000 180.016896 -78.19283,180.016896,-78.19283,ADP.2014-05-23T08:26:54.100,1,2015-01-18T07:06:17.127,469291,725,,611.6,300.225546,-15.591974,,,,,,2,2014-01-18T05:46:43.247,56675.24077832,120.0,HD104237_984369_2014-01-18T05:40:49.519_S0.5x11_1x1_UVB_NOD,ESO-VLT-U3,"ECHELLE,SLIT,NODDING",["984369"],IDP,XS_SFLX_984369_2014-01-18T05:40:49.519_S0.5x11_1x1_UVB_NOD.fits,,,true
http://archive.eso.org/datalink/links?ID=ivo://eso.org/ID?ADP.2014-05-17T23:43:26.007,,SPECTRUM,SPECTRUM (FLUX CALIBRATED),XSHOOTER,La Silla Paranal APEX,Non-solar,56650.29286936,2013-12-24T07:01:43.913,120.0,"[gte:994.02, lte:2478.96]",11424.0,,["092.C-0126"],"["SCHOELLER, MARKUS"]","ESO, PHASE3",XSHOOTER,HD104237,,2014-05-17T00:00:00.000,POSITION J2000 180.017534 -78.19294,180.017534,-78.19294,ADP.2014-05-17T23:43:26.007,1,2014-12-24T08:16:24.127,467801,1350,,553.3,300.225702,-15.592056,,,,,,2,2013-12-24T07:06:15.527,56650.29601304,120.0,HD104237_984360_2013-12-24T07:01:43.913_S0.4x11_NIR_NOD,ESO-VLT-U3,"ECHELLE,SLIT,NODDING",["984360"],IDP,XS_SFLX_984360_2013-12-24T07:01:43.913_S0.4x11_NIR_NOD.fits,,,true
http://archive.eso.org/datalink/links?ID=ivo://eso.org/ID?ADP.2014-05-17T23:43:26.013,,SPECTRUM,SPECTRUM (FLUX CALIBRATED),XSHOOTER,La Silla Paranal APEX,Non-solar,56650.2928256,2013-12-24T07:01:40.133,120.0,"[gte:533.66, lte:1020.0]",18340.0,,["092.C-0126"],"["SCHOELLER, MARKUS"]","ESO, PHASE3",XSHOOTER,HD104237,,2014-05-17T00:00:00.000,POSITION J2000 180.017534 -78.19294,180.017534,-78.19294,ADP.2014-05-17T23:43:26.013,1,2014-12-24T08:16:24.127,467789,1321,,722.7,300.225702,-15.592055,,,,,,2,2013-12-24T07:06:44.347,56650.29634659,120.0,HD104237_984360_2013-12-24T07:01:40.133_S0.4x11_1x1_VIS_NOD,ESO-VLT-U3,"ECHELLE,SLIT,NODDING",["984360"],IDP,XS_SFLX_984360_2013-12-24T07:01:40.133_S0.4x11_1x1_VIS_NOD.fits,,,true
http://archive.eso.org/datalink/links?ID=ivo://eso.org/ID?ADP.2014-05-17T23:43:25.993,,SPECTRUM,SPECTRUM (FLUX CALIBRATED),XSHOOTER,La Silla Paranal APEX,Non-solar,56650.29276541,2013-12-24T07:01:34.933,120.0,"[gte:298.92, lte:555.98]",9861.0,,["092.C-0126"],"["SCHOELLER, MARKUS"]","ESO, PHASE3",XSHOOTER,HD104237,,2014-05-17T00:00:00.000,POSITION J2000 180.017534 -78.19294,180.017534,-78.19294,ADP.2014-05-17T23:43:25.993,1,2014-12-24T08:31:20.900,467788,725,,614.7,300.225702,-15.592055,,,,,,2,2013-12-24T07:08:04.503,56650.29727435,120.0,HD104237_984360_2013-12-24T07:01:34.932_S0.5x11_1x1_UVB_NOD,ESO-VLT-U3,"ECHELLE,SLIT,NODDING",["984360"],IDP,XS_SFLX_984360_2013-12-24T07:01:34.932_S0.5x11_1x1_UVB_NOD.fits,,,true
http://archive.eso.org/datalink/links?ID=ivo://eso.org/ID?ADP.2014-05-17T23:23:41.023,,SPECTRUM,SPECTRUM (FLUX CALIBRATED),XSHOOTER,La Silla Paranal APEX,Non-solar,56624.33102386,2013-11-28T07:56:40.463,120.0,"[gte:298.92, lte:555.98]",9861.0,,["092.C-0126"],"["SCHOELLER, MARKUS"]","ESO, PHASE3",XSHOOTER,HD104237,,2014-05-17T00:00:00.000,POSITION J2000 180.017572 -78.19298,180.017572,-78.19298,ADP.2014-05-17T23:23:41.023,1,2014-11-28T09:50:53.573,467517,725,,505.4,300.225718,-15.592093,,,,,,2,2013-11-28T08:02:35.130,56624.33512881,120.0,HD104237_984348_2013-11-28T07:56:40.462_S0.5x11_1x1_UVB_NOD,ESO-VLT-U3,"ECHELLE,SLIT,NODDING",["984348"],IDP,XS_SFLX_984348_2013-11-28T07:56:40.462_S0.5x11_1x1_UVB_NOD.fits,,,true
http://archive.eso.org/datalink/links?ID=ivo://eso.org/ID?ADP.2014-05-17T23:23:40.950,,SPECTRUM,SPECTRUM (FLUX CALIBRATED),XSHOOTER,La Silla Paranal APEX,Non-solar,56624.33112383,2013-11-28T07:56:49.100,120.0,"[gte:994.02, lte:2478.96]",11424.0,,["092.C-0126"],"["SCHOELLER, MARKUS"]","ESO, PHASE3",XSHOOTER,HD104237,,2014-05-17T00:00:00.000,POSITION J2000 180.017571 -78.19298,180.017571,-78.19298,ADP.2014-05-17T23:23:40.950,1,2014-11-28T09:50:53.573,467518,1350,,339.0,300.225719,-15.592093,,,,,,2,2013-11-28T08:01:01.997,56624.33405087,120.0,HD104237_984348_2013-11-28T07:56:49.099_S0.4x11_NIR_NOD,ESO-VLT-U3,"ECHELLE,SLIT,NODDING",["984348"],IDP,XS_SFLX_984348_2013-11-28T07:56:49.099_S0.4x11_NIR_NOD.fits,,,true
http://archive.eso.org/datalink/links?ID=ivo://eso.org/ID?ADP.2014-05-17T23:23:40.970,,SPECTRUM,SPECTRUM (FLUX CALIBRATED),XSHOOTER,La Silla Paranal APEX,Non-solar,56624.33108834,2013-11-28T07:56:46.033,120.0,"[gte:533.66, lte:1020.0]",18340.0,,["092.C-0126"],"["SCHOELLER, MARKUS"]","ESO, PHASE3",XSHOOTER,HD104237,,2014-05-17T00:00:00.000,POSITION J2000 180.017571 -78.19298,180.017571,-78.19298,ADP.2014-05-17T23:23:40.970,1,2014-11-28T09:50:53.573,467522,1321,,576.2,300.225718,-15.592093,,,,,,2,2013-11-28T08:01:45.467,56624.33455398,120.0,HD104237_984348_2013-11-28T07:56:46.033_S0.4x11_1x1_VIS_NOD,ESO-VLT-U3,"ECHELLE,SLIT,NODDING",["984348"],IDP,XS_SFLX_984348_2013-11-28T07:56:46.033_S0.4x11_1x1_VIS_NOD.fits,,,true
http://archive.eso.org/datalink/links?ID=ivo://eso.org/ID?ADP.2014-05-17T23:35:19.630,,SPECTRUM,SPECTRUM (FLUX CALIBRATED),XSHOOTER,La Silla Paranal APEX,Non-solar,56639.31724546,2013-12-13T07:36:50.007,120.0,"[gte:994.02, lte:2478.96]",11424.0,,["092.C-0126"],"["SCHOELLER, MARKUS"]","ESO, PHASE3",XSHOOTER,HD104237,,2014-05-17T00:00:00.000,POSITION J2000 180.017226 -78.19295,180.017226,-78.19295,ADP.2014-05-17T23:35:19.630,1,2014-12-13T08:56:13.603,467684,1350,,352.1,300.225641,-15.592078,,,,,,2,2013-12-13T07:41:05.570,56639.32020334,120.0,HD104237_984354_2013-12-13T07:36:50.008_S0.4x11_NIR_NOD,ESO-VLT-U3,"ECHELLE,SLIT,NODDING",["984354"],IDP,XS_SFLX_984354_2013-12-13T07:36:50.008_S0.4x11_NIR_NOD.fits,,,true
http://archive.eso.org/datalink/links?ID=ivo://eso.org/ID?ADP.2014-05-17T23:35:19.603,,SPECTRUM,SPECTRUM (FLUX CALIBRATED),XSHOOTER,La Silla Paranal APEX,Non-solar,56639.31721163,2013-12-13T07:36:47.087,120.0,"[gte:533.66, lte:1020.0]",18340.0,,["092.C-0126"],"["SCHOELLER, MARKUS"]","ESO, PHASE3",XSHOOTER,HD104237,,2014-05-17T00:00:00.000,POSITION J2000 180.017226 -78.19295,180.017226,-78.19295,ADP.2014-05-17T23:35:19.603,1,2014-12-13T08:56:13.603,467683,1321,,524.7,300.22564,-15.592078,,,,,,2,2013-12-13T07:41:34.277,56639.3205356,120.0,HD104237_984354_2013-12-13T07:36:47.085_S0.4x11_1x1_VIS_NOD,ESO-VLT-U3,"ECHELLE,SLIT,NODDING",["984354"],IDP,XS_SFLX_984354_2013-12-13T07:36:47.085_S0.4x11_1x1_VIS_NOD.fits,,,true
http://archive.eso.org/datalink/links?ID=ivo://eso.org/ID?ADP.2014-05-17T23:35:19.623,,SPECTRUM,SPECTRUM (FLUX CALIBRATED),XSHOOTER,La Silla Paranal APEX,Non-solar,56639.31715178,2013-12-13T07:36:41.913,120.0,"[gte:298.92, lte:555.98]",9861.0,,["092.C-0126"],"["SCHOELLER, MARKUS"]","ESO, PHASE3",XSHOOTER,HD104237,,2014-05-17T00:00:00.000,POSITION J2000 180.017226 -78.19295,180.017226,-78.19295,ADP.2014-05-17T23:35:19.623,1,2014-12-13T09:00:39.410,467670,725,,371.7,300.22564,-15.592078,,,,,,2,2013-12-13T07:42:53.973,56639.32145803,120.0,HD104237_984354_2013-12-13T07:36:41.914_S0.5x11_1x1_UVB_NOD,ESO-VLT-U3,"ECHELLE,SLIT,NODDING",["984354"],IDP,XS_SFLX_984354_2013-12-13T07:36:41.914_S0.5x11_1x1_UVB_NOD.fits,,,true
http://archive.eso.org/datalink/links?ID=ivo://eso.org/ID?ADP.2014-05-17T23:36:10.973,,SPECTRUM,SPECTRUM (FLUX CALIBRATED),XSHOOTER,La Silla Paranal APEX,Non-solar,56640.31932713,2013-12-14T07:39:49.863,180.0,"[gte:994.02, lte:2478.96]",11424.0,,["092.C-0126"],"["SCHOELLER, MARKUS"]","ESO, PHASE3",XSHOOTER,HD104237,,2014-05-17T00:00:00.000,POSITION J2000 180.017035 -78.19293,180.017035,-78.19293,ADP.2014-05-17T23:36:10.973,1,2014-12-14T09:00:57.833,467686,1350,,485.2,300.225597,-15.592067,,,,,,2,2013-12-14T07:45:05.927,56640.32298526,180.0,HD104237_984357_2013-12-14T07:39:49.864_S0.4x11_NIR_NOD,ESO-VLT-U3,"ECHELLE,SLIT,NODDING",["984357"],IDP,XS_SFLX_984357_2013-12-14T07:39:49.864_S0.4x11_NIR_NOD.fits,,,true
http://archive.eso.org/datalink/links?ID=ivo://eso.org/ID?ADP.2014-05-17T23:36:11.013,,SPECTRUM,SPECTRUM (FLUX CALIBRATED),XSHOOTER,La Silla Paranal APEX,Non-solar,56640.31929414,2013-12-14T07:39:47.013,160.0,"[gte:533.66, lte:1020.0]",18340.0,,["092.C-0126"],"["SCHOELLER, MARKUS"]","ESO, PHASE3",XSHOOTER,HD104237,,2014-05-17T00:00:00.000,POSITION J2000 180.017035 -78.19293,180.017035,-78.19293,ADP.2014-05-17T23:36:11.013,1,2014-12-14T09:00:57.833,467692,1321,,616.3,300.225596,-15.592066,,,,,,2,2013-12-14T07:45:26.470,56640.32322302,160.0,HD104237_984357_2013-12-14T07:39:47.014_S0.4x11_1x1_VIS_NOD,ESO-VLT-U3,"ECHELLE,SLIT,NODDING",["984357"],IDP,XS_SFLX_984357_2013-12-14T07:39:47.014_S0.4x11_1x1_VIS_NOD.fits,,,true
http://archive.eso.org/datalink/links?ID=ivo://eso.org/ID?ADP.2014-05-17T23:36:11.000,,SPECTRUM,SPECTRUM (FLUX CALIBRATED),XSHOOTER,La Silla Paranal APEX,Non-solar,56640.3192343,2013-12-14T07:39:41.843,200.0,"[gte:298.92, lte:555.98]",9861.0,,["092.C-0126"],"["SCHOELLER, MARKUS"]","ESO, PHASE3",XSHOOTER,HD104237,,2014-05-17T00:00:00.000,POSITION J2000 180.017035 -78.19293,180.017035,-78.19293,ADP.2014-05-17T23:36:11.000,1,2014-12-14T09:00:57.833,467687,725,,503.6,300.225596,-15.592066,,,,,,2,2013-12-14T07:46:37.787,56640.32404845,200.0,HD104237_984357_2013-12-14T07:39:41.844_S0.5x11_1x1_UVB_NOD,ESO-VLT-U3,"ECHELLE,SLIT,NODDING",["984357"],IDP,XS_SFLX_984357_2013-12-14T07:39:41.844_S0.5x11_1x1_UVB_NOD.fits,,,true
http://archive.eso.org/datalink/links?ID=ivo://eso.org/ID?ADP.2014-05-17T23:36:11.147,,SPECTRUM,SPECTRUM (FLUX CALIBRATED),XSHOOTER,La Silla Paranal APEX,Non-solar,56640.30649234,2013-12-14T07:21:20.937,120.0,"[gte:994.02, lte:2478.96]",11424.0,,["092.C-0126"],"["SCHOELLER, MARKUS"]","ESO, PHASE3",XSHOOTER,HD104237,,2014-05-17T00:00:00.000,POSITION J2000 180.016423 -78.19289,180.016423,-78.19289,ADP.2014-05-17T23:36:11.147,1,2014-12-14T08:45:47.987,467685,1350,,341.7,300.225461,-15.592053,,,,,,2,2013-12-14T07:25:33.833,56640.30941938,120.0,HD104237_984357_2013-12-14T07:21:20.938_S0.4x11_NIR_NOD,ESO-VLT-U3,"ECHELLE,SLIT,NODDING",["984357"],IDP,XS_SFLX_984357_2013-12-14T07:21:20.938_S0.4x11_NIR_NOD.fits,,,true
http://archive.eso.org/datalink/links?ID=ivo://eso.org/ID?ADP.2014-05-17T23:36:11.153,,SPECTRUM,SPECTRUM (FLUX CALIBRATED),XSHOOTER,La Silla Paranal APEX,Non-solar,56640.30645707,2013-12-14T07:21:17.890,120.0,"[gte:533.66, lte:1020.0]",18340.0,,["092.C-0126"],"["SCHOELLER, MARKUS"]","ESO, PHASE3",XSHOOTER,HD104237,,2014-05-17T00:00:00.000,POSITION J2000 180.016423 -78.19289,180.016423,-78.19289,ADP.2014-05-17T23:36:11.153,1,2014-12-14T08:45:47.987,467693,1321,,485.5,300.22546,-15.592053,,,,,,2,2013-12-14T07:26:17.923,56640.30992967,120.0,HD104237_984357_2013-12-14T07:21:17.892_S0.4x11_1x1_VIS_NOD,ESO-VLT-U3,"ECHELLE,SLIT,NODDING",["984357"],IDP,XS_SFLX_984357_2013-12-14T07:21:17.892_S0.4x11_1x1_VIS_NOD.fits,,,true
http://archive.eso.org/datalink/links?ID=ivo://eso.org/ID?ADP.2014-05-17T23:36:11.087,,SPECTRUM,SPECTRUM (FLUX CALIBRATED),XSHOOTER,La Silla Paranal APEX,Non-solar,56640.30639711,2013-12-14T07:21:12.710,120.0,"[gte:298.92, lte:555.98]",9861.0,,["092.C-0126"],"["SCHOELLER, MARKUS"]","ESO, PHASE3",XSHOOTER,HD104237,,2014-05-17T00:00:00.000,POSITION J2000 180.016423 -78.19289,180.016423,-78.19289,ADP.2014-05-17T23:36:11.087,1,2014-12-14T08:45:47.987,467690,725,,339.5,300.22546,-15.592053,,,,,,2,2013-12-14T07:27:07.550,56640.31050404,120.0,HD104237_984357_2013-12-14T07:21:12.711_S0.5x11_1x1_UVB_NOD,ESO-VLT-U3,"ECHELLE,SLIT,NODDING",["984357"],IDP,XS_SFLX_984357_2013-12-14T07:21:12.711_S0.5x11_1x1_UVB_NOD.fits,,,true
http://archive.eso.org/datalink/links?ID=ivo://eso.org/ID?ADP.2014-05-17T23:45:03.607,,SPECTRUM,SPECTRUM (FLUX CALIBRATED),XSHOOTER,La Silla Paranal APEX,Non-solar,56651.29102192,2013-12-25T06:59:04.293,80.0,"[gte:994.02, lte:2478.96]",11424.0,,["092.C-0126"],"["SCHOELLER, MARKUS"]","ESO, PHASE3",XSHOOTER,HD104237,,2014-05-17T00:00:00.000,POSITION J2000 180.016815 -78.19299,180.016815,-78.19299,ADP.2014-05-17T23:45:03.607,1,2014-12-25T08:18:05.607,467816,1350,,352.3,300.225564,-15.592135,,,,,,2,2013-12-25T07:03:16.953,56651.2939462,80.0,HD104237_984363_2013-12-25T06:59:04.294_S0.4x11_NIR_NOD,ESO-VLT-U3,"ECHELLE,SLIT,NODDING",["984363"],IDP,XS_SFLX_984363_2013-12-25T06:59:04.294_S0.4x11_NIR_NOD.fits,,,true
http://archive.eso.org/datalink/links?ID=ivo://eso.org/ID?ADP.2014-05-17T23:45:03.340,,SPECTRUM,SPECTRUM (FLUX CALIBRATED),XSHOOTER,La Silla Paranal APEX,Non-solar,56651.29098456,2013-12-25T06:59:01.067,96.0,"[gte:533.66, lte:1020.0]",18340.0,,["092.C-0126"],"["SCHOELLER, MARKUS"]","ESO, PHASE3",XSHOOTER,HD104237,,2014-05-17T00:00:00.000,POSITION J2000 180.016815 -78.19299,180.016815,-78.19299,ADP.2014-05-17T23:45:03.340,1,2014-12-25T08:18:05.607,467811,1321,,580.5,300.225563,-15.592134,,,,,,2,2013-12-25T07:03:57.997,56651.29442128,96.0,HD104237_984363_2013-12-25T06:59:01.066_S0.4x11_1x1_VIS_NOD,ESO-VLT-U3,"ECHELLE,SLIT,NODDING",["984363"],IDP,XS_SFLX_984363_2013-12-25T06:59:01.066_S0.4x11_1x1_VIS_NOD.fits,,,true
http://archive.eso.org/datalink/links?ID=ivo://eso.org/ID?ADP.2014-05-17T23:45:03.980,,SPECTRUM,SPECTRUM (FLUX CALIBRATED),XSHOOTER,La Silla Paranal APEX,Non-solar,56651.29092425,2013-12-25T06:58:55.857,120.0,"[gte:298.92, lte:555.98]",9861.0,,["092.C-0126"],"["SCHOELLER, MARKUS"]","ESO, PHASE3",XSHOOTER,HD104237,,2014-05-17T00:00:00.000,POSITION J2000 180.016815 -78.19299,180.016815,-78.19299,ADP.2014-05-17T23:45:03.980,1,2014-12-25T08:18:05.607,467818,725,,523.7,300.225563,-15.592134,,,,,,2,2013-12-25T07:05:22.157,56651.29539533,120.0,HD104237_984363_2013-12-25T06:58:55.856_S0.5x11_1x1_UVB_NOD,ESO-VLT-U3,"ECHELLE,SLIT,NODDING",["984363"],IDP,XS_SFLX_984363_2013-12-25T06:58:55.856_S0.5x11_1x1_UVB_NOD.fits,,,true
http://archive.eso.org/datalink/links?ID=ivo://eso.org/ID?ADP.2014-05-17T23:45:03.480,,SPECTRUM,SPECTRUM (FLUX CALIBRATED),XSHOOTER,La Silla Paranal APEX,Non-solar,56651.28566328,2013-12-25T06:51:21.307,120.0,"[gte:994.02, lte:2478.96]",11424.0,,["092.C-0126"],"["SCHOELLER, MARKUS"]","ESO, PHASE3",XSHOOTER,HD104237,,2014-05-17T00:00:00.000,POSITION J2000 180.016815 -78.19299,180.016815,-78.19299,ADP.2014-05-17T23:45:03.480,1,2014-12-25T08:18:05.607,467808,1350,,412.8,300.225564,-15.592135,,,,,,2,2013-12-25T06:55:33.540,56651.28858265,120.0,HD104237_984363_2013-12-25T06:51:21.307_S0.4x11_NIR_NOD,ESO-VLT-U3,"ECHELLE,SLIT,NODDING",["984363"],IDP,XS_SFLX_984363_2013-12-25T06:51:21.307_S0.4x11_NIR_NOD.fits,,,true
http://archive.eso.org/datalink/links?ID=ivo://eso.org/ID?ADP.2014-05-17T23:45:03.573,,SPECTRUM,SPECTRUM (FLUX CALIBRATED),XSHOOTER,La Silla Paranal APEX,Non-solar,56651.28562485,2013-12-25T06:51:17.987,120.0,"[gte:533.66, lte:1020.0]",18340.0,,["092.C-0126"],"["SCHOELLER, MARKUS"]","ESO, PHASE3",XSHOOTER,HD104237,,2014-05-17T00:00:00.000,POSITION J2000 180.016815 -78.19299,180.016815,-78.19299,ADP.2014-05-17T23:45:03.573,1,2014-12-25T08:18:05.607,467824,1321,,594.4,300.225563,-15.592134,,,,,,2,2013-12-25T06:56:04.780,56651.28894419,120.0,HD104237_984363_2013-12-25T06:51:17.987_S0.4x11_1x1_VIS_NOD,ESO-VLT-U3,"ECHELLE,SLIT,NODDING",["984363"],IDP,XS_SFLX_984363_2013-12-25T06:51:17.987_S0.4x11_1x1_VIS_NOD.fits,,,true
http://archive.eso.org/datalink/links?ID=ivo://eso.org/ID?ADP.2014-05-17T23:45:03.680,,SPECTRUM,SPECTRUM (FLUX CALIBRATED),XSHOOTER,La Silla Paranal APEX,Non-solar,56651.28556408,2013-12-25T06:51:12.737,120.0,"[gte:298.92, lte:555.98]",9861.0,,["092.C-0126"],"["SCHOELLER, MARKUS"]","ESO, PHASE3",XSHOOTER,HD104237,,2014-05-17T00:00:00.000,POSITION J2000 180.016815 -78.19299,180.016815,-78.19299,ADP.2014-05-17T23:45:03.680,1,2014-12-25T08:18:05.607,467823,725,,494.3,300.225563,-15.592134,,,,,,2,2013-12-25T06:57:28.127,56651.28990887,120.0,HD104237_984363_2013-12-25T06:51:12.737_S0.5x11_1x1_UVB_NOD,ESO-VLT-U3,"ECHELLE,SLIT,NODDING",["984363"],IDP,XS_SFLX_984363_2013-12-25T06:51:12.737_S0.5x11_1x1_UVB_NOD.fits,,,true
http://archive.eso.org/datalink/links?ID=ivo://eso.org/ID?ADP.2014-05-23T11:53:58.987,,SPECTRUM,SPECTRUM (FLUX CALIBRATED),XSHOOTER,La Silla Paranal APEX,Non-solar,56677.19205805,2014-01-20T04:36:33.817,120.0,"[gte:994.02, lte:2478.96]",11424.0,,["092.C-0126"],"["SCHOELLER, MARKUS"]","ESO, PHASE3",XSHOOTER,HD104237,,2014-05-23T00:00:00.000,POSITION J2000 180.016899 -78.19304,180.016899,-78.19304,ADP.2014-05-23T11:53:58.987,1,2015-01-20T05:56:17.270,469364,1350,,521.4,300.225592,-15.59218,,,,,,2,2014-01-20T04:40:47.377,56677.1949928,120.0,HD104237_984375_2014-01-20T04:36:33.816_S0.4x11_NIR_NOD,ESO-VLT-U3,"ECHELLE,SLIT,NODDING",["984375"],IDP,XS_SFLX_984375_2014-01-20T04:36:33.816_S0.4x11_NIR_NOD.fits,,,true
http://archive.eso.org/datalink/links?ID=ivo://eso.org/ID?ADP.2014-05-23T11:53:59.573,,SPECTRUM,SPECTRUM (FLUX CALIBRATED),XSHOOTER,La Silla Paranal APEX,Non-solar,56677.19202679,2014-01-20T04:36:31.117,120.0,"[gte:533.66, lte:1020.0]",18340.0,,["092.C-0126"],"["SCHOELLER, MARKUS"]","ESO, PHASE3",XSHOOTER,HD104237,,2014-05-23T00:00:00.000,POSITION J2000 180.016899 -78.19304,180.016899,-78.19304,ADP.2014-05-23T11:53:59.573,1,2015-01-20T05:56:17.270,469353,1321,,697.4,300.225591,-15.59218,,,,,,2,2014-01-20T04:41:31.127,56677.19549916,120.0,HD104237_984375_2014-01-20T04:36:31.115_S0.4x11_1x1_VIS_NOD,ESO-VLT-U3,"ECHELLE,SLIT,NODDING",["984375"],IDP,XS_SFLX_984375_2014-01-20T04:36:31.115_S0.4x11_1x1_VIS_NOD.fits,,,true
http://archive.eso.org/datalink/links?ID=ivo://eso.org/ID?ADP.2014-05-23T11:53:59.733,,SPECTRUM,SPECTRUM (FLUX CALIBRATED),XSHOOTER,La Silla Paranal APEX,Non-solar,56677.19196602,2014-01-20T04:36:25.867,120.0,"[gte:298.92, lte:555.98]",9861.0,,["092.C-0126"],"["SCHOELLER, MARKUS"]","ESO, PHASE3",XSHOOTER,HD104237,,2014-05-23T00:00:00.000,POSITION J2000 180.016899 -78.19304,180.016899,-78.19304,ADP.2014-05-23T11:53:59.733,1,2015-01-20T05:56:17.270,469349,725,,536.6,300.225591,-15.59218,,,,,,2,2014-01-20T04:42:20.743,56677.19607341,120.0,HD104237_984375_2014-01-20T04:36:25.865_S0.5x11_1x1_UVB_NOD,ESO-VLT-U3,"ECHELLE,SLIT,NODDING",["984375"],IDP,XS_SFLX_984375_2014-01-20T04:36:25.865_S0.5x11_1x1_UVB_NOD.fits,,,true
http://archive.eso.org/datalink/links?ID=ivo://eso.org/ID?ADP.2017-05-22T14:31:33.135,,SPECTRUM,SPECTRUM (FLUX CALIBRATED),XSHOOTER,La Silla Paranal APEX,Non-solar,56621.33977534,2013-11-25T08:09:16.590,120.0,"[gte:994.02, lte:2478.96]",11424.0,,["092.C-0126"],"["SCHOELLER, MARKUS"]","ESO, PHASE3",XSHOOTER,HD104237,,2017-05-22T14:38:05.000,POSITION J2000 180.016143 -78.19302,180.016143,-78.19302,ADP.2017-05-22T14:31:33.135,1,2014-11-25T09:31:08.723,5839644,1359,,355.7,300.22543,-15.592192,,,,,,2,2013-11-25T08:13:29.487,56621.34270237,120.0,HD104237_984344_2013-11-25T08:09:16.589_S0.4x11_NIR_NOD,ESO-VLT-U3,"ECHELLE,SLIT,NODDING",["984344"],IDP,XS_SFLX_984344_2013-11-25T08:09:16.589_S0.4x11_NIR_NOD.fits,,,true
http://archive.eso.org/datalink/links?ID=ivo://eso.org/ID?ADP.2017-05-22T14:31:33.139,,SPECTRUM,SPECTRUM (FLUX CALIBRATED),XSHOOTER,La Silla Paranal APEX,Non-solar,56621.33974167,2013-11-25T08:09:13.680,120.0,"[gte:533.66, lte:1020.0]",18340.0,,["092.C-0126"],"["SCHOELLER, MARKUS"]","ESO, PHASE3",XSHOOTER,HD104237,,2017-05-22T14:38:05.000,POSITION J2000 180.016143 -78.19302,180.016143,-78.19302,ADP.2017-05-22T14:31:33.139,1,2014-11-25T09:31:08.723,5839645,1330,,474.0,300.22543,-15.592192,,,,,,2,2013-11-25T08:13:59.220,56621.34304654,120.0,HD104237_984344_2013-11-25T08:09:13.680_S0.4x11_1x1_VIS_NOD,ESO-VLT-U3,"ECHELLE,SLIT,NODDING",["984344"],IDP,XS_SFLX_984344_2013-11-25T08:09:13.680_S0.4x11_1x1_VIS_NOD.fits,,,true
http://archive.eso.org/datalink/links?ID=ivo://eso.org/ID?ADP.2017-05-22T14:31:33.205,,SPECTRUM,SPECTRUM (FLUX CALIBRATED),XSHOOTER,La Silla Paranal APEX,Non-solar,56621.33968171,2013-11-25T08:09:08.500,120.0,"[gte:298.92, lte:555.98]",9861.0,,["092.C-0126"],"["SCHOELLER, MARKUS"]","ESO, PHASE3",XSHOOTER,HD104237,,2017-05-22T14:38:05.000,POSITION J2000 180.016143 -78.19302,180.016143,-78.19302,ADP.2017-05-22T14:31:33.205,1,2014-11-25T09:31:08.723,5839660,737,,343.7,300.22543,-15.592192,,,,,,2,2013-11-25T08:15:03.237,56621.34378747,120.0,HD104237_984344_2013-11-25T08:09:08.500_S0.5x11_1x1_UVB_NOD,ESO-VLT-U3,"ECHELLE,SLIT,NODDING",["984344"],IDP,XS_SFLX_984344_2013-11-25T08:09:08.500_S0.5x11_1x1_UVB_NOD.fits,,,true
http://archive.eso.org/datalink/links?ID=ivo://eso.org/ID?ADP.2014-05-23T08:18:21.960,,SPECTRUM,SPECTRUM (FLUX CALIBRATED),XSHOOTER,La Silla Paranal APEX,Non-solar,56672.15117854,2014-01-15T03:37:41.827,120.0,"[gte:994.02, lte:2478.96]",11424.0,,["092.C-0126"],"["SCHOELLER, MARKUS"]","ESO, PHASE3",XSHOOTER,HD104237,,2014-05-23T00:00:00.000,POSITION J2000 180.017188 -78.1933,180.017188,-78.1933,ADP.2014-05-23T08:18:21.960,1,2015-01-15T05:01:08.253,469286,1350,,415.4,300.225707,-15.592422,,,,,,2,2014-01-15T03:41:55.390,56672.15411331,120.0,HD104237_984366_2014-01-15T03:37:41.826_S0.4x11_NIR_NOD,ESO-VLT-U3,"ECHELLE,SLIT,NODDING",["984366"],IDP,XS_SFLX_984366_2014-01-15T03:37:41.826_S0.4x11_NIR_NOD.fits,,,true
http://archive.eso.org/datalink/links?ID=ivo://eso.org/ID?ADP.2014-05-23T08:18:21.727,,SPECTRUM,SPECTRUM (FLUX CALIBRATED),XSHOOTER,La Silla Paranal APEX,Non-solar,56672.15114592,2014-01-15T03:37:39.007,120.0,"[gte:533.66, lte:1020.0]",18340.0,,["092.C-0126"],"["SCHOELLER, MARKUS"]","ESO, PHASE3",XSHOOTER,HD104237,,2014-05-23T00:00:00.000,POSITION J2000 180.017188 -78.1933,180.017188,-78.1933,ADP.2014-05-23T08:18:21.727,1,2015-01-15T05:01:08.253,469280,1321,,592.1,300.225707,-15.592422,,,,,,2,2014-01-15T03:42:25.670,56672.15446376,120.0,HD104237_984366_2014-01-15T03:37:39.007_S0.4x11_1x1_VIS_NOD,ESO-VLT-U3,"ECHELLE,SLIT,NODDING",["984366"],IDP,XS_SFLX_984366_2014-01-15T03:37:39.007_S0.4x11_1x1_VIS_NOD.fits,,,true
http://archive.eso.org/datalink/links?ID=ivo://eso.org/ID?ADP.2014-05-23T08:18:21.553,,SPECTRUM,SPECTRUM (FLUX CALIBRATED),XSHOOTER,La Silla Paranal APEX,Non-solar,56672.1510848,2014-01-15T03:37:33.727,120.0,"[gte:298.92, lte:555.98]",9861.0,,["092.C-0126"],"["SCHOELLER, MARKUS"]","ESO, PHASE3",XSHOOTER,HD104237,,2014-05-23T00:00:00.000,POSITION J2000 180.017188 -78.1933,180.017188,-78.1933,ADP.2014-05-23T08:18:21.553,1,2015-01-15T05:01:08.253,469282,725,,444.3,300.225707,-15.592422,,,,,,2,2014-01-15T03:43:46.677,56672.15540135,120.0,HD104237_984366_2014-01-15T03:37:33.727_S0.5x11_1x1_UVB_NOD,ESO-VLT-U3,"ECHELLE,SLIT,NODDING",["984366"],IDP,XS_SFLX_984366_2014-01-15T03:37:33.727_S0.5x11_1x1_UVB_NOD.fits,,,true
http://archive.eso.org/datalink/links?ID=ivo://eso.org/ID?ADP.2014-05-23T11:56:08.353,,SPECTRUM,SPECTRUM (FLUX CALIBRATED),XSHOOTER,La Silla Paranal APEX,Non-solar,56678.12044289,2014-01-21T02:53:26.267,120.0,"[gte:994.02, lte:2478.96]",11424.0,,["092.C-0126"],"["SCHOELLER, MARKUS"]","ESO, PHASE3",XSHOOTER,HD104237,,2014-05-23T00:00:00.000,POSITION J2000 180.017396 -78.19336,180.017396,-78.19336,ADP.2014-05-23T11:56:08.353,1,2015-01-21T04:11:11.030,469387,1350,,479.5,300.225763,-15.592472,,,,,,2,2014-01-21T02:57:38.493,56678.1233622,120.0,HD104237_984378_2014-01-21T02:53:26.266_S0.4x11_NIR_NOD,ESO-VLT-U3,"ECHELLE,SLIT,NODDING",["984378"],IDP,XS_SFLX_984378_2014-01-21T02:53:26.266_S0.4x11_NIR_NOD.fits,,,true
http://archive.eso.org/datalink/links?ID=ivo://eso.org/ID?ADP.2014-05-23T11:56:07.667,,SPECTRUM,SPECTRUM (FLUX CALIBRATED),XSHOOTER,La Silla Paranal APEX,Non-solar,56678.12041012,2014-01-21T02:53:23.437,120.0,"[gte:533.66, lte:1020.0]",18340.0,,["092.C-0126"],"["SCHOELLER, MARKUS"]","ESO, PHASE3",XSHOOTER,HD104237,,2014-05-23T00:00:00.000,POSITION J2000 180.017396 -78.19336,180.017396,-78.19336,ADP.2014-05-23T11:56:07.667,1,2015-01-21T04:11:11.030,469376,1321,,663.6,300.225763,-15.592472,,,,,,2,2014-01-21T02:58:20.737,56678.12385112,120.0,HD104237_984378_2014-01-21T02:53:23.434_S0.4x11_1x1_VIS_NOD,ESO-VLT-U3,"ECHELLE,SLIT,NODDING",["984378"],IDP,XS_SFLX_984378_2014-01-21T02:53:23.434_S0.4x11_1x1_VIS_NOD.fits,,,true
http://archive.eso.org/datalink/links?ID=ivo://eso.org/ID?ADP.2014-05-23T11:56:08.553,,SPECTRUM,SPECTRUM (FLUX CALIBRATED),XSHOOTER,La Silla Paranal APEX,Non-solar,56678.12034947,2014-01-21T02:53:18.193,120.0,"[gte:298.92, lte:555.98]",9861.0,,["092.C-0126"],"["SCHOELLER, MARKUS"]","ESO, PHASE3",XSHOOTER,HD104237,,2014-05-23T00:00:00.000,POSITION J2000 180.017396 -78.19336,180.017396,-78.19336,ADP.2014-05-23T11:56:08.553,1,2015-01-21T04:11:11.030,469393,725,,503.2,300.225763,-15.592472,,,,,,2,2014-01-21T02:59:10.513,56678.12442722,120.0,HD104237_984378_2014-01-21T02:53:18.194_S0.5x11_1x1_UVB_NOD,ESO-VLT-U3,"ECHELLE,SLIT,NODDING",["984378"],IDP,XS_SFLX_984378_2014-01-21T02:53:18.194_S0.5x11_1x1_UVB_NOD.fits,,,true
http://archive.eso.org/datalink/links?ID=ivo://eso.org/ID?ADP.2018-06-11T12:16:50.192,,SPECTRUM,SPECTRUM (FLUX CALIBRATED),XSHOOTER,La Silla Paranal APEX,Non-solar,58249.99059467,2018-05-11T23:46:27.380,1200.0,"[gte:994.02, lte:2478.96]",11424.0,,["0101.C-0527"],"["CACERES, CLAUDIO"]","ESO, PHASE3",XSHOOTER,FLG2003 eps Cha 6,,2018-06-11T12:22:05.000,POSITION J2000 180.031302 -78.19345,180.031302,-78.19345,ADP.2018-06-11T12:16:50.192,1,2019-05-12T00:16:15.747,6144448,1362,,73.0,300.228674,-15.591976,,,,,,2,2018-05-12T00:08:13.350,58250.00571007,1200.0,FLG2003epsCha6_1944117_2018-05-11T23:46:27.379_S0.4x11_NIR_NOD,ESO-VLT-U2,"ECHELLE,SLIT,NODDING",["1944117"],IDP,XS_SFLX_1944117_2018-05-11T23:46:27.379_S0.4x11_NIR_NOD.fits,,,true
http://archive.eso.org/datalink/links?ID=ivo://eso.org/ID?ADP.2018-06-11T12:16:50.175,,SPECTRUM,SPECTRUM (FLUX CALIBRATED),XSHOOTER,La Silla Paranal APEX,Non-solar,58249.99055973,2018-05-11T23:46:24.360,640.0,"[gte:533.66, lte:1020.0]",18340.0,,["0101.C-0527"],"["CACERES, CLAUDIO"]","ESO, PHASE3",XSHOOTER,FLG2003 eps Cha 6,,2018-06-11T12:22:05.000,POSITION J2000 180.031302 -78.19345,180.031302,-78.19345,ADP.2018-06-11T12:16:50.175,1,2019-05-12T00:16:15.747,6144444,1330,,96.2,300.228673,-15.591976,,,,,,2,2018-05-12T00:05:50.500,58250.0040567,640.0,FLG2003epsCha6_1944117_2018-05-11T23:46:24.361_S0.4x11_1x1_VIS_NOD,ESO-VLT-U2,"ECHELLE,SLIT,NODDING",["1944117"],IDP,XS_SFLX_1944117_2018-05-11T23:46:24.361_S0.4x11_1x1_VIS_NOD.fits,,,true
http://archive.eso.org/datalink/links?ID=ivo://eso.org/ID?ADP.2018-06-11T12:16:50.119,,SPECTRUM,SPECTRUM (FLUX CALIBRATED),XSHOOTER,La Silla Paranal APEX,Non-solar,58249.99049977,2018-05-11T23:46:19.180,1000.0,"[gte:298.92, lte:555.98]",5453.0,,["0101.C-0527"],"["CACERES, CLAUDIO"]","ESO, PHASE3",XSHOOTER,FLG2003 eps Cha 6,,2018-06-11T12:22:05.000,POSITION J2000 180.031302 -78.19345,180.031302,-78.19345,ADP.2018-06-11T12:16:50.119,1,2019-05-12T00:16:15.747,6144431,734,,20.4,300.228674,-15.591976,,,,,,2,2018-05-12T00:07:15.260,58250.00503772,1000.0,FLG2003epsCha6_1944117_2018-05-11T23:46:19.180_S1.0x11_1x1_UVB_NOD,ESO-VLT-U2,"ECHELLE,SLIT,NODDING",["1944117"],IDP,XS_SFLX_1944117_2018-05-11T23:46:19.180_S1.0x11_1x1_UVB_NOD.fits,,,true
http://archive.eso.org/datalink/links?ID=ivo://eso.org/ID?ADP.2018-06-11T12:16:50.015,,SPECTRUM,SPECTRUM (FLUX CALIBRATED),XSHOOTER,La Silla Paranal APEX,Non-solar,58250.0064483,2018-05-12T00:09:17.133,30.0,"[gte:994.02, lte:2478.96]",1029.0,,["0101.C-0527"],"["CACERES, CLAUDIO"]","ESO, PHASE3",XSHOOTER,FLG2003 eps Cha 6,,2018-06-11T12:22:05.000,POSITION J2000 180.032894 -78.19406,180.032894,-78.19406,ADP.2018-06-11T12:16:50.015,1,2019-05-12T00:16:15.747,6144407,1365,,24.7,300.229134,-15.592507,,,,,,2,2018-05-12T00:09:47.133,58250.00679552,30.0,FLG2003epsCha6_1944117_2018-05-12T00:09:17.133_S5.0x11_NIR_STA,ESO-VLT-U2,"ECHELLE,SLIT,STARE",["1944117"],IDP,XS_SFLX_1944117_2018-05-12T00:09:17.133_S5.0x11_NIR_STA.fits,,,true
http://archive.eso.org/datalink/links?ID=ivo://eso.org/ID?ADP.2018-06-11T12:16:49.848,,SPECTRUM,SPECTRUM (FLUX CALIBRATED),XSHOOTER,La Silla Paranal APEX,Non-solar,58250.00641066,2018-05-12T00:09:13.880,19.0,"[gte:533.66, lte:1020.0]",1512.0,,["0101.C-0527"],"["CACERES, CLAUDIO"]","ESO, PHASE3",XSHOOTER,FLG2003 eps Cha 6,,2018-06-11T12:22:05.000,POSITION J2000 180.032894 -78.19406,180.032894,-78.19406,ADP.2018-06-11T12:16:49.848,1,2019-05-12T00:16:15.747,6144368,1336,,10.3,300.229134,-15.592507,,,,,,2,2018-05-12T00:09:32.880,58250.00663057,19.0,FLG2003epsCha6_1944117_2018-05-12T00:09:13.882_S5.0x11_1x2_VIS_STA,ESO-VLT-U2,"ECHELLE,SLIT,STARE",["1944117"],IDP,XS_SFLX_1944117_2018-05-12T00:09:13.882_S5.0x11_1x2_VIS_STA.fits,,,true
http://archive.eso.org/datalink/links?ID=ivo://eso.org/ID?ADP.2018-06-11T12:16:50.150,,SPECTRUM,SPECTRUM (FLUX CALIBRATED),XSHOOTER,La Silla Paranal APEX,Non-solar,58250.00635036,2018-05-12T00:09:08.670,30.0,"[gte:298.92, lte:555.98]",1040.0,,["0101.C-0527"],"["CACERES, CLAUDIO"]","ESO, PHASE3",XSHOOTER,FLG2003 eps Cha 6,,2018-06-11T12:22:05.000,POSITION J2000 180.032894 -78.19406,180.032894,-78.19406,ADP.2018-06-11T12:16:50.150,1,2019-05-12T00:16:15.747,6144438,740,,-14.5,300.229134,-15.592506,,,,,,2,2018-05-12T00:09:38.670,58250.00669758,30.0,FLG2003epsCha6_1944117_2018-05-12T00:09:08.671_S5.0x11_1x2_UVB_STA,ESO-VLT-U2,"ECHELLE,SLIT,STARE",["1944117"],IDP,XS_SFLX_1944117_2018-05-12T00:09:08.671_S5.0x11_1x2_UVB_STA.fits,,,true
http://archive.eso.org/datalink/links?ID=ivo://eso.org/ID?ADP.2018-06-11T12:02:26.155,,SPECTRUM,SPECTRUM (FLUX CALIBRATED),XSHOOTER,La Silla Paranal APEX,Non-solar,58246.01474955,2018-05-08T00:21:14.360,1056.0,"[gte:994.02, lte:2478.96]",11424.0,,["0101.C-0527"],"["CACERES, CLAUDIO"]","ESO, PHASE3",XSHOOTER,FLG2003 eps Cha 7,,2018-06-11T12:07:56.000,POSITION J2000 180.035355 -78.19449,180.035355,-78.19449,ADP.2018-06-11T12:02:26.155,1,2019-05-08T00:45:28.737,6144159,1362,,289.1,300.229738,-15.592824,,,,,,2,2018-05-08T00:40:23.703,58246.02805211,1056.0,FLG2003epsCha7_1944081_2018-05-08T00:21:14.361_S0.4x11_NIR_NOD,ESO-VLT-U2,"ECHELLE,SLIT,NODDING",["1944081"],IDP,XS_SFLX_1944081_2018-05-08T00:21:14.361_S0.4x11_NIR_NOD.fits,,,true
http://archive.eso.org/datalink/links?ID=ivo://eso.org/ID?ADP.2018-06-11T12:02:26.057,,SPECTRUM,SPECTRUM (FLUX CALIBRATED),XSHOOTER,La Silla Paranal APEX,Non-solar,58246.0147141,2018-05-08T00:21:11.300,480.0,"[gte:533.66, lte:1020.0]",18340.0,,["0101.C-0527"],"["CACERES, CLAUDIO"]","ESO, PHASE3",XSHOOTER,FLG2003 eps Cha 7,,2018-06-11T12:07:56.000,POSITION J2000 180.035355 -78.19449,180.035355,-78.19449,ADP.2018-06-11T12:02:26.057,1,2019-05-08T00:45:28.737,6144136,1330,,145.3,300.229737,-15.592824,,,,,,2,2018-05-08T00:37:56.827,58246.02635215,480.0,FLG2003epsCha7_1944081_2018-05-08T00:21:11.298_S0.4x11_1x1_VIS_NOD,ESO-VLT-U2,"ECHELLE,SLIT,NODDING",["1944081"],IDP,XS_SFLX_1944081_2018-05-08T00:21:11.298_S0.4x11_1x1_VIS_NOD.fits,,,true
http://archive.eso.org/datalink/links?ID=ivo://eso.org/ID?ADP.2018-06-11T12:02:26.341,,SPECTRUM,SPECTRUM (FLUX CALIBRATED),XSHOOTER,La Silla Paranal APEX,Non-solar,58246.01465426,2018-05-08T00:21:06.127,836.0,"[gte:298.92, lte:555.98]",5453.0,,["0101.C-0527"],"["CACERES, CLAUDIO"]","ESO, PHASE3",XSHOOTER,FLG2003 eps Cha 7,,2018-06-11T12:07:56.000,POSITION J2000 180.035355 -78.19449,180.035355,-78.19449,ADP.2018-06-11T12:02:26.341,1,2019-05-08T00:45:28.737,6144202,734,,85.0,300.229738,-15.592824,,,,,,2,2018-05-08T00:39:20.587,58246.02732159,836.0,FLG2003epsCha7_1944081_2018-05-08T00:21:06.128_S1.0x11_1x1_UVB_NOD,ESO-VLT-U2,"ECHELLE,SLIT,NODDING",["1944081"],IDP,XS_SFLX_1944081_2018-05-08T00:21:06.128_S1.0x11_1x1_UVB_NOD.fits,,,true
http://archive.eso.org/datalink/links?ID=ivo://eso.org/ID?ADP.2018-06-11T12:02:26.332,,SPECTRUM,SPECTRUM (FLUX CALIBRATED),XSHOOTER,La Silla Paranal APEX,Non-solar,58246.02871782,2018-05-08T00:41:21.220,30.0,"[gte:994.02, lte:2478.96]",1029.0,,["0101.C-0527"],"["CACERES, CLAUDIO"]","ESO, PHASE3",XSHOOTER,FLG2003 eps Cha 7,,2018-06-11T12:07:56.000,POSITION J2000 180.036675 -78.19513,180.036675,-78.19513,ADP.2018-06-11T12:02:26.332,1,2019-05-08T00:50:47.457,6144200,1365,,80.4,300.230148,-15.593395,,,,,,2,2018-05-08T00:41:51.220,58246.02906504,30.0,FLG2003epsCha7_1944081_2018-05-08T00:41:21.220_S5.0x11_NIR_STA,ESO-VLT-U2,"ECHELLE,SLIT,STARE",["1944081"],IDP,XS_SFLX_1944081_2018-05-08T00:41:21.220_S5.0x11_NIR_STA.fits,,,true
http://archive.eso.org/datalink/links?ID=ivo://eso.org/ID?ADP.2018-06-11T12:02:25.964,,SPECTRUM,SPECTRUM (FLUX CALIBRATED),XSHOOTER,La Silla Paranal APEX,Non-solar,58246.02868002,2018-05-08T00:41:17.953,19.0,"[gte:533.66, lte:1020.0]",1512.0,,["0101.C-0527"],"["CACERES, CLAUDIO"]","ESO, PHASE3",XSHOOTER,FLG2003 eps Cha 7,,2018-06-11T12:07:56.000,POSITION J2000 180.036675 -78.19513,180.036675,-78.19513,ADP.2018-06-11T12:02:25.964,1,2019-05-08T00:50:47.457,6144115,1336,,62.3,300.230148,-15.593395,,,,,,2,2018-05-08T00:41:36.953,58246.02889993,19.0,FLG2003epsCha7_1944081_2018-05-08T00:41:17.955_S5.0x11_1x2_VIS_STA,ESO-VLT-U2,"ECHELLE,SLIT,STARE",["1944081"],IDP,XS_SFLX_1944081_2018-05-08T00:41:17.955_S5.0x11_1x2_VIS_STA.fits,,,true
http://archive.eso.org/datalink/links?ID=ivo://eso.org/ID?ADP.2018-06-11T12:02:26.289,,SPECTRUM,SPECTRUM (FLUX CALIBRATED),XSHOOTER,La Silla Paranal APEX,Non-solar,58246.02861983,2018-05-08T00:41:12.753,30.0,"[gte:298.92, lte:555.98]",1040.0,,["0101.C-0527"],"["CACERES, CLAUDIO"]","ESO, PHASE3",XSHOOTER,FLG2003 eps Cha 7,,2018-06-11T12:07:56.000,POSITION J2000 180.036675 -78.19513,180.036675,-78.19513,ADP.2018-06-11T12:02:26.289,1,2019-05-08T00:50:47.457,6144190,740,,22.3,300.230148,-15.593395,,,,,,2,2018-05-08T00:41:42.753,58246.02896705,30.0,FLG2003epsCha7_1944081_2018-05-08T00:41:12.754_S5.0x11_1x2_UVB_STA,ESO-VLT-U2,"ECHELLE,SLIT,STARE",["1944081"],IDP,XS_SFLX_1944081_2018-05-08T00:41:12.754_S5.0x11_1x2_UVB_STA.fits,,,true
http://archive.eso.org/datalink/links?ID=ivo://eso.org/ID?ADP.2018-05-07T12:22:27.427,,SPECTRUM,SPECTRUM (FLUX CALIBRATED),XSHOOTER,La Silla Paranal APEX,Non-solar,58219.14926839,2018-04-11T03:34:56.790,1056.0,"[gte:994.02, lte:2478.96]",11424.0,,["0101.C-0527"],"["CACERES, CLAUDIO"]","ESO, PHASE3",XSHOOTER,FLG2003 eps Cha 7,,2018-05-07T12:27:54.000,POSITION J2000 180.03982 -78.19438,180.03982,-78.19438,ADP.2018-05-07T12:22:27.427,1,2019-04-11T04:01:00.513,6136933,1362,,192.5,300.230642,-15.592529,,,,,,2,2018-04-11T03:54:30.130,58219.16284871,1056.0,FLG2003epsCha7_1944081_2018-04-11T03:34:56.789_S0.4x11_NIR_NOD,ESO-VLT-U2,"ECHELLE,SLIT,NODDING",["1944081"],IDP,XS_SFLX_1944081_2018-04-11T03:34:56.789_S0.4x11_NIR_NOD.fits,,,true
http://archive.eso.org/datalink/links?ID=ivo://eso.org/ID?ADP.2018-05-07T12:22:27.609,,SPECTRUM,SPECTRUM (FLUX CALIBRATED),XSHOOTER,La Silla Paranal APEX,Non-solar,58219.14923105,2018-04-11T03:34:53.563,480.0,"[gte:533.66, lte:1020.0]",18340.0,,["0101.C-0527"],"["CACERES, CLAUDIO"]","ESO, PHASE3",XSHOOTER,FLG2003 eps Cha 7,,2018-05-07T12:27:54.000,POSITION J2000 180.03982 -78.19438,180.03982,-78.19438,ADP.2018-05-07T12:22:27.609,1,2019-04-11T04:01:00.513,6136975,1330,,109.3,300.230642,-15.592529,,,,,,2,2018-04-11T03:52:02.853,58219.16114413,480.0,FLG2003epsCha7_1944081_2018-04-11T03:34:53.564_S0.4x11_1x1_VIS_NOD,ESO-VLT-U2,"ECHELLE,SLIT,NODDING",["1944081"],IDP,XS_SFLX_1944081_2018-04-11T03:34:53.564_S0.4x11_1x1_VIS_NOD.fits,,,true
http://archive.eso.org/datalink/links?ID=ivo://eso.org/ID?ADP.2018-05-07T12:22:27.499,,SPECTRUM,SPECTRUM (FLUX CALIBRATED),XSHOOTER,La Silla Paranal APEX,Non-solar,58219.14917075,2018-04-11T03:34:48.353,836.0,"[gte:298.92, lte:555.98]",5453.0,,["0101.C-0527"],"["CACERES, CLAUDIO"]","ESO, PHASE3",XSHOOTER,FLG2003 eps Cha 7,,2018-05-07T12:27:54.000,POSITION J2000 180.03982 -78.19438,180.03982,-78.19438,ADP.2018-05-07T12:22:27.499,1,2019-04-11T04:01:00.513,6136950,734,,64.7,300.230642,-15.592529,,,,,,2,2018-04-11T03:53:26.613,58219.16211356,836.0,FLG2003epsCha7_1944081_2018-04-11T03:34:48.353_S1.0x11_1x1_UVB_NOD,ESO-VLT-U2,"ECHELLE,SLIT,NODDING",["1944081"],IDP,XS_SFLX_1944081_2018-04-11T03:34:48.353_S1.0x11_1x1_UVB_NOD.fits,,,true
http://archive.eso.org/datalink/links?ID=ivo://eso.org/ID?ADP.2023-10-24T10:19:14.190,,SPECTRUM,SPECTRUM (FLUX CALIBRATED),XSHOOTER,La Silla Paranal APEX,Non-solar,59661.15341333,2022-03-23T03:40:54.913,480.0,"[gte:994.02, lte:2478.96]",11600.0,,["106.20Z8"],"["MANARA, CARLO FELICE"]","MANARA, CARLO FELICE",PENELLOPE,HD104237E,,2023-10-25T11:43:45.000,POSITION J2000 180.037875 -78.195108,180.037875,-78.195108,ADP.2023-10-24T10:19:14.190,1,2023-10-25T11:38:38.000,15914184,463,,10579.5,300.230318,-15.593238,,,,,,2,2022-03-23T03:49:33.200,59661.15941205,480.0,PENELLOPE_HD104237E_NIR,ESO-VLT-U3,"ECHELLE,SLIT,NODDING",["3322407"],EDP,flux_HD104237E_nir_tell_P3.fits,,DR1,true
http://archive.eso.org/datalink/links?ID=ivo://eso.org/ID?ADP.2023-10-24T10:19:14.194,,SPECTRUM,SPECTRUM (FLUX CALIBRATED),XSHOOTER,La Silla Paranal APEX,Non-solar,59661.15338081,2022-03-23T03:40:52.103,200.0,"[gte:533.66, lte:1020.0]",18400.0,,["106.20Z8"],"["MANARA, CARLO FELICE"]","MANARA, CARLO FELICE",PENELLOPE,HD104237E,,2023-10-25T11:43:45.000,POSITION J2000 180.037875 -78.195108,180.037875,-78.195108,ADP.2023-10-24T10:19:14.194,1,2023-10-25T11:38:38.000,15914188,446,,3903.2,300.230318,-15.593238,,,,,,2,2022-03-23T03:47:10.340,59661.15775856,200.0,PENELLOPE_HD104237E_VIS,ESO-VLT-U3,"ECHELLE,SLIT,NODDING",["3322407"],EDP,flux_HD104237E_vis_tell_P3.fits,,DR1,true
http://archive.eso.org/datalink/links?ID=ivo://eso.org/ID?ADP.2023-10-24T10:19:14.192,,SPECTRUM,SPECTRUM (FLUX CALIBRATED),XSHOOTER,La Silla Paranal APEX,Non-solar,59661.15331663,2022-03-23T03:40:46.557,380.0,"[gte:298.92, lte:555.98]",5400.0,,["106.20Z8"],"["MANARA, CARLO FELICE"]","MANARA, CARLO FELICE",PENELLOPE,HD104237E,,2023-10-25T11:43:45.000,POSITION J2000 180.037875 -78.195108,180.037875,-78.195108,ADP.2023-10-24T10:19:14.192,1,2023-10-25T11:38:38.000,15914186,262,,1103.6,300.230318,-15.593238,,,,,,2,2022-03-23T03:48:35.120,59661.15873981,380.0,PENELLOPE_HD104237E_UVB,ESO-VLT-U3,"ECHELLE,SLIT,NODDING",["3322407"],EDP,flux_HD104237E_uvb_P3.fits,,DR1,true
http://archive.eso.org/datalink/links?ID=ivo://eso.org/ID?ADP.2018-05-07T12:22:27.688,,SPECTRUM,SPECTRUM (FLUX CALIBRATED),XSHOOTER,La Silla Paranal APEX,Non-solar,58219.16352217,2018-04-11T03:55:28.317,30.0,"[gte:994.02, lte:2478.96]",1029.0,,["0101.C-0527"],"["CACERES, CLAUDIO"]","ESO, PHASE3",XSHOOTER,FLG2003 eps Cha 7,,2018-05-07T12:27:54.000,POSITION J2000 180.039774 -78.19507,180.039774,-78.19507,ADP.2018-05-07T12:22:27.688,1,2019-04-11T04:01:00.513,6136993,1365,,78.7,300.23078,-15.593207,,,,,,2,2018-04-11T03:55:58.317,58219.16386939,30.0,FLG2003epsCha7_1944081_2018-04-11T03:55:28.315_S5.0x11_NIR_STA,ESO-VLT-U2,"ECHELLE,SLIT,STARE",["1944081"],IDP,XS_SFLX_1944081_2018-04-11T03:55:28.315_S5.0x11_NIR_STA.fits,,,true
http://archive.eso.org/datalink/links?ID=ivo://eso.org/ID?ADP.2018-05-07T12:22:27.461,,SPECTRUM,SPECTRUM (FLUX CALIBRATED),XSHOOTER,La Silla Paranal APEX,Non-solar,58219.16348473,2018-04-11T03:55:25.080,19.0,"[gte:533.66, lte:1020.0]",1512.0,,["0101.C-0527"],"["CACERES, CLAUDIO"]","ESO, PHASE3",XSHOOTER,FLG2003 eps Cha 7,,2018-05-07T12:27:54.000,POSITION J2000 180.039774 -78.19507,180.039774,-78.19507,ADP.2018-05-07T12:22:27.461,1,2019-04-11T04:01:00.513,6136941,1336,,71.5,300.23078,-15.593207,,,,,,2,2018-04-11T03:55:44.080,58219.16370464,19.0,FLG2003epsCha7_1944081_2018-04-11T03:55:25.081_S5.0x11_1x2_VIS_STA,ESO-VLT-U2,"ECHELLE,SLIT,STARE",["1944081"],IDP,XS_SFLX_1944081_2018-04-11T03:55:25.081_S5.0x11_1x2_VIS_STA.fits,,,true
http://archive.eso.org/datalink/links?ID=ivo://eso.org/ID?ADP.2018-05-07T12:22:27.487,,SPECTRUM,SPECTRUM (FLUX CALIBRATED),XSHOOTER,La Silla Paranal APEX,Non-solar,58219.16342419,2018-04-11T03:55:19.850,30.0,"[gte:298.92, lte:555.98]",1040.0,,["0101.C-0527"],"["CACERES, CLAUDIO"]","ESO, PHASE3",XSHOOTER,FLG2003 eps Cha 7,,2018-05-07T12:27:54.000,POSITION J2000 180.039774 -78.19507,180.039774,-78.19507,ADP.2018-05-07T12:22:27.487,1,2019-04-11T04:01:00.513,6136947,740,,27.8,300.230779,-15.593206,,,,,,2,2018-04-11T03:55:49.850,58219.16377142,30.0,FLG2003epsCha7_1944081_2018-04-11T03:55:19.851_S5.0x11_1x2_UVB_STA,ESO-VLT-U2,"ECHELLE,SLIT,STARE",["1944081"],IDP,XS_SFLX_1944081_2018-04-11T03:55:19.851_S5.0x11_1x2_UVB_STA.fits,,,true
http://archive.eso.org/datalink/links?ID=ivo://eso.org/ID?ADP.2022-04-01T15:59:28.671,,SPECTRUM,SPECTRUM (FLUX CALIBRATED),XSHOOTER,La Silla Paranal APEX,Non-solar,59661.15122829,2022-03-23T03:37:46.123,60.0,"[gte:994.02, lte:2478.96]",1029.0,,["106.20Z8"],"["MANARA, CARLO FELICE"]","ESO, PHASE3",XSHOOTER,FLG2003 eps Cha 7,,2022-04-01T16:08:50.000,POSITION J2000 180.039164 -78.19538,180.039164,-78.19538,ADP.2022-04-01T15:59:28.671,1,2022-03-23T03:45:43.000,15637023,1368,,164.0,300.230719,-15.593536,,,,,,2,2022-03-23T03:38:46.123,59661.15192273,60.0,FLG2003epsCha7_3322407_2022-03-23T03:37:46.124_S5.0x11_NIR_STA,ESO-VLT-U3,"ECHELLE,SLIT,STARE",["3322407"],IDP,XS_SFLX_3322407_2022-03-23T03:37:46.124_S5.0x11_NIR_STA.fits,,,true
http://archive.eso.org/datalink/links?ID=ivo://eso.org/ID?ADP.2022-04-01T15:59:28.662,,SPECTRUM,SPECTRUM (FLUX CALIBRATED),XSHOOTER,La Silla Paranal APEX,Non-solar,59661.15119169,2022-03-23T03:37:42.963,40.0,"[gte:533.66, lte:1020.0]",1512.0,,["106.20Z8"],"["MANARA, CARLO FELICE"]","ESO, PHASE3",XSHOOTER,FLG2003 eps Cha 7,,2022-04-01T16:08:50.000,POSITION J2000 180.039164 -78.19538,180.039164,-78.19538,ADP.2022-04-01T15:59:28.662,1,2022-03-23T03:51:32.000,15637021,1339,,98.8,300.230719,-15.593536,,,,,,2,2022-03-23T03:38:22.963,59661.15165465,40.0,FLG2003epsCha7_3322407_2022-03-23T03:37:42.961_S5.0x11_1x1_VIS_STA,ESO-VLT-U3,"ECHELLE,SLIT,STARE",["3322407"],IDP,XS_SFLX_3322407_2022-03-23T03:37:42.961_S5.0x11_1x1_VIS_STA.fits,,,true
http://archive.eso.org/datalink/links?ID=ivo://eso.org/ID?ADP.2022-04-01T15:59:28.721,,SPECTRUM,SPECTRUM (FLUX CALIBRATED),XSHOOTER,La Silla Paranal APEX,Non-solar,59661.15113207,2022-03-23T03:37:37.810,60.0,"[gte:298.92, lte:555.98]",1040.0,,["106.20Z8"],"["MANARA, CARLO FELICE"]","ESO, PHASE3",XSHOOTER,FLG2003 eps Cha 7,,2022-04-01T16:08:50.000,POSITION J2000 180.039164 -78.19538,180.039164,-78.19538,ADP.2022-04-01T15:59:28.721,1,2022-03-23T03:51:32.000,15637035,740,,40.3,300.230719,-15.593536,,,,,,2,2022-03-23T03:38:37.810,59661.15182652,60.0,FLG2003epsCha7_3322407_2022-03-23T03:37:37.811_S5.0x11_1x1_UVB_STA,ESO-VLT-U3,"ECHELLE,SLIT,STARE",["3322407"],IDP,XS_SFLX_3322407_2022-03-23T03:37:37.811_S5.0x11_1x1_UVB_STA.fits,,,true
http://archive.eso.org/datalink/links?ID=ivo://eso.org/ID?ADP.2022-04-01T15:59:28.703,,SPECTRUM,SPECTRUM (FLUX CALIBRATED),XSHOOTER,La Silla Paranal APEX,Non-solar,59661.15341333,2022-03-23T03:40:54.913,480.0,"[gte:994.02, lte:2478.96]",11424.0,,["106.20Z8"],"["MANARA, CARLO FELICE"]","ESO, PHASE3",XSHOOTER,FLG2003 eps Cha 7,,2022-04-01T16:08:50.000,POSITION J2000 180.036891 -78.19589,180.036891,-78.19589,ADP.2022-04-01T15:59:28.703,1,2022-03-23T03:55:53.000,15637031,1362,,327.9,300.230355,-15.59413,,,,,,2,2022-03-23T03:49:33.200,59661.15941205,480.0,FLG2003epsCha7_3322407_2022-03-23T03:40:54.912_S0.4x11_NIR_NOD,ESO-VLT-U3,"ECHELLE,SLIT,NODDING",["3322407"],IDP,XS_SFLX_3322407_2022-03-23T03:40:54.912_S0.4x11_NIR_NOD.fits,,,true
http://archive.eso.org/datalink/links?ID=ivo://eso.org/ID?ADP.2022-04-01T15:59:28.592,,SPECTRUM,SPECTRUM (FLUX CALIBRATED),XSHOOTER,La Silla Paranal APEX,Non-solar,59661.15338081,2022-03-23T03:40:52.103,200.0,"[gte:533.66, lte:1020.0]",18340.0,,["106.20Z8"],"["MANARA, CARLO FELICE"]","ESO, PHASE3",XSHOOTER,FLG2003 eps Cha 7,,2022-04-01T16:08:50.000,POSITION J2000 180.036891 -78.19589,180.036891,-78.19589,ADP.2022-04-01T15:59:28.592,1,2022-03-23T03:55:53.000,15637005,1333,,135.4,300.230355,-15.59413,,,,,,2,2022-03-23T03:47:10.340,59661.15775857,200.0,FLG2003epsCha7_3322407_2022-03-23T03:40:52.102_S0.4x11_1x1_VIS_NOD,ESO-VLT-U3,"ECHELLE,SLIT,NODDING",["3322407"],IDP,XS_SFLX_3322407_2022-03-23T03:40:52.102_S0.4x11_1x1_VIS_NOD.fits,,,truehttp://archive.eso.org/datalink/links?ID=ivo://eso.org/ID?ADP.2014-05-15T14:46:43.957,,SPECTRUM,SPECTRUM (FLUX CALIBRATED),XSHOOTER,La Silla Paranal APEX,Non-solar,55284.21002505,2010-03-29T05:02:26.163,360.0,"[gte:994.02, lte:2478.96]",11424.0,,["084.C-0952"],"["OUDMAIJER, R.D."]","ESO, PHASE3",XSHOOTER,CPD-485215,,2014-05-15T00:00:00.000,POSITION J2000 195.323618 -48.88806,195.323618,-48.88806,ADP.2014-05-15T14:46:43.957,1,2011-04-09T13:13:47.503,438124,1347,,89.8,304.601204,13.951657,,,,,,2,2010-03-29T05:11:01.430,55284.21598876,360.0,CPD-485215_387948_2010-03-29T05:02:26.164_S0.4x11_NIR_NOD,ESO-VLT-U2,"ECHELLE,SLIT,NODDING",["387948"],IDP,XS_SFLX_387948_2010-03-29T05:02:26.164_S0.4x11_NIR_NOD.fits,,,true
http://archive.eso.org/datalink/links?ID=ivo://eso.org/ID?ADP.2014-05-15T14:46:44.443,,SPECTRUM,SPECTRUM (FLUX CALIBRATED),XSHOOTER,La Silla Paranal APEX,Non-solar,55284.20998787,2010-03-29T05:02:22.953,360.0,"[gte:533.66, lte:1020.0]",18340.0,,["084.C-0952"],"["OUDMAIJER, R.D."]","ESO, PHASE3",XSHOOTER,CPD-485215,,2014-05-15T00:00:00.000,POSITION J2000 195.323618 -48.88806,195.323618,-48.88806,ADP.2014-05-15T14:46:44.443,1,2011-04-09T13:13:47.287,438121,1319,,203.4,304.601203,13.951656,,,,,,2,2010-03-29T05:10:58.110,55284.21595033,360.0,CPD-485215_387948_2010-03-29T05:02:22.952_S0.4x11_1x1_VIS_NOD,ESO-VLT-U2,"ECHELLE,SLIT,NODDING",["387948"],IDP,XS_SFLX_387948_2010-03-29T05:02:22.952_S0.4x11_1x1_VIS_NOD.fits,,,true
http://archive.eso.org/datalink/links?ID=ivo://eso.org/ID?ADP.2014-05-15T14:46:44.703,,SPECTRUM,SPECTRUM (FLUX CALIBRATED),XSHOOTER,La Silla Paranal APEX,Non-solar,55284.20992779,2010-03-29T05:02:17.760,360.0,"[gte:298.92, lte:555.98]",9861.0,,["084.C-0952"],"["OUDMAIJER, R.D."]","ESO, PHASE3",XSHOOTER,CPD-485215,,2014-05-15T00:00:00.000,POSITION J2000 195.323618 -48.88806,195.323618,-48.88806,ADP.2014-05-15T14:46:44.703,1,2011-04-09T13:13:47.257,438129,722,,266.6,304.601203,13.951656,,,,,,2,2010-03-29T05:10:52.860,55284.21588956,360.0,CPD-485215_387948_2010-03-29T05:02:17.761_S0.5x11_1x1_UVB_NOD,ESO-VLT-U2,"ECHELLE,SLIT,NODDING",["387948"],IDP,XS_SFLX_387948_2010-03-29T05:02:17.761_S0.5x11_1x1_UVB_NOD.fits,,,true
http://archive.eso.org/datalink/links?ID=ivo://eso.org/ID?ADP.2014-05-15T14:46:43.750,,SPECTRUM,SPECTRUM (FLUX CALIBRATED),XSHOOTER,La Silla Paranal APEX,Non-solar,55284.20925897,2010-03-29T05:01:19.977,1.0,"[gte:994.02, lte:2478.96]",11424.0,,["084.C-0952"],"["OUDMAIJER, R.D."]","ESO, PHASE3",XSHOOTER,CPD-485215,,2014-05-15T00:00:00.000,POSITION J2000 195.323774 -48.88861,195.323774,-48.88861,ADP.2014-05-15T14:46:43.750,1,2011-04-09T13:13:46.980,438126,1350,,6.0,304.601287,13.951103,,,,,,2,2010-03-29T05:01:20.977,55284.20927054,1.0,CPD-485215_387948_2010-03-29T05:01:19.975_S0.4x11_NIR_STA,ESO-VLT-U2,"ECHELLE,SLIT,STARE",["387948"],IDP,XS_SFLX_387948_2010-03-29T05:01:19.975_S0.4x11_NIR_STA.fits,,,true
http://archive.eso.org/datalink/links?ID=ivo://eso.org/ID?ADP.2014-05-15T14:46:44.563,,SPECTRUM,SPECTRUM (FLUX CALIBRATED),XSHOOTER,La Silla Paranal APEX,Non-solar,55284.2092238,2010-03-29T05:01:16.937,10.0,"[gte:533.66, lte:1020.0]",18340.0,,["084.C-0952"],"["OUDMAIJER, R.D."]","ESO, PHASE3",XSHOOTER,CPD-485215,,2014-05-15T00:00:00.000,POSITION J2000 195.323774 -48.88861,195.323774,-48.88861,ADP.2014-05-15T14:46:44.563,1,2011-04-09T13:13:46.957,438119,1321,,28.5,304.601287,13.951102,,,,,,2,2010-03-29T05:01:26.937,55284.20933954,10.0,CPD-485215_387948_2010-03-29T05:01:16.936_S0.4x11_1x1_VIS_STA,ESO-VLT-U2,"ECHELLE,SLIT,STARE",["387948"],IDP,XS_SFLX_387948_2010-03-29T05:01:16.936_S0.4x11_1x1_VIS_STA.fits,,,truehttp://archive.eso.org/datalink/links?ID=ivo://eso.org/ID?ADP.2014-05-15T14:50:09.593,,SPECTRUM,SPECTRUM (FLUX CALIBRATED),XSHOOTER,La Silla Paranal APEX,Non-solar,55286.30015399,2010-03-31T07:12:13.307,1200.0,"[gte:994.02, lte:2478.96]",11424.0,,["084.C-0952"],"["OUDMAIJER, R.D."]","ESO, PHASE3",XSHOOTER,PDS-361,,2014-05-15T00:00:00.000,POSITION J2000 195.840069 -62.22322,195.840069,-62.22322,ADP.2014-05-15T14:50:09.593,1,2011-04-09T13:12:46.013,438181,1347,,117.5,304.320615,0.616295,,,,,,2,2010-03-31T07:34:50.137,55286.31585804,1200.0,PDS-361_387847_2010-03-31T07:12:13.305_S0.4x11_NIR_NOD,ESO-VLT-U2,"ECHELLE,SLIT,NODDING",["387847"],IDP,XS_SFLX_387847_2010-03-31T07:12:13.305_S0.4x11_NIR_NOD.fits,,,true
http://archive.eso.org/datalink/links?ID=ivo://eso.org/ID?ADP.2014-05-15T14:50:08.707,,SPECTRUM,SPECTRUM (FLUX CALIBRATED),XSHOOTER,La Silla Paranal APEX,Non-solar,55286.30011371,2010-03-31T07:12:09.827,1200.0,"[gte:533.66, lte:1020.0]",18340.0,,["084.C-0952"],"["OUDMAIJER, R.D."]","ESO, PHASE3",XSHOOTER,PDS-361,,2014-05-15T00:00:00.000,POSITION J2000 195.840069 -62.22322,195.840069,-62.22322,ADP.2014-05-15T14:50:08.707,1,2011-04-09T13:12:45.987,438222,1319,,159.5,304.320615,0.616294,,,,,,2,2010-03-31T07:34:46.807,55286.31581952,1200.0,PDS-361_387847_2010-03-31T07:12:09.825_S0.4x11_1x1_VIS_NOD,ESO-VLT-U2,"ECHELLE,SLIT,NODDING",["387847"],IDP,XS_SFLX_387847_2010-03-31T07:12:09.825_S0.4x11_1x1_VIS_NOD.fits,,,true
http://archive.eso.org/datalink/links?ID=ivo://eso.org/ID?ADP.2014-05-15T14:50:09.940,,SPECTRUM,SPECTRUM (FLUX CALIBRATED),XSHOOTER,La Silla Paranal APEX,Non-solar,55286.3000534,2010-03-31T07:12:04.613,1200.0,"[gte:298.92, lte:555.98]",9861.0,,["084.C-0952"],"["OUDMAIJER, R.D."]","ESO, PHASE3",XSHOOTER,PDS-361,,2014-05-15T00:00:00.000,POSITION J2000 195.840069 -62.22322,195.840069,-62.22322,ADP.2014-05-15T14:50:09.940,1,2011-04-09T13:12:45.770,438179,722,,133.9,304.320615,0.616294,,,,,,2,2010-03-31T07:34:41.597,55286.31575922,1200.0,PDS-361_387847_2010-03-31T07:12:04.614_S0.5x11_1x1_UVB_NOD,ESO-VLT-U2,"ECHELLE,SLIT,NODDING",["387847"],IDP,XS_SFLX_387847_2010-03-31T07:12:04.614_S0.5x11_1x1_UVB_NOD.fits,,,true
http://archive.eso.org/datalink/links?ID=ivo://eso.org/ID?ADP.2014-05-15T14:50:08.653,,SPECTRUM,SPECTRUM (FLUX CALIBRATED),XSHOOTER,La Silla Paranal APEX,Non-solar,55286.29879036,2010-03-31T07:10:15.487,1.0,"[gte:994.02, lte:2478.96]",11424.0,,["084.C-0952"],"["OUDMAIJER, R.D."]","ESO, PHASE3",XSHOOTER,PDS-361,,2014-05-15T00:00:00.000,POSITION J2000 195.839116 -62.22373,195.839116,-62.22373,ADP.2014-05-15T14:50:08.653,1,2011-04-09T13:12:45.340,438178,1350,,0.3,304.320148,0.615806,,,,,,2,2010-03-31T07:10:16.487,55286.29880193,1.0,PDS-361_387847_2010-03-31T07:10:15.487_S0.4x11_NIR_STA,ESO-VLT-U2,"ECHELLE,SLIT,STARE",["387847"],IDP,XS_SFLX_387847_2010-03-31T07:10:15.487_S0.4x11_NIR_STA.fits,,,true
http://archive.eso.org/datalink/links?ID=ivo://eso.org/ID?ADP.2014-05-15T14:50:09.347,,SPECTRUM,SPECTRUM (FLUX CALIBRATED),XSHOOTER,La Silla Paranal APEX,Non-solar,55286.29875977,2010-03-31T07:10:12.843,60.0,"[gte:533.66, lte:1020.0]",18340.0,,["084.C-0952"],"["OUDMAIJER, R.D."]","ESO, PHASE3",XSHOOTER,PDS-361,,2014-05-15T00:00:00.000,POSITION J2000 195.839116 -62.22373,195.839116,-62.22373,ADP.2014-05-15T14:50:09.347,1,2011-04-09T13:12:45.317,438197,1321,,34.2,304.320147,0.615806,,,,,,2,2010-03-31T07:11:12.843,55286.29945421,60.0,PDS-361_387847_2010-03-31T07:10:12.844_S0.4x11_1x1_VIS_STA,ESO-VLT-U2,"ECHELLE,SLIT,STARE",["387847"],IDP,XS_SFLX_387847_2010-03-31T07:10:12.844_S0.4x11_1x1_VIS_STA.fits,,,truehttp://archive.eso.org/datalink/links?ID=ivo://eso.org/ID?ADP.2014-05-17T08:52:26.460,,SPECTRUM,SPECTRUM (FLUX CALIBRATED),XSHOOTER,La Silla Paranal APEX,Non-solar,55978.28122447,2012-02-21T06:44:57.793,4.0,"[gte:533.66, lte:1020.0]",1512.0,,["088.C-0218"],"["MENDIGUTIA, IGNACIO"]","ESO, PHASE3",XSHOOTER,HD-114981,,2014-05-17T00:00:00.000,POSITION J2000 198.668617 -38.65141,198.668617,-38.65141,ADP.2014-05-17T08:52:26.460,1,2013-04-20T14:22:08.607,455342,1319,,319.6,307.895575,23.996205,,,,,,2,2012-02-21T06:46:29.770,55978.28228902,4.0,HD-114981_586458_2012-02-21T06:44:57.794_S5.0x11_2x2_VIS_NOD,ESO-VLT-U2,"ECHELLE,SLIT,NODDING",["586458"],IDP,XS_SFLX_586458_2012-02-21T06:44:57.794_S5.0x11_2x2_VIS_NOD.fits,,,true
http://archive.eso.org/datalink/links?ID=ivo://eso.org/ID?ADP.2014-05-17T08:52:26.147,,SPECTRUM,SPECTRUM (FLUX CALIBRATED),XSHOOTER,La Silla Paranal APEX,Non-solar,55978.28119716,2012-02-21T06:44:55.437,16.0,"[gte:994.02, lte:2478.96]",1029.0,,["088.C-0218"],"["MENDIGUTIA, IGNACIO"]","ESO, PHASE3",XSHOOTER,HD-114981,,2014-05-17T00:00:00.000,POSITION J2000 198.668617 -38.65141,198.668617,-38.65141,ADP.2014-05-17T08:52:26.147,1,2013-04-20T14:22:08.607,455361,1347,,86.9,307.895575,23.996205,,,,,,2,2012-02-21T06:46:30.517,55978.28229765,16.0,HD-114981_586458_2012-02-21T06:44:55.435_S5.0x11_NIR_NOD,ESO-VLT-U2,"ECHELLE,SLIT,NODDING",["586458"],IDP,XS_SFLX_586458_2012-02-21T06:44:55.435_S5.0x11_NIR_NOD.fits,,,true
http://archive.eso.org/datalink/links?ID=ivo://eso.org/ID?ADP.2014-05-17T08:52:26.707,,SPECTRUM,SPECTRUM (FLUX CALIBRATED),XSHOOTER,La Silla Paranal APEX,Non-solar,55978.28110015,2012-02-21T06:44:47.053,4.0,"[gte:298.92, lte:555.98]",1040.0,,["088.C-0218"],"["MENDIGUTIA, IGNACIO"]","ESO, PHASE3",XSHOOTER,HD-114981,,2014-05-17T00:00:00.000,POSITION J2000 198.668617 -38.65141,198.668617,-38.65141,ADP.2014-05-17T08:52:26.707,1,2013-04-20T14:22:08.607,455379,722,,526.0,307.895575,23.996204,,,,,,2,2012-02-21T06:46:19.030,55978.28216471,4.0,HD-114981_586458_2012-02-21T06:44:47.054_S5.0x11_2x2_UVB_NOD,ESO-VLT-U2,"ECHELLE,SLIT,NODDING",["586458"],IDP,XS_SFLX_586458_2012-02-21T06:44:47.054_S5.0x11_2x2_UVB_NOD.fits,,,true
http://archive.eso.org/datalink/links?ID=ivo://eso.org/ID?ADP.2014-05-17T08:52:26.813,,SPECTRUM,SPECTRUM (FLUX CALIBRATED),XSHOOTER,La Silla Paranal APEX,Non-solar,55978.27808127,2012-02-21T06:40:26.223,12.0,"[gte:533.66, lte:1020.0]",8935.0,,["088.C-0218"],"["MENDIGUTIA, IGNACIO"]","ESO, PHASE3",XSHOOTER,HD-114981,,2014-05-17T00:00:00.000,POSITION J2000 198.668617 -38.65141,198.668617,-38.65141,ADP.2014-05-17T08:52:26.813,1,2013-04-20T14:22:08.607,455348,1319,,231.8,307.895575,23.996205,,,,,,2,2012-02-21T06:43:25.047,55978.280151,12.0,HD-114981_586458_2012-02-21T06:40:26.222_S0.9x11_1x1_VIS_NOD,ESO-VLT-U2,"ECHELLE,SLIT,NODDING",["586458"],IDP,XS_SFLX_586458_2012-02-21T06:40:26.222_S0.9x11_1x1_VIS_NOD.fits,,,true
http://archive.eso.org/datalink/links?ID=ivo://eso.org/ID?ADP.2014-05-17T08:52:26.207,,SPECTRUM,SPECTRUM (FLUX CALIBRATED),XSHOOTER,La Silla Paranal APEX,Non-solar,55978.27792366,2012-02-21T06:40:12.603,24.0,"[gte:994.02, lte:2478.96]",5573.0,,["088.C-0218"],"["MENDIGUTIA, IGNACIO"]","ESO, PHASE3",XSHOOTER,HD-114981,,2014-05-17T00:00:00.000,POSITION J2000 198.668617 -38.65141,198.668617,-38.65141,ADP.2014-05-17T08:52:26.207,1,2013-04-20T14:22:08.607,455368,1347,,111.3,307.895575,23.996205,,,,,,2,2012-02-21T06:43:14.337,55978.28002702,24.0,HD-114981_586458_2012-02-21T06:40:12.604_S0.9x11_NIR_NOD,ESO-VLT-U2,"ECHELLE,SLIT,NODDING",["586458"],IDP,XS_SFLX_586458_2012-02-21T06:40:12.604_S0.9x11_NIR_NOD.fits,,,true
http://archive.eso.org/datalink/links?ID=ivo://eso.org/ID?ADP.2014-05-17T08:52:26.267,,SPECTRUM,SPECTRUM (FLUX CALIBRATED),XSHOOTER,La Silla Paranal APEX,Non-solar,55978.277825,2012-02-21T06:40:04.080,4.0,"[gte:298.92, lte:555.98]",3251.0,,["088.C-0218"],"["MENDIGUTIA, IGNACIO"]","ESO, PHASE3",XSHOOTER,HD-114981,,2014-05-17T00:00:00.000,POSITION J2000 198.668617 -38.65141,198.668617,-38.65141,ADP.2014-05-17T08:52:26.267,1,2013-04-20T14:22:08.607,455343,722,,259.2,307.895575,23.996204,,,,,,2,2012-02-21T06:43:01.307,55978.27987621,4.0,HD-114981_586458_2012-02-21T06:40:04.080_S1.6x11_1x1_UVB_NOD,ESO-VLT-U2,"ECHELLE,SLIT,NODDING",["586458"],IDP,XS_SFLX_586458_2012-02-21T06:40:04.080_S1.6x11_1x1_UVB_NOD.fits,,,true
http://archive.eso.org/datalink/links?ID=ivo://eso.org/ID?ADP.2014-05-15T14:46:44.037,,SPECTRUM,SPECTRUM (FLUX CALIBRATED),XSHOOTER,La Silla Paranal APEX,Non-solar,55284.18178781,2010-03-29T04:21:46.467,144.0,"[gte:994.02, lte:2478.96]",11424.0,,["084.C-0952"],"["OUDMAIJER, R.D."]","ESO, PHASE3",XSHOOTER,V*-V958-Cen,,2014-05-15T00:00:00.000,POSITION J2000 198.668639 -38.65141,198.668639,-38.65141,ADP.2014-05-15T14:46:44.037,1,2011-04-09T13:12:44.997,438133,1347,,129.2,307.895594,23.996203,,,,,,2,2010-03-29T04:30:37.807,55284.18793757,144.0,V*-V958-Cen_387845_2010-03-29T04:21:46.467_S0.4x11_NIR_NOD,ESO-VLT-U2,"ECHELLE,SLIT,NODDING",["387845"],IDP,XS_SFLX_387845_2010-03-29T04:21:46.467_S0.4x11_NIR_NOD.fits,,,true
http://archive.eso.org/datalink/links?ID=ivo://eso.org/ID?ADP.2014-05-15T14:46:44.717,,SPECTRUM,SPECTRUM (FLUX CALIBRATED),XSHOOTER,La Silla Paranal APEX,Non-solar,55284.18174779,2010-03-29T04:21:43.010,36.0,"[gte:533.66, lte:1020.0]",18340.0,,["084.C-0952"],"["OUDMAIJER, R.D."]","ESO, PHASE3",XSHOOTER,V*-V958-Cen,,2014-05-15T00:00:00.000,POSITION J2000 198.668639 -38.65141,198.668639,-38.65141,ADP.2014-05-15T14:46:44.717,1,2011-04-09T13:12:45.077,438131,1321,,219.6,307.895593,23.996203,,,,,,2,2010-03-29T04:31:23.180,55284.18846272,36.0,V*-V958-Cen_387845_2010-03-29T04:21:43.009_S0.4x11_1x1_VIS_NOD,ESO-VLT-U2,"ECHELLE,SLIT,NODDING",["387845"],IDP,XS_SFLX_387845_2010-03-29T04:21:43.009_S0.4x11_1x1_VIS_NOD.fits,,,true
http://archive.eso.org/datalink/links?ID=ivo://eso.org/ID?ADP.2014-05-15T14:46:43.917,,SPECTRUM,SPECTRUM (FLUX CALIBRATED),XSHOOTER,La Silla Paranal APEX,Non-solar,55284.18168737,2010-03-29T04:21:37.790,36.0,"[gte:298.92, lte:555.98]",9861.0,,["084.C-0952"],"["OUDMAIJER, R.D."]","ESO, PHASE3",XSHOOTER,V*-V958-Cen,,2014-05-15T00:00:00.000,POSITION J2000 198.668639 -38.65141,198.668639,-38.65141,ADP.2014-05-15T14:46:43.917,1,2011-04-09T13:12:45.043,438095,725,,371.1,307.895593,23.996203,,,,,,2,2010-03-29T04:30:41.727,55284.18798294,36.0,V*-V958-Cen_387845_2010-03-29T04:21:37.789_S0.5x11_1x1_UVB_NOD,ESO-VLT-U2,"ECHELLE,SLIT,NODDING",["387845"],IDP,XS_SFLX_387845_2010-03-29T04:21:37.789_S0.5x11_1x1_UVB_NOD.fits,,,true
http://archive.eso.org/datalink/links?ID=ivo://eso.org/ID?ADP.2014-05-17T08:32:18.783,,SPECTRUM,SPECTRUM (FLUX CALIBRATED),XSHOOTER,La Silla Paranal APEX,Non-solar,55947.32117722,2012-01-21T07:42:29.713,16.0,"[gte:994.02, lte:2478.96]",1029.0,,["088.C-0218"],"["MENDIGUTIA, IGNACIO"]","ESO, PHASE3",XSHOOTER,HD-114981,,2014-05-17T00:00:00.000,POSITION J2000 198.66871 -38.65165,198.66871,-38.65165,ADP.2014-05-17T08:32:18.783,1,2013-04-20T14:21:54.637,455080,1347,,97.1,307.895628,23.995959,,,,,,2,2012-01-21T07:43:57.970,55947.32219873,16.0,HD-114981_586429_2012-01-21T07:42:29.712_S5.0x11_NIR_NOD,ESO-VLT-U2,"ECHELLE,SLIT,NODDING",["586429"],IDP,XS_SFLX_586429_2012-01-21T07:42:29.712_S5.0x11_NIR_NOD.fits,,,true
http://archive.eso.org/datalink/links?ID=ivo://eso.org/ID?ADP.2014-05-17T08:32:18.483,,SPECTRUM,SPECTRUM (FLUX CALIBRATED),XSHOOTER,La Silla Paranal APEX,Non-solar,55947.32114008,2012-01-21T07:42:26.503,4.0,"[gte:533.66, lte:1020.0]",1512.0,,["088.C-0218"],"["MENDIGUTIA, IGNACIO"]","ESO, PHASE3",XSHOOTER,HD-114981,,2014-05-17T00:00:00.000,POSITION J2000 198.66871 -38.65165,198.66871,-38.65165,ADP.2014-05-17T08:32:18.483,1,2013-04-20T14:21:54.637,455074,1319,,314.2,307.895628,23.995959,,,,,,2,2012-01-21T07:43:52.240,55947.3221324,4.0,HD-114981_586429_2012-01-21T07:42:26.503_S5.0x11_2x2_VIS_NOD,ESO-VLT-U2,"ECHELLE,SLIT,NODDING",["586429"],IDP,XS_SFLX_586429_2012-01-21T07:42:26.503_S5.0x11_2x2_VIS_NOD.fits,,,true
http://archive.eso.org/datalink/links?ID=ivo://eso.org/ID?ADP.2014-05-17T08:32:18.050,,SPECTRUM,SPECTRUM (FLUX CALIBRATED),XSHOOTER,La Silla Paranal APEX,Non-solar,55947.32108011,2012-01-21T07:42:21.323,4.0,"[gte:298.92, lte:555.98]",1040.0,,["088.C-0218"],"["MENDIGUTIA, IGNACIO"]","ESO, PHASE3",XSHOOTER,HD-114981,,2014-05-17T00:00:00.000,POSITION J2000 198.66871 -38.65165,198.66871,-38.65165,ADP.2014-05-17T08:32:18.050,1,2013-04-20T14:21:54.637,455061,722,,497.1,307.895628,23.995958,,,,,,2,2012-01-21T07:43:47.060,55947.32207244,4.0,HD-114981_586429_2012-01-21T07:42:21.322_S5.0x11_2x2_UVB_NOD,ESO-VLT-U2,"ECHELLE,SLIT,NODDING",["586429"],IDP,XS_SFLX_586429_2012-01-21T07:42:21.322_S5.0x11_2x2_UVB_NOD.fits,,,true
http://archive.eso.org/datalink/links?ID=ivo://eso.org/ID?ADP.2014-05-17T08:32:18.417,,SPECTRUM,SPECTRUM (FLUX CALIBRATED),XSHOOTER,La Silla Paranal APEX,Non-solar,55947.31814541,2012-01-21T07:38:07.763,24.0,"[gte:994.02, lte:2478.96]",5573.0,,["088.C-0218"],"["MENDIGUTIA, IGNACIO"]","ESO, PHASE3",XSHOOTER,HD-114981,,2014-05-17T00:00:00.000,POSITION J2000 198.66871 -38.65165,198.66871,-38.65165,ADP.2014-05-17T08:32:18.417,1,2013-04-20T14:21:54.637,455082,1347,,102.7,307.895628,23.995959,,,,,,2,2012-01-21T07:40:52.337,55947.32005017,24.0,HD-114981_586429_2012-01-21T07:38:07.763_S0.9x11_NIR_NOD,ESO-VLT-U2,"ECHELLE,SLIT,NODDING",["586429"],IDP,XS_SFLX_586429_2012-01-21T07:38:07.763_S0.9x11_NIR_NOD.fits,,,true
http://archive.eso.org/datalink/links?ID=ivo://eso.org/ID?ADP.2014-05-17T08:32:18.330,,SPECTRUM,SPECTRUM (FLUX CALIBRATED),XSHOOTER,La Silla Paranal APEX,Non-solar,55947.31810789,2012-01-21T07:38:04.523,12.0,"[gte:533.66, lte:1020.0]",8935.0,,["088.C-0218"],"["MENDIGUTIA, IGNACIO"]","ESO, PHASE3",XSHOOTER,HD-114981,,2014-05-17T00:00:00.000,POSITION J2000 198.66871 -38.65165,198.66871,-38.65165,ADP.2014-05-17T08:32:18.330,1,2013-04-20T14:21:54.637,455067,1319,,189.2,307.895628,23.995959,,,,,,2,2012-01-21T07:40:46.613,55947.31998396,12.0,HD-114981_586429_2012-01-21T07:38:04.523_S0.9x11_1x1_VIS_NOD,ESO-VLT-U2,"ECHELLE,SLIT,NODDING",["586429"],IDP,XS_SFLX_586429_2012-01-21T07:38:04.523_S0.9x11_1x1_VIS_NOD.fits,,,true
http://archive.eso.org/datalink/links?ID=ivo://eso.org/ID?ADP.2014-05-17T08:32:18.310,,SPECTRUM,SPECTRUM (FLUX CALIBRATED),XSHOOTER,La Silla Paranal APEX,Non-solar,55947.31804735,2012-01-21T07:37:59.290,4.0,"[gte:298.92, lte:555.98]",3251.0,,["088.C-0218"],"["MENDIGUTIA, IGNACIO"]","ESO, PHASE3",XSHOOTER,HD-114981,,2014-05-17T00:00:00.000,POSITION J2000 198.66871 -38.65165,198.66871,-38.65165,ADP.2014-05-17T08:32:18.310,1,2013-04-20T14:21:54.637,455054,722,,212.5,307.895628,23.995958,,,,,,2,2012-01-21T07:40:39.423,55947.31990074,4.0,HD-114981_586429_2012-01-21T07:37:59.291_S1.6x11_1x1_UVB_NOD,ESO-VLT-U2,"ECHELLE,SLIT,NODDING",["586429"],IDP,XS_SFLX_586429_2012-01-21T07:37:59.291_S1.6x11_1x1_UVB_NOD.fits,,,true
http://archive.eso.org/datalink/links?ID=ivo://eso.org/ID?ADP.2014-05-17T09:36:03.620,,SPECTRUM,SPECTRUM (FLUX CALIBRATED),XSHOOTER,La Silla Paranal APEX,Non-solar,56012.22540523,2012-03-26T05:24:35.013,16.0,"[gte:994.02, lte:2478.96]",1029.0,,["088.C-0218"],"["MENDIGUTIA, IGNACIO"]","ESO, PHASE3",XSHOOTER,HD-114981,,2014-05-17T00:00:00.000,POSITION J2000 198.668898 -38.65108,198.668898,-38.65108,ADP.2014-05-17T09:36:03.620,1,2013-04-20T14:22:18.773,456031,1347,,76.7,307.89585,23.996511,,,,,,2,2012-03-26T05:26:01.377,56012.22640483,16.0,HD-114981_586487_2012-03-26T05:24:35.012_S5.0x11_NIR_NOD,ESO-VLT-U2,"ECHELLE,SLIT,NODDING",["586487"],IDP,XS_SFLX_586487_2012-03-26T05:24:35.012_S5.0x11_NIR_NOD.fits,,,true
http://archive.eso.org/datalink/links?ID=ivo://eso.org/ID?ADP.2014-05-17T09:36:01.860,,SPECTRUM,SPECTRUM (FLUX CALIBRATED),XSHOOTER,La Silla Paranal APEX,Non-solar,56012.22536813,2012-03-26T05:24:31.807,4.0,"[gte:533.66, lte:1020.0]",1512.0,,["088.C-0218"],"["MENDIGUTIA, IGNACIO"]","ESO, PHASE3",XSHOOTER,HD-114981,,2014-05-17T00:00:00.000,POSITION J2000 198.668898 -38.65108,198.668898,-38.65108,ADP.2014-05-17T09:36:01.860,1,2013-04-20T14:22:18.773,456011,1319,,312.0,307.89585,23.996511,,,,,,2,2012-03-26T05:25:55.633,56012.22633834,4.0,HD-114981_586487_2012-03-26T05:24:31.806_S5.0x11_2x2_VIS_NOD,ESO-VLT-U2,"ECHELLE,SLIT,NODDING",["586487"],IDP,XS_SFLX_586487_2012-03-26T05:24:31.806_S5.0x11_2x2_VIS_NOD.fits,,,true
http://archive.eso.org/datalink/links?ID=ivo://eso.org/ID?ADP.2014-05-17T09:36:02.210,,SPECTRUM,SPECTRUM (FLUX CALIBRATED),XSHOOTER,La Silla Paranal APEX,Non-solar,56012.22530828,2012-03-26T05:24:26.637,4.0,"[gte:298.92, lte:555.98]",1040.0,,["088.C-0218"],"["MENDIGUTIA, IGNACIO"]","ESO, PHASE3",XSHOOTER,HD-114981,,2014-05-17T00:00:00.000,POSITION J2000 198.668898 -38.65108,198.668898,-38.65108,ADP.2014-05-17T09:36:02.210,1,2013-04-20T14:22:18.773,455938,722,,502.1,307.895849,23.996511,,,,,,2,2012-03-26T05:25:50.443,56012.22627827,4.0,HD-114981_586487_2012-03-26T05:24:26.635_S5.0x11_2x2_UVB_NOD,ESO-VLT-U2,"ECHELLE,SLIT,NODDING",["586487"],IDP,XS_SFLX_586487_2012-03-26T05:24:26.635_S5.0x11_2x2_UVB_NOD.fits,,,true
http://archive.eso.org/datalink/links?ID=ivo://eso.org/ID?ADP.2014-05-17T09:36:04.707,,SPECTRUM,SPECTRUM (FLUX CALIBRATED),XSHOOTER,La Silla Paranal APEX,Non-solar,56012.22234738,2012-03-26T05:20:10.813,24.0,"[gte:994.02, lte:2478.96]",5573.0,,["088.C-0218"],"["MENDIGUTIA, IGNACIO"]","ESO, PHASE3",XSHOOTER,HD-114981,,2014-05-17T00:00:00.000,POSITION J2000 198.668898 -38.65108,198.668898,-38.65108,ADP.2014-05-17T09:36:04.707,1,2013-04-20T14:22:18.773,455941,1347,,95.8,307.89585,23.996511,,,,,,2,2012-03-26T05:22:56.133,56012.22426081,24.0,HD-114981_586487_2012-03-26T05:20:10.814_S0.9x11_NIR_NOD,ESO-VLT-U2,"ECHELLE,SLIT,NODDING",["586487"],IDP,XS_SFLX_586487_2012-03-26T05:20:10.814_S0.9x11_NIR_NOD.fits,,,true
http://archive.eso.org/datalink/links?ID=ivo://eso.org/ID?ADP.2014-05-17T09:36:01.180,,SPECTRUM,SPECTRUM (FLUX CALIBRATED),XSHOOTER,La Silla Paranal APEX,Non-solar,56012.22231244,2012-03-26T05:20:07.797,12.0,"[gte:533.66, lte:1020.0]",8935.0,,["088.C-0218"],"["MENDIGUTIA, IGNACIO"]","ESO, PHASE3",XSHOOTER,HD-114981,,2014-05-17T00:00:00.000,POSITION J2000 198.668898 -38.65108,198.668898,-38.65108,ADP.2014-05-17T09:36:01.180,1,2013-04-20T14:22:18.773,456039,1319,,238.1,307.89585,23.996511,,,,,,2,2012-03-26T05:22:50.537,56012.22419604,12.0,HD-114981_586487_2012-03-26T05:20:07.796_S0.9x11_1x1_VIS_NOD,ESO-VLT-U2,"ECHELLE,SLIT,NODDING",["586487"],IDP,XS_SFLX_586487_2012-03-26T05:20:07.796_S0.9x11_1x1_VIS_NOD.fits,,,true
http://archive.eso.org/datalink/links?ID=ivo://eso.org/ID?ADP.2014-05-17T09:36:02.363,,SPECTRUM,SPECTRUM (FLUX CALIBRATED),XSHOOTER,La Silla Paranal APEX,Non-solar,56012.22225155,2012-03-26T05:20:02.537,4.0,"[gte:298.92, lte:555.98]",3251.0,,["088.C-0218"],"["MENDIGUTIA, IGNACIO"]","ESO, PHASE3",XSHOOTER,HD-114981,,2014-05-17T00:00:00.000,POSITION J2000 198.668898 -38.65108,198.668898,-38.65108,ADP.2014-05-17T09:36:02.363,1,2013-04-20T14:22:18.773,455979,722,,266.5,307.895849,23.996511,,,,,,2,2012-03-26T05:22:43.297,56012.22411224,4.0,HD-114981_586487_2012-03-26T05:20:02.535_S1.6x11_1x1_UVB_NOD,ESO-VLT-U2,"ECHELLE,SLIT,NODDING",["586487"],IDP,XS_SFLX_586487_2012-03-26T05:20:02.535_S1.6x11_1x1_UVB_NOD.fits,,,true
http://archive.eso.org/datalink/links?ID=ivo://eso.org/ID?ADP.2014-05-15T14:46:43.730,,SPECTRUM,SPECTRUM (FLUX CALIBRATED),XSHOOTER,La Silla Paranal APEX,Non-solar,55284.18122471,2010-03-29T04:20:57.817,0.5,"[gte:533.66, lte:1020.0]",18340.0,,["084.C-0952"],"["OUDMAIJER, R.D."]","ESO, PHASE3",XSHOOTER,V*-V958-Cen,,2014-05-15T00:00:00.000,POSITION J2000 198.669283 -38.65179,198.669283,-38.65179,ADP.2014-05-15T14:46:43.730,1,2011-04-09T13:12:43.920,438112,1321,,37.0,307.8961,23.995775,,,,,,2,2010-03-29T04:20:58.317,55284.18123049,0.5,V*-V958-Cen_387845_2010-03-29T04:20:57.815_S0.4x11_1x1_VIS_STA,ESO-VLT-U2,"ECHELLE,SLIT,STARE",["387845"],IDP,XS_SFLX_387845_2010-03-29T04:20:57.815_S0.4x11_1x1_VIS_STA.fits,,,true
http://archive.eso.org/datalink/links?ID=ivo://eso.org/ID?ADP.2014-05-15T14:46:44.483,,SPECTRUM,SPECTRUM (FLUX CALIBRATED),XSHOOTER,La Silla Paranal APEX,Non-solar,55284.18107158,2010-03-29T04:20:44.587,1.0,"[gte:994.02, lte:2478.96]",11424.0,,["084.C-0952"],"["OUDMAIJER, R.D."]","ESO, PHASE3",XSHOOTER,V*-V958-Cen,,2014-05-15T00:00:00.000,POSITION J2000 198.669283 -38.65179,198.669283,-38.65179,ADP.2014-05-15T14:46:44.483,1,2011-04-09T13:12:43.897,438097,1350,,22.1,307.896101,23.995775,,,,,,2,2010-03-29T04:20:45.583,55284.18108315,1.0,V*-V958-Cen_387845_2010-03-29T04:20:44.585_S0.4x11_NIR_STA,ESO-VLT-U2,"ECHELLE,SLIT,STARE",["387845"],IDP,XS_SFLX_387845_2010-03-29T04:20:44.585_S0.4x11_NIR_STA.fits,,,true
http://archive.eso.org/datalink/links?ID=ivo://eso.org/ID?ADP.2014-05-15T14:46:44.643,,SPECTRUM,SPECTRUM (FLUX CALIBRATED),XSHOOTER,La Silla Paranal APEX,Non-solar,55284.18097307,2010-03-29T04:20:36.073,0.5,"[gte:298.92, lte:555.98]",9861.0,,["084.C-0952"],"["OUDMAIJER, R.D."]","ESO, PHASE3",XSHOOTER,V*-V958-Cen,,2014-05-15T00:00:00.000,POSITION J2000 198.669283 -38.65179,198.669283,-38.65179,ADP.2014-05-15T14:46:44.643,1,2011-04-09T13:12:43.873,438120,725,,69.4,307.8961,23.995775,,,,,,2,2010-03-29T04:20:36.573,55284.18097885,0.5,V*-V958-Cen_387845_2010-03-29T04:20:36.073_S0.5x11_1x1_UVB_STA,ESO-VLT-U2,"ECHELLE,SLIT,STARE",["387845"],IDP,XS_SFLX_387845_2010-03-29T04:20:36.073_S0.5x11_1x1_UVB_STA.fits,,,true
http://archive.eso.org/datalink/links?ID=ivo://eso.org/ID?ADP.2014-05-17T09:46:08.483,,SPECTRUM,SPECTRUM (FLUX CALIBRATED),XSHOOTER,La Silla Paranal APEX,Non-solar,56013.28209694,2012-03-27T06:46:13.177,16.0,"[gte:994.02, lte:2478.96]",1029.0,,["088.C-0218"],"["MENDIGUTIA, IGNACIO"]","ESO, PHASE3",XSHOOTER,HD-114981,,2014-05-17T00:00:00.000,POSITION J2000 198.669803 -38.65088,198.669803,-38.65088,ADP.2014-05-17T09:46:08.483,1,2013-04-20T14:22:29.090,456068,1347,,78.1,307.896641,23.996641,,,,,,2,2012-03-27T06:47:42.877,56013.28313514,16.0,HD-114981_586516_2012-03-27T06:46:13.176_S5.0x11_NIR_NOD,ESO-VLT-U2,"ECHELLE,SLIT,NODDING",["586516"],IDP,XS_SFLX_586516_2012-03-27T06:46:13.176_S5.0x11_NIR_NOD.fits,,,true
http://archive.eso.org/datalink/links?ID=ivo://eso.org/ID?ADP.2014-05-17T09:46:08.967,,SPECTRUM,SPECTRUM (FLUX CALIBRATED),XSHOOTER,La Silla Paranal APEX,Non-solar,56013.28206643,2012-03-27T06:46:10.540,4.0,"[gte:533.66, lte:1020.0]",1512.0,,["088.C-0218"],"["MENDIGUTIA, IGNACIO"]","ESO, PHASE3",XSHOOTER,HD-114981,,2014-05-17T00:00:00.000,POSITION J2000 198.669803 -38.65088,198.669803,-38.65088,ADP.2014-05-17T09:46:08.967,1,2013-04-20T14:22:29.090,456195,1319,,292.6,307.896641,23.996641,,,,,,2,2012-03-27T06:47:36.557,56013.28306199,4.0,HD-114981_586516_2012-03-27T06:46:10.540_S5.0x11_2x2_VIS_NOD,ESO-VLT-U2,"ECHELLE,SLIT,NODDING",["586516"],IDP,XS_SFLX_586516_2012-03-27T06:46:10.540_S5.0x11_2x2_VIS_NOD.fits,,,true
http://archive.eso.org/datalink/links?ID=ivo://eso.org/ID?ADP.2014-05-17T09:46:08.330,,SPECTRUM,SPECTRUM (FLUX CALIBRATED),XSHOOTER,La Silla Paranal APEX,Non-solar,56013.28200646,2012-03-27T06:46:05.360,4.0,"[gte:298.92, lte:555.98]",1040.0,,["088.C-0218"],"["MENDIGUTIA, IGNACIO"]","ESO, PHASE3",XSHOOTER,HD-114981,,2014-05-17T00:00:00.000,POSITION J2000 198.669803 -38.65088,198.669803,-38.65088,ADP.2014-05-17T09:46:08.330,1,2013-04-20T14:22:29.090,456196,722,,501.2,307.896641,23.99664,,,,,,2,2012-03-27T06:47:31.387,56013.28300215,4.0,HD-114981_586516_2012-03-27T06:46:05.359_S5.0x11_2x2_UVB_NOD,ESO-VLT-U2,"ECHELLE,SLIT,NODDING",["586516"],IDP,XS_SFLX_586516_2012-03-27T06:46:05.359_S5.0x11_2x2_UVB_NOD.fits,,,true
http://archive.eso.org/datalink/links?ID=ivo://eso.org/ID?ADP.2014-05-17T09:46:11.020,,SPECTRUM,SPECTRUM (FLUX CALIBRATED),XSHOOTER,La Silla Paranal APEX,Non-solar,56013.27903937,2012-03-27T06:41:49.003,24.0,"[gte:994.02, lte:2478.96]",5573.0,,["088.C-0218"],"["MENDIGUTIA, IGNACIO"]","ESO, PHASE3",XSHOOTER,HD-114981,,2014-05-17T00:00:00.000,POSITION J2000 198.669803 -38.65088,198.669803,-38.65088,ADP.2014-05-17T09:46:11.020,1,2013-04-20T14:22:29.090,456168,1347,,108.0,307.896641,23.996641,,,,,,2,2012-03-27T06:44:35.793,56013.28096984,24.0,HD-114981_586516_2012-03-27T06:41:49.002_S0.9x11_NIR_NOD,ESO-VLT-U2,"ECHELLE,SLIT,NODDING",["586516"],IDP,XS_SFLX_586516_2012-03-27T06:41:49.002_S0.9x11_NIR_NOD.fits,,,true
http://archive.eso.org/datalink/links?ID=ivo://eso.org/ID?ADP.2014-05-17T09:46:08.777,,SPECTRUM,SPECTRUM (FLUX CALIBRATED),XSHOOTER,La Silla Paranal APEX,Non-solar,56013.27900935,2012-03-27T06:41:46.407,12.0,"[gte:533.66, lte:1020.0]",8935.0,,["088.C-0218"],"["MENDIGUTIA, IGNACIO"]","ESO, PHASE3",XSHOOTER,HD-114981,,2014-05-17T00:00:00.000,POSITION J2000 198.669803 -38.65088,198.669803,-38.65088,ADP.2014-05-17T09:46:08.777,1,2013-04-20T14:22:29.090,456062,1319,,224.5,307.896641,23.996641,,,,,,2,2012-03-27T06:44:29.560,56013.28089769,12.0,HD-114981_586516_2012-03-27T06:41:46.409_S0.9x11_1x1_VIS_NOD,ESO-VLT-U2,"ECHELLE,SLIT,NODDING",["586516"],IDP,XS_SFLX_586516_2012-03-27T06:41:46.409_S0.9x11_1x1_VIS_NOD.fits,,,true
http://archive.eso.org/datalink/links?ID=ivo://eso.org/ID?ADP.2014-05-17T09:46:11.257,,SPECTRUM,SPECTRUM (FLUX CALIBRATED),XSHOOTER,La Silla Paranal APEX,Non-solar,56013.27894939,2012-03-27T06:41:41.227,4.0,"[gte:298.92, lte:555.98]",3251.0,,["088.C-0218"],"["MENDIGUTIA, IGNACIO"]","ESO, PHASE3",XSHOOTER,HD-114981,,2014-05-17T00:00:00.000,POSITION J2000 198.669803 -38.65088,198.669803,-38.65088,ADP.2014-05-17T09:46:11.257,1,2013-04-20T14:22:29.090,456130,722,,263.1,307.896641,23.99664,,,,,,2,2012-03-27T06:44:22.370,56013.28081447,4.0,HD-114981_586516_2012-03-27T06:41:41.228_S1.6x11_1x1_UVB_NOD,ESO-VLT-U2,"ECHELLE,SLIT,NODDING",["586516"],IDP,XS_SFLX_586516_2012-03-27T06:41:41.228_S1.6x11_1x1_UVB_NOD.fits,,,true
http://archive.eso.org/datalink/links?ID=ivo://eso.org/ID?ADP.2014-05-17T10:40:34.167,,SPECTRUM,SPECTRUM (FLUX CALIBRATED),XSHOOTER,La Silla Paranal APEX,Non-solar,56071.14738216,2012-05-24T03:32:13.820,16.0,"[gte:994.02, lte:2478.96]",1029.0,,["088.C-0218"],"["MENDIGUTIA, IGNACIO"]","ESO, PHASE3",XSHOOTER,HD 114981,,2014-05-17T00:00:00.000,POSITION J2000 198.669922 -38.651,198.669922,-38.651,ADP.2014-05-17T10:40:34.167,1,2013-06-01T08:32:47.737,456885,1347,,94.4,307.896729,23.996512,,,,,,2,2012-05-24T03:33:40.740,56071.14838821,16.0,HD114981_768347_2012-05-24T03:32:13.819_S5.0x11_NIR_NOD,ESO-VLT-U2,"ECHELLE,SLIT,NODDING",["768347"],IDP,XS_SFLX_768347_2012-05-24T03:32:13.819_S5.0x11_NIR_NOD.fits,,,true
http://archive.eso.org/datalink/links?ID=ivo://eso.org/ID?ADP.2014-05-17T10:40:34.093,,SPECTRUM,SPECTRUM (FLUX CALIBRATED),XSHOOTER,La Silla Paranal APEX,Non-solar,56071.14734946,2012-05-24T03:32:10.993,4.0,"[gte:533.66, lte:1020.0]",1512.0,,["088.C-0218"],"["MENDIGUTIA, IGNACIO"]","ESO, PHASE3",XSHOOTER,HD 114981,,2014-05-17T00:00:00.000,POSITION J2000 198.669922 -38.651,198.669922,-38.651,ADP.2014-05-17T10:40:34.093,1,2013-06-01T08:24:14.460,456883,1319,,316.2,307.896729,23.996512,,,,,,2,2012-05-24T03:33:35.050,56071.14832234,4.0,HD114981_768347_2012-05-24T03:32:10.994_S5.0x11_2x2_VIS_NOD,ESO-VLT-U2,"ECHELLE,SLIT,NODDING",["768347"],IDP,XS_SFLX_768347_2012-05-24T03:32:10.994_S5.0x11_2x2_VIS_NOD.fits,,,true
http://archive.eso.org/datalink/links?ID=ivo://eso.org/ID?ADP.2014-05-17T10:40:34.113,,SPECTRUM,SPECTRUM (FLUX CALIBRATED),XSHOOTER,La Silla Paranal APEX,Non-solar,56071.14728962,2012-05-24T03:32:05.823,4.0,"[gte:298.92, lte:555.98]",1040.0,,["088.C-0218"],"["MENDIGUTIA, IGNACIO"]","ESO, PHASE3",XSHOOTER,HD 114981,,2014-05-17T00:00:00.000,POSITION J2000 198.669922 -38.651,198.669922,-38.651,ADP.2014-05-17T10:40:34.113,1,2013-06-01T08:25:23.790,456881,722,,513.6,307.896729,23.996512,,,,,,2,2012-05-24T03:33:29.860,56071.14826226,4.0,HD114981_768347_2012-05-24T03:32:05.823_S5.0x11_2x2_UVB_NOD,ESO-VLT-U2,"ECHELLE,SLIT,NODDING",["768347"],IDP,XS_SFLX_768347_2012-05-24T03:32:05.823_S5.0x11_2x2_UVB_NOD.fits,,,true
http://archive.eso.org/datalink/links?ID=ivo://eso.org/ID?ADP.2014-05-17T10:40:34.147,,SPECTRUM,SPECTRUM (FLUX CALIBRATED),XSHOOTER,La Silla Paranal APEX,Non-solar,56071.14436764,2012-05-24T03:27:53.363,24.0,"[gte:994.02, lte:2478.96]",5573.0,,["088.C-0218"],"["MENDIGUTIA, IGNACIO"]","ESO, PHASE3",XSHOOTER,HD 114981,,2014-05-17T00:00:00.000,POSITION J2000 198.669922 -38.651,198.669922,-38.651,ADP.2014-05-17T10:40:34.147,1,2013-06-01T08:32:36.613,456880,1347,,73.7,307.896729,23.996512,,,,,,2,2012-05-24T03:30:37.937,56071.14627243,24.0,HD114981_768347_2012-05-24T03:27:53.364_S0.9x11_NIR_NOD,ESO-VLT-U2,"ECHELLE,SLIT,NODDING",["768347"],IDP,XS_SFLX_768347_2012-05-24T03:27:53.364_S0.9x11_NIR_NOD.fits,,,true
http://archive.eso.org/datalink/links?ID=ivo://eso.org/ID?ADP.2014-05-17T10:40:34.127,,SPECTRUM,SPECTRUM (FLUX CALIBRATED),XSHOOTER,La Silla Paranal APEX,Non-solar,56071.14433013,2012-05-24T03:27:50.123,12.0,"[gte:533.66, lte:1020.0]",8935.0,,["088.C-0218"],"["MENDIGUTIA, IGNACIO"]","ESO, PHASE3",XSHOOTER,HD 114981,,2014-05-17T00:00:00.000,POSITION J2000 198.669922 -38.651,198.669922,-38.651,ADP.2014-05-17T10:40:34.127,1,2013-06-01T08:31:01.317,456884,1319,,176.6,307.896729,23.996512,,,,,,2,2012-05-24T03:30:31.957,56071.14620319,12.0,HD114981_768347_2012-05-24T03:27:50.123_S0.9x11_1x1_VIS_NOD,ESO-VLT-U2,"ECHELLE,SLIT,NODDING",["768347"],IDP,XS_SFLX_768347_2012-05-24T03:27:50.123_S0.9x11_1x1_VIS_NOD.fits,,,true
http://archive.eso.org/datalink/links?ID=ivo://eso.org/ID?ADP.2014-05-17T10:40:34.207,,SPECTRUM,SPECTRUM (FLUX CALIBRATED),XSHOOTER,La Silla Paranal APEX,Non-solar,56071.14426912,2012-05-24T03:27:44.853,4.0,"[gte:298.92, lte:555.98]",3251.0,,["088.C-0218"],"["MENDIGUTIA, IGNACIO"]","ESO, PHASE3",XSHOOTER,HD 114981,,2014-05-17T00:00:00.000,POSITION J2000 198.669922 -38.651,198.669922,-38.651,ADP.2014-05-17T10:40:34.207,1,2013-06-01T09:09:35.217,456882,722,,210.9,307.896729,23.996512,,,,,,2,2012-05-24T03:30:24.767,56071.14611996,4.0,HD114981_768347_2012-05-24T03:27:44.853_S1.6x11_1x1_UVB_NOD,ESO-VLT-U2,"ECHELLE,SLIT,NODDING",["768347"],IDP,XS_SFLX_768347_2012-05-24T03:27:44.853_S1.6x11_1x1_UVB_NOD.fits,,,true
http://archive.eso.org/datalink/links?ID=ivo://eso.org/ID?ADP.2014-05-17T09:23:58.420,,SPECTRUM,SPECTRUM (FLUX CALIBRATED),XSHOOTER,La Silla Paranal APEX,Non-solar,56010.35625533,2012-03-24T08:33:00.460,4.0,"[gte:533.66, lte:1020.0]",1512.0,,["088.C-0218"],"["MENDIGUTIA, IGNACIO"]","ESO, PHASE3",XSHOOTER,HD-114981,,2014-05-17T00:00:00.000,POSITION J2000 198.670106 -38.65113,198.670106,-38.65113,ADP.2014-05-17T09:23:58.420,1,2013-06-01T07:25:54.830,455770,1319,,321.5,307.896872,23.996369,,,,,,2,2012-03-24T08:34:33.057,56010.35732706,4.0,HD-114981_586545_2012-03-24T08:33:00.461_S5.0x11_2x2_VIS_NOD,ESO-VLT-U2,"ECHELLE,SLIT,NODDING",["586545"],IDP,XS_SFLX_586545_2012-03-24T08:33:00.461_S5.0x11_2x2_VIS_NOD.fits,,,true
http://archive.eso.org/datalink/links?ID=ivo://eso.org/ID?ADP.2014-05-17T09:23:58.040,,SPECTRUM,SPECTRUM (FLUX CALIBRATED),XSHOOTER,La Silla Paranal APEX,Non-solar,56010.35622904,2012-03-24T08:32:58.190,16.0,"[gte:994.02, lte:2478.96]",1029.0,,["088.C-0218"],"["MENDIGUTIA, IGNACIO"]","ESO, PHASE3",XSHOOTER,HD-114981,,2014-05-17T00:00:00.000,POSITION J2000 198.670106 -38.65113,198.670106,-38.65113,ADP.2014-05-17T09:23:58.040,1,2013-06-01T08:27:40.443,455780,1347,,89.1,307.896872,23.996369,,,,,,2,2012-03-24T08:34:33.277,56010.35732957,16.0,HD-114981_586545_2012-03-24T08:32:58.189_S5.0x11_NIR_NOD,ESO-VLT-U2,"ECHELLE,SLIT,NODDING",["586545"],IDP,XS_SFLX_586545_2012-03-24T08:32:58.189_S5.0x11_NIR_NOD.fits,,,true
http://archive.eso.org/datalink/links?ID=ivo://eso.org/ID?ADP.2014-05-17T09:23:58.280,,SPECTRUM,SPECTRUM (FLUX CALIBRATED),XSHOOTER,La Silla Paranal APEX,Non-solar,56010.35310264,2012-03-24T08:28:28.067,12.0,"[gte:533.66, lte:1020.0]",8935.0,,["088.C-0218"],"["MENDIGUTIA, IGNACIO"]","ESO, PHASE3",XSHOOTER,HD-114981,,2014-05-17T00:00:00.000,POSITION J2000 198.670106 -38.65113,198.670106,-38.65113,ADP.2014-05-17T09:23:58.280,1,2013-06-01T09:09:42.323,455762,1319,,226.9,307.896872,23.996369,,,,,,2,2012-03-24T08:31:28.483,56010.35519077,12.0,HD-114981_586545_2012-03-24T08:28:28.069_S0.9x11_1x1_VIS_NOD,ESO-VLT-U2,"ECHELLE,SLIT,NODDING",["586545"],IDP,XS_SFLX_586545_2012-03-24T08:28:28.069_S0.9x11_1x1_VIS_NOD.fits,,,true
http://archive.eso.org/datalink/links?ID=ivo://eso.org/ID?ADP.2014-05-17T09:23:58.177,,SPECTRUM,SPECTRUM (FLUX CALIBRATED),XSHOOTER,La Silla Paranal APEX,Non-solar,56010.35294655,2012-03-24T08:28:14.583,24.0,"[gte:994.02, lte:2478.96]",5573.0,,["088.C-0218"],"["MENDIGUTIA, IGNACIO"]","ESO, PHASE3",XSHOOTER,HD-114981,,2014-05-17T00:00:00.000,POSITION J2000 198.670106 -38.65113,198.670106,-38.65113,ADP.2014-05-17T09:23:58.177,1,2013-06-01T05:38:25.717,455760,1347,,109.0,307.896872,23.996369,,,,,,2,2012-03-24T08:31:17.783,56010.35506694,24.0,HD-114981_586545_2012-03-24T08:28:14.582_S0.9x11_NIR_NOD,ESO-VLT-U2,"ECHELLE,SLIT,NODDING",["586545"],IDP,XS_SFLX_586545_2012-03-24T08:28:14.582_S0.9x11_NIR_NOD.fits,,,true
http://archive.eso.org/datalink/links?ID=ivo://eso.org/ID?ADP.2014-05-17T09:23:58.013,,SPECTRUM,SPECTRUM (FLUX CALIBRATED),XSHOOTER,La Silla Paranal APEX,Non-solar,56010.352851,2012-03-24T08:28:06.327,4.0,"[gte:298.92, lte:555.98]",3251.0,,["088.C-0218"],"["MENDIGUTIA, IGNACIO"]","ESO, PHASE3",XSHOOTER,HD-114981,,2014-05-17T00:00:00.000,POSITION J2000 198.670106 -38.65113,198.670106,-38.65113,ADP.2014-05-17T09:23:58.013,1,2013-06-01T08:37:00.070,455767,722,,240.1,307.896871,23.996368,,,,,,2,2012-03-24T08:31:04.720,56010.35491575,4.0,HD-114981_586545_2012-03-24T08:28:06.326_S1.6x11_1x1_UVB_NOD,ESO-VLT-U2,"ECHELLE,SLIT,NODDING",["586545"],IDP,XS_SFLX_586545_2012-03-24T08:28:06.326_S1.6x11_1x1_UVB_NOD.fits,,,truehttp://archive.eso.org/datalink/links?ID=ivo://eso.org/ID?ADP.2014-05-15T14:50:09.007,,SPECTRUM,SPECTRUM (FLUX CALIBRATED),XSHOOTER,La Silla Paranal APEX,Non-solar,55286.27534306,2010-03-31T06:36:29.640,1080.0,"[gte:994.02, lte:2478.96]",11424.0,,["084.C-0952"],"["OUDMAIJER, R.D."]","ESO, PHASE3",XSHOOTER,PDS-364,,2014-05-15T00:00:00.000,POSITION J2000 200.014771 -62.39771,200.014771,-62.39771,ADP.2014-05-15T14:50:09.007,1,2011-04-09T13:12:43.707,438205,1347,,122.1,306.240529,0.289953,,,,,,2,2010-03-31T06:58:37.297,55286.29070945,1080.0,PDS-364_387843_2010-03-31T06:36:29.640_S0.4x11_NIR_NOD,ESO-VLT-U2,"ECHELLE,SLIT,NODDING",["387843"],IDP,XS_SFLX_387843_2010-03-31T06:36:29.640_S0.4x11_NIR_NOD.fits,,,true
http://archive.eso.org/datalink/links?ID=ivo://eso.org/ID?ADP.2014-05-15T14:50:08.920,,SPECTRUM,SPECTRUM (FLUX CALIBRATED),XSHOOTER,La Silla Paranal APEX,Non-solar,55286.27531085,2010-03-31T06:36:26.857,1200.0,"[gte:533.66, lte:1020.0]",18340.0,,["084.C-0952"],"["OUDMAIJER, R.D."]","ESO, PHASE3",XSHOOTER,PDS-364,,2014-05-15T00:00:00.000,POSITION J2000 200.014771 -62.39771,200.014771,-62.39771,ADP.2014-05-15T14:50:08.920,1,2011-04-09T13:12:43.673,438192,1319,,104.4,306.240528,0.289953,,,,,,2,2010-03-31T06:59:04.020,55286.29101874,1200.0,PDS-364_387843_2010-03-31T06:36:26.857_S0.4x11_1x1_VIS_NOD,ESO-VLT-U2,"ECHELLE,SLIT,NODDING",["387843"],IDP,XS_SFLX_387843_2010-03-31T06:36:26.857_S0.4x11_1x1_VIS_NOD.fits,,,true
http://archive.eso.org/datalink/links?ID=ivo://eso.org/ID?ADP.2014-05-15T14:50:09.853,,SPECTRUM,SPECTRUM (FLUX CALIBRATED),XSHOOTER,La Silla Paranal APEX,Non-solar,55286.27525101,2010-03-31T06:36:21.687,1200.0,"[gte:298.92, lte:555.98]",9861.0,,["084.C-0952"],"["OUDMAIJER, R.D."]","ESO, PHASE3",XSHOOTER,PDS-364,,2014-05-15T00:00:00.000,POSITION J2000 200.014771 -62.39771,200.014771,-62.39771,ADP.2014-05-15T14:50:09.853,1,2011-04-09T13:12:43.460,438209,722,,88.7,306.240528,0.289953,,,,,,2,2010-03-31T06:58:58.840,55286.29095879,1200.0,PDS-364_387843_2010-03-31T06:36:21.687_S0.5x11_1x1_UVB_NOD,ESO-VLT-U2,"ECHELLE,SLIT,NODDING",["387843"],IDP,XS_SFLX_387843_2010-03-31T06:36:21.687_S0.5x11_1x1_UVB_NOD.fits,,,true
http://archive.eso.org/datalink/links?ID=ivo://eso.org/ID?ADP.2014-05-15T14:50:09.933,,SPECTRUM,SPECTRUM (FLUX CALIBRATED),XSHOOTER,La Silla Paranal APEX,Non-solar,55286.27399936,2010-03-31T06:34:33.547,1.0,"[gte:994.02, lte:2478.96]",11424.0,,["084.C-0952"],"["OUDMAIJER, R.D."]","ESO, PHASE3",XSHOOTER,PDS-364,,2014-05-15T00:00:00.000,POSITION J2000 200.014255 -62.39828,200.014255,-62.39828,ADP.2014-05-15T14:50:09.933,1,2011-04-09T13:12:41.767,438175,1350,,0.6,306.240228,0.289413,,,,,,2,2010-03-31T06:34:34.543,55286.27401093,1.0,PDS-364_387843_2010-03-31T06:34:33.545_S0.4x11_NIR_STA,ESO-VLT-U2,"ECHELLE,SLIT,STARE",["387843"],IDP,XS_SFLX_387843_2010-03-31T06:34:33.545_S0.4x11_NIR_STA.fits,,,true
http://archive.eso.org/datalink/links?ID=ivo://eso.org/ID?ADP.2014-05-15T14:50:09.180,,SPECTRUM,SPECTRUM (FLUX CALIBRATED),XSHOOTER,La Silla Paranal APEX,Non-solar,55286.2739671,2010-03-31T06:34:30.757,60.0,"[gte:533.66, lte:1020.0]",18340.0,,["084.C-0952"],"["OUDMAIJER, R.D."]","ESO, PHASE3",XSHOOTER,PDS-364,,2014-05-15T00:00:00.000,POSITION J2000 200.014255 -62.39828,200.014255,-62.39828,ADP.2014-05-15T14:50:09.180,1,2011-04-09T13:12:41.733,438215,1321,,19.8,306.240227,0.289413,,,,,,2,2010-03-31T06:35:30.757,55286.27466154,60.0,PDS-364_387843_2010-03-31T06:34:30.757_S0.4x11_1x1_VIS_STA,ESO-VLT-U2,"ECHELLE,SLIT,STARE",["387843"],IDP,XS_SFLX_387843_2010-03-31T06:34:30.757_S0.4x11_1x1_VIS_STA.fits,,,truehttp://archive.eso.org/datalink/links?ID=ivo://eso.org/ID?ADP.2014-05-15T14:46:44.223,,SPECTRUM,SPECTRUM (FLUX CALIBRATED),XSHOOTER,La Silla Paranal APEX,Non-solar,55284.1970834,2010-03-29T04:43:48.007,120.0,"[gte:994.02, lte:2478.96]",11424.0,,["084.C-0952"],"["OUDMAIJER, R.D."]","ESO, PHASE3",XSHOOTER,PDS-69,,2014-05-15T00:00:00.000,POSITION J2000 209.433619 -39.97973,209.433619,-39.97973,ADP.2014-05-15T14:46:44.223,1,2011-04-09T13:12:41.013,438108,1347,,151.1,316.485654,21.140697,,,,,,2,2010-03-29T04:50:35.697,55284.20180206,120.0,PDS-69_387840_2010-03-29T04:43:48.006_S0.4x11_NIR_NOD,ESO-VLT-U2,"ECHELLE,SLIT,NODDING",["387840"],IDP,XS_SFLX_387840_2010-03-29T04:43:48.006_S0.4x11_NIR_NOD.fits,,,true
http://archive.eso.org/datalink/links?ID=ivo://eso.org/ID?ADP.2014-05-15T14:46:44.463,,SPECTRUM,SPECTRUM (FLUX CALIBRATED),XSHOOTER,La Silla Paranal APEX,Non-solar,55284.19704993,2010-03-29T04:43:45.113,120.0,"[gte:533.66, lte:1020.0]",18340.0,,["084.C-0952"],"["OUDMAIJER, R.D."]","ESO, PHASE3",XSHOOTER,PDS-69,,2014-05-15T00:00:00.000,POSITION J2000 209.433619 -39.97973,209.433619,-39.97973,ADP.2014-05-15T14:46:44.463,1,2011-04-09T13:12:41.083,438123,1319,,98.5,316.485653,21.140696,,,,,,2,2010-03-29T04:51:17.153,55284.20228186,120.0,PDS-69_387840_2010-03-29T04:43:45.114_S0.4x11_1x1_VIS_NOD,ESO-VLT-U2,"ECHELLE,SLIT,NODDING",["387840"],IDP,XS_SFLX_387840_2010-03-29T04:43:45.114_S0.4x11_1x1_VIS_NOD.fits,,,true
http://archive.eso.org/datalink/links?ID=ivo://eso.org/ID?ADP.2014-05-15T14:46:43.970,,SPECTRUM,SPECTRUM (FLUX CALIBRATED),XSHOOTER,La Silla Paranal APEX,Non-solar,55284.19698997,2010-03-29T04:43:39.933,120.0,"[gte:298.92, lte:555.98]",9861.0,,["084.C-0952"],"["OUDMAIJER, R.D."]","ESO, PHASE3",XSHOOTER,PDS-69,,2014-05-15T00:00:00.000,POSITION J2000 209.433619 -39.97973,209.433619,-39.97973,ADP.2014-05-15T14:46:43.970,1,2011-04-09T13:12:41.043,438111,722,,84.6,316.485653,21.140696,,,,,,2,2010-03-29T04:51:10.943,55284.20220998,120.0,PDS-69_387840_2010-03-29T04:43:39.933_S0.5x11_1x1_UVB_NOD,ESO-VLT-U2,"ECHELLE,SLIT,NODDING",["387840"],IDP,XS_SFLX_387840_2010-03-29T04:43:39.933_S0.5x11_1x1_UVB_NOD.fits,,,true
http://archive.eso.org/datalink/links?ID=ivo://eso.org/ID?ADP.2014-05-15T14:46:43.930,,SPECTRUM,SPECTRUM (FLUX CALIBRATED),XSHOOTER,La Silla Paranal APEX,Non-solar,55284.19637199,2010-03-29T04:42:46.540,1.0,"[gte:994.02, lte:2478.96]",11424.0,,["084.C-0952"],"["OUDMAIJER, R.D."]","ESO, PHASE3",XSHOOTER,PDS-69,,2014-05-15T00:00:00.000,POSITION J2000 209.434189 -39.97908,209.434189,-39.97908,ADP.2014-05-15T14:46:43.930,1,2011-04-09T13:12:40.293,438116,1350,,21.2,316.486294,21.141203,,,,,,2,2010-03-29T04:42:47.540,55284.19638356,1.0,PDS-69_387840_2010-03-29T04:42:46.540_S0.4x11_NIR_STA,ESO-VLT-U2,"ECHELLE,SLIT,STARE",["387840"],IDP,XS_SFLX_387840_2010-03-29T04:42:46.540_S0.4x11_NIR_STA.fits,,,true
http://archive.eso.org/datalink/links?ID=ivo://eso.org/ID?ADP.2014-05-15T14:46:43.943,,SPECTRUM,SPECTRUM (FLUX CALIBRATED),XSHOOTER,La Silla Paranal APEX,Non-solar,55284.19633945,2010-03-29T04:42:43.727,5.0,"[gte:533.66, lte:1020.0]",18340.0,,["084.C-0952"],"["OUDMAIJER, R.D."]","ESO, PHASE3",XSHOOTER,PDS-69,,2014-05-15T00:00:00.000,POSITION J2000 209.434189 -39.97908,209.434189,-39.97908,ADP.2014-05-15T14:46:43.943,1,2011-04-09T13:12:40.257,438118,1321,,20.4,316.486293,21.141203,,,,,,2,2010-03-29T04:42:48.727,55284.19639732,5.0,PDS-69_387840_2010-03-29T04:42:43.728_S0.4x11_1x1_VIS_STA,ESO-VLT-U2,"ECHELLE,SLIT,STARE",["387840"],IDP,XS_SFLX_387840_2010-03-29T04:42:43.728_S0.4x11_1x1_VIS_STA.fits,,,truehttp://archive.eso.org/datalink/links?ID=ivo://eso.org/ID?ADP.2014-05-15T14:50:08.853,,SPECTRUM,SPECTRUM (FLUX CALIBRATED),XSHOOTER,La Silla Paranal APEX,Non-solar,55286.24648605,2010-03-31T05:54:56.397,800.0,"[gte:994.02, lte:2478.96]",11424.0,,["084.C-0952"],"["OUDMAIJER, R.D."]","ESO, PHASE3",XSHOOTER,SS73-44,,2014-05-15T00:00:00.000,POSITION J2000 225.847882 -63.38257,225.847882,-63.38257,ADP.2014-05-15T14:50:08.853,1,2011-04-09T13:13:45.037,438176,1347,,65.3,317.089911,-4.1979,,,,,,2,2010-03-31T06:19:44.217,55286.26370619,800.0,SS73-44_387944_2010-03-31T05:54:56.395_S0.4x11_NIR_NOD,ESO-VLT-U2,"ECHELLE,SLIT,NODDING",["387944"],IDP,XS_SFLX_387944_2010-03-31T05:54:56.395_S0.4x11_NIR_NOD.fits,,,true
http://archive.eso.org/datalink/links?ID=ivo://eso.org/ID?ADP.2014-05-15T14:50:09.587,,SPECTRUM,SPECTRUM (FLUX CALIBRATED),XSHOOTER,La Silla Paranal APEX,Non-solar,55286.24644665,2010-03-31T05:54:52.990,1440.0,"[gte:533.66, lte:1020.0]",18340.0,,["084.C-0952"],"["OUDMAIJER, R.D."]","ESO, PHASE3",XSHOOTER,SS73-44,,2014-05-15T00:00:00.000,POSITION J2000 225.847882 -63.38257,225.847882,-63.38257,ADP.2014-05-15T14:50:09.587,1,2011-04-09T13:13:45.060,438225,1319,,202.7,317.089911,-4.197899,,,,,,2,2010-03-31T06:22:50.830,55286.2658661,1440.0,SS73-44_387944_2010-03-31T05:54:52.991_S0.4x11_1x1_VIS_NOD,ESO-VLT-U2,"ECHELLE,SLIT,NODDING",["387944"],IDP,XS_SFLX_387944_2010-03-31T05:54:52.991_S0.4x11_1x1_VIS_NOD.fits,,,true
http://archive.eso.org/datalink/links?ID=ivo://eso.org/ID?ADP.2014-05-15T14:50:08.893,,SPECTRUM,SPECTRUM (FLUX CALIBRATED),XSHOOTER,La Silla Paranal APEX,Non-solar,55286.24638681,2010-03-31T05:54:47.820,1440.0,"[gte:298.92, lte:555.98]",9861.0,,["084.C-0952"],"["OUDMAIJER, R.D."]","ESO, PHASE3",XSHOOTER,SS73-44,,2014-05-15T00:00:00.000,POSITION J2000 225.847882 -63.38257,225.847882,-63.38257,ADP.2014-05-15T14:50:08.893,1,2011-04-09T13:13:44.970,438180,722,,81.5,317.089911,-4.197899,,,,,,2,2010-03-31T06:22:15.743,55286.26545998,1440.0,SS73-44_387944_2010-03-31T05:54:47.820_S0.5x11_1x1_UVB_NOD,ESO-VLT-U2,"ECHELLE,SLIT,NODDING",["387944"],IDP,XS_SFLX_387944_2010-03-31T05:54:47.820_S0.5x11_1x1_UVB_NOD.fits,,,true
http://archive.eso.org/datalink/links?ID=ivo://eso.org/ID?ADP.2014-05-15T14:50:10.107,,SPECTRUM,SPECTRUM (FLUX CALIBRATED),XSHOOTER,La Silla Paranal APEX,Non-solar,55286.24513295,2010-03-31T05:52:59.487,1.0,"[gte:994.02, lte:2478.96]",11424.0,,["084.C-0952"],"["OUDMAIJER, R.D."]","ESO, PHASE3",XSHOOTER,SS73-44,,2014-05-15T00:00:00.000,POSITION J2000 225.848721 -63.38324,225.848721,-63.38324,ADP.2014-05-15T14:50:10.107,1,2011-04-09T13:13:44.457,438188,1350,,6.0,317.089914,-4.198668,,,,,,2,2010-03-31T05:53:00.487,55286.24514452,1.0,SS73-44_387944_2010-03-31T05:52:59.487_S0.4x11_NIR_STA,ESO-VLT-U2,"ECHELLE,SLIT,STARE",["387944"],IDP,XS_SFLX_387944_2010-03-31T05:52:59.487_S0.4x11_NIR_STA.fits,,,true
http://archive.eso.org/datalink/links?ID=ivo://eso.org/ID?ADP.2014-05-15T14:50:08.587,,SPECTRUM,SPECTRUM (FLUX CALIBRATED),XSHOOTER,La Silla Paranal APEX,Non-solar,55286.24509723,2010-03-31T05:52:56.400,60.0,"[gte:533.66, lte:1020.0]",18340.0,,["084.C-0952"],"["OUDMAIJER, R.D."]","ESO, PHASE3",XSHOOTER,SS73-44,,2014-05-15T00:00:00.000,POSITION J2000 225.848721 -63.38324,225.848721,-63.38324,ADP.2014-05-15T14:50:08.587,1,2011-04-09T13:13:44.433,438198,1321,,46.7,317.089914,-4.198667,,,,,,2,2010-03-31T05:53:56.400,55286.24579167,60.0,SS73-44_387944_2010-03-31T05:52:56.401_S0.4x11_1x1_VIS_STA,ESO-VLT-U2,"ECHELLE,SLIT,STARE",["387944"],IDP,XS_SFLX_387944_2010-03-31T05:52:56.401_S0.4x11_1x1_VIS_STA.fits,,,truehttp://archive.eso.org/datalink/links?ID=ivo://eso.org/ID?ADP.2014-05-15T14:28:22.753,,SPECTRUM,SPECTRUM (FLUX CALIBRATED),XSHOOTER,La Silla Paranal APEX,Non-solar,55267.36518531,2010-03-12T08:45:52.010,180.0,"[gte:994.02, lte:2478.96]",11424.0,,["084.C-0952"],"["OUDMAIJER, R.D."]","ESO, PHASE3",XSHOOTER,HD-132947,,2014-05-15T00:00:00.000,POSITION J2000 226.23458 -63.13056,226.23458,-63.13056,ADP.2014-05-15T14:28:22.753,1,2011-04-09T13:13:43.993,437666,1347,,125.8,317.365548,-4.062965,,,,,,2,2010-03-12T08:53:22.780,55267.37040256,180.0,HD-132947_387942_2010-03-12T08:45:52.011_S0.4x11_NIR_NOD,ESO-VLT-U2,"ECHELLE,SLIT,NODDING",["387942"],IDP,XS_SFLX_387942_2010-03-12T08:45:52.011_S0.4x11_NIR_NOD.fits,,,true
http://archive.eso.org/datalink/links?ID=ivo://eso.org/ID?ADP.2014-05-15T14:28:21.430,,SPECTRUM,SPECTRUM (FLUX CALIBRATED),XSHOOTER,La Silla Paranal APEX,Non-solar,55267.36513978,2010-03-12T08:45:48.077,160.0,"[gte:533.66, lte:1020.0]",18340.0,,["084.C-0952"],"["OUDMAIJER, R.D."]","ESO, PHASE3",XSHOOTER,HD-132947,,2014-05-15T00:00:00.000,POSITION J2000 226.23458 -63.13056,226.23458,-63.13056,ADP.2014-05-15T14:28:21.430,1,2011-04-09T13:13:44.057,437677,1319,,301.0,317.365547,-4.062964,,,,,,2,2010-03-12T08:53:59.977,55267.37083306,160.0,HD-132947_387942_2010-03-12T08:45:48.077_S0.4x11_1x1_VIS_NOD,ESO-VLT-U2,"ECHELLE,SLIT,NODDING",["387942"],IDP,XS_SFLX_387942_2010-03-12T08:45:48.077_S0.4x11_1x1_VIS_NOD.fits,,,true
http://archive.eso.org/datalink/links?ID=ivo://eso.org/ID?ADP.2014-05-15T14:28:22.453,,SPECTRUM,SPECTRUM (FLUX CALIBRATED),XSHOOTER,La Silla Paranal APEX,Non-solar,55267.36507936,2010-03-12T08:45:42.857,160.0,"[gte:298.92, lte:555.98]",9861.0,,["084.C-0952"],"["OUDMAIJER, R.D."]","ESO, PHASE3",XSHOOTER,HD-132947,,2014-05-15T00:00:00.000,POSITION J2000 226.23458 -63.13056,226.23458,-63.13056,ADP.2014-05-15T14:28:22.453,1,2011-04-09T13:13:44.020,437661,722,,423.9,317.365547,-4.062964,,,,,,2,2010-03-12T08:53:53.727,55267.37076072,160.0,HD-132947_387942_2010-03-12T08:45:42.857_S0.5x11_1x1_UVB_NOD,ESO-VLT-U2,"ECHELLE,SLIT,NODDING",["387942"],IDP,XS_SFLX_387942_2010-03-12T08:45:42.857_S0.5x11_1x1_UVB_NOD.fits,,,true
http://archive.eso.org/datalink/links?ID=ivo://eso.org/ID?ADP.2017-05-11T10:01:19.911,,SPECTRUM,SPECTRUM (FLUX CALIBRATED),XSHOOTER,La Silla Paranal APEX,Non-solar,57119.32295632,2015-04-07T07:45:03.427,400.0,"[gte:994.02, lte:2478.96]",11424.0,,["095.C-0724"],"["SCHOELLER, MARKUS"]","ESO, PHASE3",XSHOOTER,HD_132947,,2017-05-11T12:06:16.000,POSITION J2000 226.233388 -63.13053,226.233388,-63.13053,ADP.2017-05-11T10:01:19.911,1,2016-04-07T08:01:00.693,5823780,1359,,316.8,317.365092,-4.062674,,,,,,2,2015-04-07T07:53:41.040,57119.32894723,400.0,HD_132947_1188264_2015-04-07T07:45:03.426_S0.4x11_NIR_NOD,ESO-VLT-U2,"ECHELLE,SLIT,NODDING",["1188264"],IDP,XS_SFLX_1188264_2015-04-07T07:45:03.426_S0.4x11_NIR_NOD.fits,,,true
http://archive.eso.org/datalink/links?ID=ivo://eso.org/ID?ADP.2017-05-11T10:01:19.783,,SPECTRUM,SPECTRUM (FLUX CALIBRATED),XSHOOTER,La Silla Paranal APEX,Non-solar,57119.32292319,2015-04-07T07:45:00.563,360.0,"[gte:533.66, lte:1020.0]",18340.0,,["095.C-0724"],"["SCHOELLER, MARKUS"]","ESO, PHASE3",XSHOOTER,HD_132947,,2017-05-11T12:06:16.000,POSITION J2000 226.233388 -63.13053,226.233388,-63.13053,ADP.2017-05-11T10:01:19.783,1,2016-04-07T08:01:00.693,5823750,1330,,467.3,317.365091,-4.062674,,,,,,2,2015-04-07T07:53:18.203,57119.32868289,360.0,HD_132947_1188264_2015-04-07T07:45:00.564_S0.4x11_1x1_VIS_NOD,ESO-VLT-U2,"ECHELLE,SLIT,NODDING",["1188264"],IDP,XS_SFLX_1188264_2015-04-07T07:45:00.564_S0.4x11_1x1_VIS_NOD.fits,,,true
http://archive.eso.org/datalink/links?ID=ivo://eso.org/ID?ADP.2017-05-11T10:01:19.846,,SPECTRUM,SPECTRUM (FLUX CALIBRATED),XSHOOTER,La Silla Paranal APEX,Non-solar,57119.32286323,2015-04-07T07:44:55.383,520.0,"[gte:298.92, lte:555.98]",9861.0,,["095.C-0724"],"["SCHOELLER, MARKUS"]","ESO, PHASE3",XSHOOTER,HD_132947,,2017-05-11T12:06:16.000,POSITION J2000 226.233388 -63.13053,226.233388,-63.13053,ADP.2017-05-11T10:01:19.846,1,2016-04-07T08:01:00.693,5823764,734,,702.7,317.365091,-4.062674,,,,,,2,2015-04-07T07:54:58.547,57119.32984428,520.0,HD_132947_1188264_2015-04-07T07:44:55.384_S0.5x11_1x1_UVB_NOD,ESO-VLT-U2,"ECHELLE,SLIT,NODDING",["1188264"],IDP,XS_SFLX_1188264_2015-04-07T07:44:55.384_S0.5x11_1x1_UVB_NOD.fits,,,true
http://archive.eso.org/datalink/links?ID=ivo://eso.org/ID?ADP.2017-05-11T10:01:19.530,,SPECTRUM,SPECTRUM (FLUX CALIBRATED),XSHOOTER,La Silla Paranal APEX,Non-solar,57119.31481721,2015-04-07T07:33:20.207,400.0,"[gte:994.02, lte:2478.96]",11424.0,,["095.C-0724"],"["SCHOELLER, MARKUS"]","ESO, PHASE3",XSHOOTER,HD_132947,,2017-05-11T12:06:16.000,POSITION J2000 226.233388 -63.13053,226.233388,-63.13053,ADP.2017-05-11T10:01:19.530,1,2016-04-07T07:46:04.520,5823693,1359,,308.5,317.365092,-4.062674,,,,,,2,2015-04-07T07:41:55.820,57119.32078496,400.0,HD_132947_1188264_2015-04-07T07:33:20.207_S0.4x11_NIR_NOD,ESO-VLT-U2,"ECHELLE,SLIT,NODDING",["1188264"],IDP,XS_SFLX_1188264_2015-04-07T07:33:20.207_S0.4x11_NIR_NOD.fits,,,true
http://archive.eso.org/datalink/links?ID=ivo://eso.org/ID?ADP.2017-05-11T10:01:19.819,,SPECTRUM,SPECTRUM (FLUX CALIBRATED),XSHOOTER,La Silla Paranal APEX,Non-solar,57119.31478056,2015-04-07T07:33:17.040,500.0,"[gte:533.66, lte:1020.0]",18340.0,,["095.C-0724"],"["SCHOELLER, MARKUS"]","ESO, PHASE3",XSHOOTER,HD_132947,,2017-05-11T12:06:16.000,POSITION J2000 226.233388 -63.13053,226.233388,-63.13053,ADP.2017-05-11T10:01:19.819,1,2016-04-07T07:51:00.810,5823758,1330,,528.3,317.365091,-4.062674,,,,,,2,2015-04-07T07:42:42.930,57119.32133019,500.0,HD_132947_1188264_2015-04-07T07:33:17.041_S0.4x11_1x1_VIS_NOD,ESO-VLT-U2,"ECHELLE,SLIT,NODDING",["1188264"],IDP,XS_SFLX_1188264_2015-04-07T07:33:17.041_S0.4x11_1x1_VIS_NOD.fits,,,true
http://archive.eso.org/datalink/links?ID=ivo://eso.org/ID?ADP.2017-05-11T10:01:19.703,,SPECTRUM,SPECTRUM (FLUX CALIBRATED),XSHOOTER,La Silla Paranal APEX,Non-solar,57119.31472072,2015-04-07T07:33:11.870,520.0,"[gte:298.92, lte:555.98]",9861.0,,["095.C-0724"],"["SCHOELLER, MARKUS"]","ESO, PHASE3",XSHOOTER,HD_132947,,2017-05-11T12:06:16.000,POSITION J2000 226.233388 -63.13053,226.233388,-63.13053,ADP.2017-05-11T10:01:19.703,1,2016-04-07T07:51:00.810,5823732,734,,701.8,317.365091,-4.062674,,,,,,2,2015-04-07T07:43:13.543,57119.32168452,520.0,HD_132947_1188264_2015-04-07T07:33:11.870_S0.5x11_1x1_UVB_NOD,ESO-VLT-U2,"ECHELLE,SLIT,NODDING",["1188264"],IDP,XS_SFLX_1188264_2015-04-07T07:33:11.870_S0.5x11_1x1_UVB_NOD.fits,,,true
http://archive.eso.org/datalink/links?ID=ivo://eso.org/ID?ADP.2017-05-11T10:01:19.933,,SPECTRUM,SPECTRUM (FLUX CALIBRATED),XSHOOTER,La Silla Paranal APEX,Non-solar,57119.30548821,2015-04-07T07:19:54.180,600.0,"[gte:994.02, lte:2478.96]",11424.0,,["095.C-0724"],"["SCHOELLER, MARKUS"]","ESO, PHASE3",XSHOOTER,HD_132947,,2017-05-11T12:06:16.000,POSITION J2000 226.233388 -63.13053,226.233388,-63.13053,ADP.2017-05-11T10:01:19.933,1,2016-04-07T07:35:33.947,5823785,1359,,364.5,317.365092,-4.062674,,,,,,2,2015-04-07T07:30:35.073,57119.31290593,600.0,HD_132947_1188264_2015-04-07T07:19:54.181_S0.4x11_NIR_NOD,ESO-VLT-U2,"ECHELLE,SLIT,NODDING",["1188264"],IDP,XS_SFLX_1188264_2015-04-07T07:19:54.181_S0.4x11_NIR_NOD.fits,,,true
http://archive.eso.org/datalink/links?ID=ivo://eso.org/ID?ADP.2017-05-11T10:01:19.778,,SPECTRUM,SPECTRUM (FLUX CALIBRATED),XSHOOTER,La Silla Paranal APEX,Non-solar,57119.30545461,2015-04-07T07:19:51.280,600.0,"[gte:533.66, lte:1020.0]",18340.0,,["095.C-0724"],"["SCHOELLER, MARKUS"]","ESO, PHASE3",XSHOOTER,HD_132947,,2017-05-11T12:06:16.000,POSITION J2000 226.233388 -63.13053,226.233388,-63.13053,ADP.2017-05-11T10:01:19.778,1,2016-04-07T07:35:33.947,5823749,1330,,565.3,317.365091,-4.062674,,,,,,2,2015-04-07T07:30:32.180,57119.31287244,600.0,HD_132947_1188264_2015-04-07T07:19:51.278_S0.4x11_1x1_VIS_NOD,ESO-VLT-U2,"ECHELLE,SLIT,NODDING",["1188264"],IDP,XS_SFLX_1188264_2015-04-07T07:19:51.278_S0.4x11_1x1_VIS_NOD.fits,,,true
http://archive.eso.org/datalink/links?ID=ivo://eso.org/ID?ADP.2017-05-11T10:01:19.828,,SPECTRUM,SPECTRUM (FLUX CALIBRATED),XSHOOTER,La Silla Paranal APEX,Non-solar,57119.30539477,2015-04-07T07:19:46.107,520.0,"[gte:298.92, lte:555.98]",9861.0,,["095.C-0724"],"["SCHOELLER, MARKUS"]","ESO, PHASE3",XSHOOTER,HD_132947,,2017-05-11T12:06:16.000,POSITION J2000 226.233388 -63.13053,226.233388,-63.13053,ADP.2017-05-11T10:01:19.828,1,2016-04-07T07:35:33.947,5823760,734,,697.0,317.365091,-4.062674,,,,,,2,2015-04-07T07:30:12.103,57119.31264007,520.0,HD_132947_1188264_2015-04-07T07:19:46.108_S0.5x11_1x1_UVB_NOD,ESO-VLT-U2,"ECHELLE,SLIT,NODDING",["1188264"],IDP,XS_SFLX_1188264_2015-04-07T07:19:46.108_S0.5x11_1x1_UVB_NOD.fits,,,true
http://archive.eso.org/datalink/links?ID=ivo://eso.org/ID?ADP.2017-05-12T07:39:40.436,,SPECTRUM,SPECTRUM (FLUX CALIBRATED),XSHOOTER,La Silla Paranal APEX,Non-solar,57285.02593962,2015-09-20T00:37:21.183,600.0,"[gte:994.02, lte:2478.96]",11424.0,,["095.C-0724"],"["SCHOELLER, MARKUS"]","ESO, PHASE3",XSHOOTER,HD_132947,,2017-05-12T09:41:38.000,POSITION J2000 226.234702 -63.13089,226.234702,-63.13089,ADP.2017-05-12T07:39:40.436,1,2016-09-20T01:00:47.313,5826485,1359,,320.0,317.365433,-4.06328,,,,,,2,2015-09-20T00:49:02.730,57285.03405936,600.0,HD_132947_1188268_2015-09-20T00:37:21.183_S0.4x11_NIR_NOD,ESO-VLT-U2,"ECHELLE,SLIT,NODDING",["1188268"],IDP,XS_SFLX_1188268_2015-09-20T00:37:21.183_S0.4x11_NIR_NOD.fits,,,true
http://archive.eso.org/datalink/links?ID=ivo://eso.org/ID?ADP.2017-05-12T07:39:40.403,,SPECTRUM,SPECTRUM (FLUX CALIBRATED),XSHOOTER,La Silla Paranal APEX,Non-solar,57285.02590347,2015-09-20T00:37:18.060,600.0,"[gte:533.66, lte:1020.0]",18340.0,,["095.C-0724"],"["SCHOELLER, MARKUS"]","ESO, PHASE3",XSHOOTER,HD_132947,,2017-05-12T09:41:38.000,POSITION J2000 226.234702 -63.13089,226.234702,-63.13089,ADP.2017-05-12T07:39:40.403,1,2016-09-20T01:00:47.313,5826478,1333,,337.0,317.365433,-4.063279,,,,,,2,2015-09-20T00:49:59.777,57285.03471961,600.0,HD_132947_1188268_2015-09-20T00:37:18.061_S0.4x11_1x1_VIS_NOD,ESO-VLT-U2,"ECHELLE,SLIT,NODDING",["1188268"],IDP,XS_SFLX_1188268_2015-09-20T00:37:18.061_S0.4x11_1x1_VIS_NOD.fits,,,true
http://archive.eso.org/datalink/links?ID=ivo://eso.org/ID?ADP.2017-05-12T07:39:40.361,,SPECTRUM,SPECTRUM (FLUX CALIBRATED),XSHOOTER,La Silla Paranal APEX,Non-solar,57285.02584316,2015-09-20T00:37:12.850,520.0,"[gte:298.92, lte:555.98]",9861.0,,["095.C-0724"],"["SCHOELLER, MARKUS"]","ESO, PHASE3",XSHOOTER,HD_132947,,2017-05-12T09:41:38.000,POSITION J2000 226.234702 -63.13089,226.234702,-63.13089,ADP.2017-05-12T07:39:40.361,1,2016-09-20T01:00:47.313,5826468,734,,565.4,317.365433,-4.063279,,,,,,2,2015-09-20T00:48:43.367,57285.03383525,520.0,HD_132947_1188268_2015-09-20T00:37:12.850_S0.5x11_1x1_UVB_NOD,ESO-VLT-U2,"ECHELLE,SLIT,NODDING",["1188268"],IDP,XS_SFLX_1188268_2015-09-20T00:37:12.850_S0.5x11_1x1_UVB_NOD.fits,,,true
http://archive.eso.org/datalink/links?ID=ivo://eso.org/ID?ADP.2014-05-15T14:28:21.693,,SPECTRUM,SPECTRUM (FLUX CALIBRATED),XSHOOTER,La Silla Paranal APEX,Non-solar,55267.36447683,2010-03-12T08:44:50.797,1.0,"[gte:994.02, lte:2478.96]",11424.0,,["084.C-0952"],"["OUDMAIJER, R.D."]","ESO, PHASE3",XSHOOTER,HD-132947,,2014-05-15T00:00:00.000,POSITION J2000 226.234428 -63.13139,226.234428,-63.13139,ADP.2014-05-15T14:28:21.693,1,2011-04-09T13:13:43.257,437662,1350,,4.4,317.365079,-4.063654,,,,,,2,2010-03-12T08:44:51.797,55267.3644884,1.0,HD-132947_387942_2010-03-12T08:44:50.798_S0.4x11_NIR_STA,ESO-VLT-U2,"ECHELLE,SLIT,STARE",["387942"],IDP,XS_SFLX_387942_2010-03-12T08:44:50.798_S0.4x11_NIR_STA.fits,,,true
http://archive.eso.org/datalink/links?ID=ivo://eso.org/ID?ADP.2014-05-15T14:28:21.777,,SPECTRUM,SPECTRUM (FLUX CALIBRATED),XSHOOTER,La Silla Paranal APEX,Non-solar,55267.36444343,2010-03-12T08:44:47.913,5.0,"[gte:533.66, lte:1020.0]",18340.0,,["084.C-0952"],"["OUDMAIJER, R.D."]","ESO, PHASE3",XSHOOTER,HD-132947,,2014-05-15T00:00:00.000,POSITION J2000 226.234428 -63.13139,226.234428,-63.13139,ADP.2014-05-15T14:28:21.777,1,2011-04-09T13:13:43.227,437674,1321,,54.5,317.365079,-4.063654,,,,,,2,2010-03-12T08:44:52.913,55267.3645013,5.0,HD-132947_387942_2010-03-12T08:44:47.912_S0.4x11_1x1_VIS_STA,ESO-VLT-U2,"ECHELLE,SLIT,STARE",["387942"],IDP,XS_SFLX_387942_2010-03-12T08:44:47.912_S0.4x11_1x1_VIS_STA.fits,,,truehttp://archive.eso.org/datalink/links?ID=ivo://eso.org/ID?ADP.2014-05-15T16:03:02.550,,SPECTRUM,SPECTRUM (FLUX CALIBRATED),XSHOOTER,La Silla Paranal APEX,Non-solar,55352.03373799,2010-06-05T00:48:34.963,168.0,"[gte:994.02, lte:2478.96]",11424.0,,["385.C-0131"],"["HUBRIG, S."]","ESO, PHASE3",XSHOOTER,HD135344B_3,,2014-05-15T00:00:00.000,POSITION J2000 228.950829 -37.15457,228.950829,-37.15457,ADP.2014-05-15T16:03:02.550,1,2011-10-11T11:58:51.563,439073,1347,,519.4,332.39165,17.325096,,,,,,2,2010-06-05T00:52:14.650,55352.03628066,168.0,HD135344B_3_437392_2010-06-05T00:48:34.962_S0.4x11_NIR_NOD,ESO-VLT-U2,"ECHELLE,SLIT,NODDING",["437392"],IDP,XS_SFLX_437392_2010-06-05T00:48:34.962_S0.4x11_NIR_NOD.fits,,,true
http://archive.eso.org/datalink/links?ID=ivo://eso.org/ID?ADP.2014-05-15T16:03:02.430,,SPECTRUM,SPECTRUM (FLUX CALIBRATED),XSHOOTER,La Silla Paranal APEX,Non-solar,55352.03370038,2010-06-05T00:48:31.713,168.0,"[gte:533.66, lte:1020.0]",18340.0,,["385.C-0131"],"["HUBRIG, S."]","ESO, PHASE3",XSHOOTER,HD135344B_3,,2014-05-15T00:00:00.000,POSITION J2000 228.950829 -37.15457,228.950829,-37.15457,ADP.2014-05-15T16:03:02.430,1,2011-10-11T11:58:51.540,439085,1319,,371.6,332.39165,17.325096,,,,,,2,2010-06-05T00:52:12.047,55352.03625052,168.0,HD135344B_3_437392_2010-06-05T00:48:31.713_S0.4x11_1x1_VIS_NOD,ESO-VLT-U2,"ECHELLE,SLIT,NODDING",["437392"],IDP,XS_SFLX_437392_2010-06-05T00:48:31.713_S0.4x11_1x1_VIS_NOD.fits,,,true
http://archive.eso.org/datalink/links?ID=ivo://eso.org/ID?ADP.2014-05-15T16:03:02.870,,SPECTRUM,SPECTRUM (FLUX CALIBRATED),XSHOOTER,La Silla Paranal APEX,Non-solar,55352.03364007,2010-06-05T00:48:26.503,168.0,"[gte:298.92, lte:555.98]",9861.0,,["385.C-0131"],"["HUBRIG, S."]","ESO, PHASE3",XSHOOTER,HD135344B_3,,2014-05-15T00:00:00.000,POSITION J2000 228.950829 -37.15457,228.950829,-37.15457,ADP.2014-05-15T16:03:02.870,1,2011-10-11T11:58:51.520,439070,722,,367.7,332.39165,17.325096,,,,,,2,2010-06-05T00:52:06.867,55352.03619056,168.0,HD135344B_3_437392_2010-06-05T00:48:26.502_S0.5x11_1x1_UVB_NOD,ESO-VLT-U2,"ECHELLE,SLIT,NODDING",["437392"],IDP,XS_SFLX_437392_2010-06-05T00:48:26.502_S0.5x11_1x1_UVB_NOD.fits,,,true
http://archive.eso.org/datalink/links?ID=ivo://eso.org/ID?ADP.2014-05-15T14:50:08.907,,SPECTRUM,SPECTRUM (FLUX CALIBRATED),XSHOOTER,La Silla Paranal APEX,Non-solar,55286.23210922,2010-03-31T05:34:14.237,48.0,"[gte:994.02, lte:2478.96]",11424.0,,["084.C-0952"],"["OUDMAIJER, R.D."]","ESO, PHASE3",XSHOOTER,HD-135344B,,2014-05-15T00:00:00.000,POSITION J2000 228.951068 -37.15465,228.951068,-37.15465,ADP.2014-05-15T14:50:08.907,1,2011-04-09T13:12:30.857,438210,1347,,91.3,332.391771,17.324925,,,,,,2,2010-03-31T05:39:45.713,55286.23594576,48.0,HD-135344B_387824_2010-03-31T05:34:14.237_S0.4x11_NIR_NOD,ESO-VLT-U2,"ECHELLE,SLIT,NODDING",["387824"],IDP,XS_SFLX_387824_2010-03-31T05:34:14.237_S0.4x11_NIR_NOD.fits,,,true
http://archive.eso.org/datalink/links?ID=ivo://eso.org/ID?ADP.2014-05-15T14:50:10.020,,SPECTRUM,SPECTRUM (FLUX CALIBRATED),XSHOOTER,La Silla Paranal APEX,Non-solar,55286.23207225,2010-03-31T05:34:11.043,40.0,"[gte:533.66, lte:1020.0]",18340.0,,["084.C-0952"],"["OUDMAIJER, R.D."]","ESO, PHASE3",XSHOOTER,HD-135344B,,2014-05-15T00:00:00.000,POSITION J2000 228.951068 -37.15465,228.951068,-37.15465,ADP.2014-05-15T14:50:10.020,1,2011-04-09T13:12:30.927,438194,1319,,214.0,332.39177,17.324924,,,,,,2,2010-03-31T05:40:25.363,55286.23640468,40.0,HD-135344B_387824_2010-03-31T05:34:11.042_S0.4x11_1x1_VIS_NOD,ESO-VLT-U2,"ECHELLE,SLIT,NODDING",["387824"],IDP,XS_SFLX_387824_2010-03-31T05:34:11.042_S0.4x11_1x1_VIS_NOD.fits,,,true
http://archive.eso.org/datalink/links?ID=ivo://eso.org/ID?ADP.2014-05-15T14:50:09.873,,SPECTRUM,SPECTRUM (FLUX CALIBRATED),XSHOOTER,La Silla Paranal APEX,Non-solar,55286.23201241,2010-03-31T05:34:05.873,40.0,"[gte:298.92, lte:555.98]",9861.0,,["084.C-0952"],"["OUDMAIJER, R.D."]","ESO, PHASE3",XSHOOTER,HD-135344B,,2014-05-15T00:00:00.000,POSITION J2000 228.951068 -37.15465,228.951068,-37.15465,ADP.2014-05-15T14:50:09.873,1,2011-04-09T13:12:30.883,438220,722,,227.7,332.39177,17.324924,,,,,,2,2010-03-31T05:40:18.903,55286.23632991,40.0,HD-135344B_387824_2010-03-31T05:34:05.872_S0.5x11_1x1_UVB_NOD,ESO-VLT-U2,"ECHELLE,SLIT,NODDING",["387824"],IDP,XS_SFLX_387824_2010-03-31T05:34:05.872_S0.5x11_1x1_UVB_NOD.fits,,,true
http://archive.eso.org/datalink/links?ID=ivo://eso.org/ID?ADP.2014-05-15T14:50:08.793,,SPECTRUM,SPECTRUM (FLUX CALIBRATED),XSHOOTER,La Silla Paranal APEX,Non-solar,55286.23142417,2010-03-31T05:33:15.047,1.0,"[gte:994.02, lte:2478.96]",11424.0,,["084.C-0952"],"["OUDMAIJER, R.D."]","ESO, PHASE3",XSHOOTER,HD-135344B,,2014-05-15T00:00:00.000,POSITION J2000 228.95176 -37.15484,228.95176,-37.15484,ADP.2014-05-15T14:50:08.793,1,2011-04-09T13:12:30.183,438191,1350,,35.7,332.392144,17.324463,,,,,,2,2010-03-31T05:33:16.047,55286.23143574,1.0,HD-135344B_387824_2010-03-31T05:33:15.048_S0.4x11_NIR_STA,ESO-VLT-U2,"ECHELLE,SLIT,STARE",["387824"],IDP,XS_SFLX_387824_2010-03-31T05:33:15.048_S0.4x11_NIR_STA.fits,,,true
http://archive.eso.org/datalink/links?ID=ivo://eso.org/ID?ADP.2014-05-15T14:50:09.553,,SPECTRUM,SPECTRUM (FLUX CALIBRATED),XSHOOTER,La Silla Paranal APEX,Non-solar,55286.23139384,2010-03-31T05:33:12.427,1.0,"[gte:533.66, lte:1020.0]",18340.0,,["084.C-0952"],"["OUDMAIJER, R.D."]","ESO, PHASE3",XSHOOTER,HD-135344B,,2014-05-15T00:00:00.000,POSITION J2000 228.95176 -37.15484,228.95176,-37.15484,ADP.2014-05-15T14:50:09.553,1,2011-04-09T13:12:30.147,438177,1321,,28.1,332.392144,17.324463,,,,,,2,2010-03-31T05:33:13.427,55286.23140541,1.0,HD-135344B_387824_2010-03-31T05:33:12.428_S0.4x11_1x1_VIS_STA,ESO-VLT-U2,"ECHELLE,SLIT,STARE",["387824"],IDP,XS_SFLX_387824_2010-03-31T05:33:12.428_S0.4x11_1x1_VIS_STA.fits,,,true
http://archive.eso.org/datalink/links?ID=ivo://eso.org/ID?ADP.2014-05-15T14:50:09.340,,SPECTRUM,SPECTRUM (FLUX CALIBRATED),XSHOOTER,La Silla Paranal APEX,Non-solar,55286.23133399,2010-03-31T05:33:07.257,1.0,"[gte:298.92, lte:555.98]",9861.0,,["084.C-0952"],"["OUDMAIJER, R.D."]","ESO, PHASE3",XSHOOTER,HD-135344B,,2014-05-15T00:00:00.000,POSITION J2000 228.95176 -37.15484,228.95176,-37.15484,ADP.2014-05-15T14:50:09.340,1,2011-04-09T13:12:30.120,438184,725,,31.6,332.392144,17.324463,,,,,,2,2010-03-31T05:33:08.257,55286.23134556,1.0,HD-135344B_387824_2010-03-31T05:33:07.257_S0.5x11_1x1_UVB_STA,ESO-VLT-U2,"ECHELLE,SLIT,STARE",["387824"],IDP,XS_SFLX_387824_2010-03-31T05:33:07.257_S0.5x11_1x1_UVB_STA.fits,,,true
http://archive.eso.org/datalink/links?ID=ivo://eso.org/ID?ADP.2014-05-15T15:42:46.033,,SPECTRUM,SPECTRUM (FLUX CALIBRATED),XSHOOTER,La Silla Paranal APEX,Non-solar,55329.36175062,2010-05-13T08:40:55.253,168.0,"[gte:994.02, lte:2478.96]",11424.0,,["385.C-0131"],"["HUBRIG, S."]","ESO, PHASE3",XSHOOTER,HD135344B_2,,2014-05-15T00:00:00.000,POSITION J2000 228.952592 -37.15427,228.952592,-37.15427,ADP.2014-05-15T15:42:46.033,1,2011-10-11T11:58:51.273,438986,1347,,324.3,332.393053,17.324575,,,,,,2,2010-05-13T08:44:34.943,55329.36429332,168.0,HD135344B_2_437390_2010-05-13T08:40:55.254_S0.4x11_NIR_NOD,ESO-VLT-U2,"ECHELLE,SLIT,NODDING",["437390"],IDP,XS_SFLX_437390_2010-05-13T08:40:55.254_S0.4x11_NIR_NOD.fits,,,true
http://archive.eso.org/datalink/links?ID=ivo://eso.org/ID?ADP.2014-05-15T15:42:45.703,,SPECTRUM,SPECTRUM (FLUX CALIBRATED),XSHOOTER,La Silla Paranal APEX,Non-solar,55329.36171574,2010-05-13T08:40:52.240,168.0,"[gte:533.66, lte:1020.0]",18340.0,,["385.C-0131"],"["HUBRIG, S."]","ESO, PHASE3",XSHOOTER,HD135344B_2,,2014-05-15T00:00:00.000,POSITION J2000 228.952592 -37.15427,228.952592,-37.15427,ADP.2014-05-15T15:42:45.703,1,2011-10-11T11:58:51.253,438992,1319,,242.2,332.393052,17.324575,,,,,,2,2010-05-13T08:44:31.893,55329.36425801,168.0,HD135344B_2_437390_2010-05-13T08:40:52.240_S0.4x11_1x1_VIS_NOD,ESO-VLT-U2,"ECHELLE,SLIT,NODDING",["437390"],IDP,XS_SFLX_437390_2010-05-13T08:40:52.240_S0.4x11_1x1_VIS_NOD.fits,,,true
http://archive.eso.org/datalink/links?ID=ivo://eso.org/ID?ADP.2014-05-15T15:42:45.650,,SPECTRUM,SPECTRUM (FLUX CALIBRATED),XSHOOTER,La Silla Paranal APEX,Non-solar,55329.36165532,2010-05-13T08:40:47.020,168.0,"[gte:298.92, lte:555.98]",9861.0,,["385.C-0131"],"["HUBRIG, S."]","ESO, PHASE3",XSHOOTER,HD135344B_2,,2014-05-15T00:00:00.000,POSITION J2000 228.952592 -37.15427,228.952592,-37.15427,ADP.2014-05-15T15:42:45.650,1,2011-10-11T11:58:51.233,439000,722,,193.0,332.393052,17.324575,,,,,,2,2010-05-13T08:44:26.680,55329.3641977,168.0,HD135344B_2_437390_2010-05-13T08:40:47.020_S0.5x11_1x1_UVB_NOD,ESO-VLT-U2,"ECHELLE,SLIT,NODDING",["437390"],IDP,XS_SFLX_437390_2010-05-13T08:40:47.020_S0.5x11_1x1_UVB_NOD.fits,,,true
http://archive.eso.org/datalink/links?ID=ivo://eso.org/ID?ADP.2014-05-15T16:07:39.110,,SPECTRUM,SPECTRUM (FLUX CALIBRATED),XSHOOTER,La Silla Paranal APEX,Non-solar,55357.25076669,2010-06-10T06:01:06.243,168.0,"[gte:994.02, lte:2478.96]",11424.0,,["385.C-0131"],"["HUBRIG, S."]","ESO, PHASE3",XSHOOTER,HD135344B_4,,2014-05-15T00:00:00.000,POSITION J2000 228.952787 -37.15413,228.952787,-37.15413,ADP.2014-05-15T16:07:39.110,1,2011-10-11T11:58:52.230,439147,1347,,450.8,332.393269,17.324607,,,,,,2,2010-06-10T06:04:45.930,55357.25330936,168.0,HD135344B_4_437393_2010-06-10T06:01:06.242_S0.4x11_NIR_NOD,ESO-VLT-U2,"ECHELLE,SLIT,NODDING",["437393"],IDP,XS_SFLX_437393_2010-06-10T06:01:06.242_S0.4x11_NIR_NOD.fits,,,true
http://archive.eso.org/datalink/links?ID=ivo://eso.org/ID?ADP.2014-05-15T16:07:38.697,,SPECTRUM,SPECTRUM (FLUX CALIBRATED),XSHOOTER,La Silla Paranal APEX,Non-solar,55357.25072876,2010-06-10T06:01:02.967,168.0,"[gte:533.66, lte:1020.0]",18340.0,,["385.C-0131"],"["HUBRIG, S."]","ESO, PHASE3",XSHOOTER,HD135344B_4,,2014-05-15T00:00:00.000,POSITION J2000 228.952787 -37.15413,228.952787,-37.15413,ADP.2014-05-15T16:07:38.697,1,2011-10-11T11:58:52.207,439154,1316,,373.2,332.393269,17.324606,,,,,,2,2010-06-10T06:04:42.867,55357.25327392,168.0,HD135344B_4_437393_2010-06-10T06:01:02.965_S0.4x11_1x1_VIS_NOD,ESO-VLT-U2,"ECHELLE,SLIT,NODDING",["437393"],IDP,XS_SFLX_437393_2010-06-10T06:01:02.965_S0.4x11_1x1_VIS_NOD.fits,,,truehttp://archive.eso.org/datalink/links?ID=ivo://eso.org/ID?ADP.2017-06-02T12:46:07.520,,SPECTRUM,SPECTRUM (FLUX CALIBRATED),XSHOOTER,La Silla Paranal APEX,Non-solar,55283.35790862,2010-03-28T08:35:23.307,160.0,"[gte:994.02, lte:2478.96]",11424.0,,["084.C-0952"],"["OUDMAIJER, R.D."]","ESO, PHASE3",XSHOOTER,PDS-395,,2017-06-02T13:07:04.000,POSITION J2000 235.193168 -42.49762,235.193168,-42.49762,ADP.2017-06-02T12:46:07.520,1,2011-04-09T13:12:39.340,5851462,1356,,151.1,333.230498,10.197148,,,,,,2,2010-03-28T08:41:53.827,55283.36242857,160.0,PDS-395_387838_2010-03-28T08:35:23.305_S0.4x11_NIR_NOD,ESO-VLT-U2,"ECHELLE,SLIT,NODDING",["387838"],IDP,XS_SFLX_387838_2010-03-28T08:35:23.305_S0.4x11_NIR_NOD.fits,,,true
http://archive.eso.org/datalink/links?ID=ivo://eso.org/ID?ADP.2017-06-02T12:46:07.565,,SPECTRUM,SPECTRUM (FLUX CALIBRATED),XSHOOTER,La Silla Paranal APEX,Non-solar,55283.35787077,2010-03-28T08:35:20.037,80.0,"[gte:533.66, lte:1020.0]",18340.0,,["084.C-0952"],"["OUDMAIJER, R.D."]","ESO, PHASE3",XSHOOTER,PDS-395,,2017-06-02T13:07:04.000,POSITION J2000 235.193168 -42.49762,235.193168,-42.49762,ADP.2017-06-02T12:46:07.565,1,2011-04-09T13:12:39.403,5851473,1330,,328.0,333.230498,10.197147,,,,,,2,2010-03-28T08:42:16.010,55283.3626853,80.0,PDS-395_387838_2010-03-28T08:35:20.035_S0.4x11_1x1_VIS_NOD,ESO-VLT-U2,"ECHELLE,SLIT,NODDING",["387838"],IDP,XS_SFLX_387838_2010-03-28T08:35:20.035_S0.4x11_1x1_VIS_NOD.fits,,,true
http://archive.eso.org/datalink/links?ID=ivo://eso.org/ID?ADP.2017-06-02T12:46:07.473,,SPECTRUM,SPECTRUM (FLUX CALIBRATED),XSHOOTER,La Silla Paranal APEX,Non-solar,55283.35781035,2010-03-28T08:35:14.813,80.0,"[gte:298.92, lte:555.98]",9861.0,,["084.C-0952"],"["OUDMAIJER, R.D."]","ESO, PHASE3",XSHOOTER,PDS-395,,2017-06-02T13:07:04.000,POSITION J2000 235.193168 -42.49762,235.193168,-42.49762,ADP.2017-06-02T12:46:07.473,1,2011-04-09T13:12:39.367,5851451,731,,401.4,333.230498,10.197147,,,,,,2,2010-03-28T08:42:09.760,55283.36261295,80.0,PDS-395_387838_2010-03-28T08:35:14.814_S0.5x11_1x1_UVB_NOD,ESO-VLT-U2,"ECHELLE,SLIT,NODDING",["387838"],IDP,XS_SFLX_387838_2010-03-28T08:35:14.814_S0.5x11_1x1_UVB_NOD.fits,,,true
http://archive.eso.org/datalink/links?ID=ivo://eso.org/ID?ADP.2017-06-02T12:46:07.442,,SPECTRUM,SPECTRUM (FLUX CALIBRATED),XSHOOTER,La Silla Paranal APEX,Non-solar,55283.35722092,2010-03-28T08:34:23.887,1.0,"[gte:994.02, lte:2478.96]",11424.0,,["084.C-0952"],"["OUDMAIJER, R.D."]","ESO, PHASE3",XSHOOTER,PDS-395,,2017-06-02T13:07:04.000,POSITION J2000 235.192844 -42.49824,235.192844,-42.49824,ADP.2017-06-02T12:46:07.442,1,2011-04-09T13:12:38.357,5851444,1362,,22.9,333.229922,10.196802,,,,,,2,2010-03-28T08:34:24.887,55283.35723249,1.0,PDS-395_387838_2010-03-28T08:34:23.887_S0.4x11_NIR_STA,ESO-VLT-U2,"ECHELLE,SLIT,STARE",["387838"],IDP,XS_SFLX_387838_2010-03-28T08:34:23.887_S0.4x11_NIR_STA.fits,,,true
http://archive.eso.org/datalink/links?ID=ivo://eso.org/ID?ADP.2017-06-02T12:46:07.464,,SPECTRUM,SPECTRUM (FLUX CALIBRATED),XSHOOTER,La Silla Paranal APEX,Non-solar,55283.35718646,2010-03-28T08:34:20.910,1.0,"[gte:533.66, lte:1020.0]",18340.0,,["084.C-0952"],"["OUDMAIJER, R.D."]","ESO, PHASE3",XSHOOTER,PDS-395,,2017-06-02T13:07:04.000,POSITION J2000 235.192844 -42.49824,235.192844,-42.49824,ADP.2017-06-02T12:46:07.464,1,2011-04-09T13:12:38.330,5851449,1333,,31.6,333.229922,10.196801,,,,,,2,2010-03-28T08:34:21.910,55283.35719803,1.0,PDS-395_387838_2010-03-28T08:34:20.910_S0.4x11_1x1_VIS_STA,ESO-VLT-U2,"ECHELLE,SLIT,STARE",["387838"],IDP,XS_SFLX_387838_2010-03-28T08:34:20.910_S0.4x11_1x1_VIS_STA.fits,,,truehttp://archive.eso.org/datalink/links?ID=ivo://eso.org/ID?ADP.2014-05-15T14:50:09.133,,SPECTRUM,SPECTRUM (FLUX CALIBRATED),XSHOOTER,La Silla Paranal APEX,Non-solar,55286.34798443,2010-03-31T08:21:05.857,1000.0,"[gte:994.02, lte:2478.96]",11424.0,,["084.C-0952"],"["OUDMAIJER, R.D."]","ESO, PHASE3",XSHOOTER,PDS-144a,,2014-05-15T00:00:00.000,POSITION J2000 237.314366 -26.01469,237.314366,-26.01469,ADP.2014-05-15T14:50:09.133,1,2011-04-09T13:12:38.067,438193,1350,,136.1,345.598807,21.772019,,,,,,2,2010-03-31T08:44:58.723,55286.36456855,1000.0,PDS-144a_387836_2010-03-31T08:21:05.855_S0.4x11_NIR_NOD,ESO-VLT-U2,"ECHELLE,SLIT,NODDING",["387836"],IDP,XS_SFLX_387836_2010-03-31T08:21:05.855_S0.4x11_NIR_NOD.fits,,,true
http://archive.eso.org/datalink/links?ID=ivo://eso.org/ID?ADP.2014-05-15T14:50:08.773,,SPECTRUM,SPECTRUM (FLUX CALIBRATED),XSHOOTER,La Silla Paranal APEX,Non-solar,55286.34795202,2010-03-31T08:21:03.057,1200.0,"[gte:533.66, lte:1020.0]",18340.0,,["084.C-0952"],"["OUDMAIJER, R.D."]","ESO, PHASE3",XSHOOTER,PDS-144a,,2014-05-15T00:00:00.000,POSITION J2000 237.314366 -26.01469,237.314366,-26.01469,ADP.2014-05-15T14:50:08.773,1,2011-04-09T13:12:37.943,438173,1319,,171.1,345.598806,21.772019,,,,,,2,2010-03-31T08:44:25.360,55286.36418241,1200.0,PDS-144a_387836_2010-03-31T08:21:03.055_S0.4x11_1x1_VIS_NOD,ESO-VLT-U2,"ECHELLE,SLIT,NODDING",["387836"],IDP,XS_SFLX_387836_2010-03-31T08:21:03.055_S0.4x11_1x1_VIS_NOD.fits,,,true
http://archive.eso.org/datalink/links?ID=ivo://eso.org/ID?ADP.2014-05-15T14:50:08.767,,SPECTRUM,SPECTRUM (FLUX CALIBRATED),XSHOOTER,La Silla Paranal APEX,Non-solar,55286.3478916,2010-03-31T08:20:57.833,1200.0,"[gte:298.92, lte:555.98]",9861.0,,["084.C-0952"],"["OUDMAIJER, R.D."]","ESO, PHASE3",XSHOOTER,PDS-144a,,2014-05-15T00:00:00.000,POSITION J2000 237.314366 -26.01469,237.314366,-26.01469,ADP.2014-05-15T14:50:08.767,1,2011-04-09T13:12:37.917,438223,722,,148.1,345.598806,21.772019,,,,,,2,2010-03-31T08:44:19.750,55286.36411747,1200.0,PDS-144a_387836_2010-03-31T08:20:57.834_S0.5x11_1x1_UVB_NOD,ESO-VLT-U2,"ECHELLE,SLIT,NODDING",["387836"],IDP,XS_SFLX_387836_2010-03-31T08:20:57.834_S0.5x11_1x1_UVB_NOD.fits,,,true
http://archive.eso.org/datalink/links?ID=ivo://eso.org/ID?ADP.2014-05-15T14:50:10.007,,SPECTRUM,SPECTRUM (FLUX CALIBRATED),XSHOOTER,La Silla Paranal APEX,Non-solar,55286.3471161,2010-03-31T08:19:50.830,1.0,"[gte:994.02, lte:2478.96]",11424.0,,["084.C-0952"],"["OUDMAIJER, R.D."]","ESO, PHASE3",XSHOOTER,PDS-144a,,2014-05-15T00:00:00.000,POSITION J2000 237.313759 -26.01486,237.313759,-26.01486,ADP.2014-05-15T14:50:10.007,1,2011-04-09T13:12:37.183,438182,1350,,12.9,345.598248,21.772259,,,,,,2,2010-03-31T08:19:51.830,55286.34712767,1.0,PDS-144a_387836_2010-03-31T08:19:50.831_S0.4x11_NIR_STA,ESO-VLT-U2,"ECHELLE,SLIT,STARE",["387836"],IDP,XS_SFLX_387836_2010-03-31T08:19:50.831_S0.4x11_NIR_STA.fits,,,true
http://archive.eso.org/datalink/links?ID=ivo://eso.org/ID?ADP.2014-05-15T14:50:09.413,,SPECTRUM,SPECTRUM (FLUX CALIBRATED),XSHOOTER,La Silla Paranal APEX,Non-solar,55286.34707694,2010-03-31T08:19:47.447,20.0,"[gte:533.66, lte:1020.0]",18340.0,,["084.C-0952"],"["OUDMAIJER, R.D."]","ESO, PHASE3",XSHOOTER,PDS-144a,,2014-05-15T00:00:00.000,POSITION J2000 237.313759 -26.01486,237.313759,-26.01486,ADP.2014-05-15T14:50:09.413,1,2011-04-09T13:12:37.157,438206,1321,,16.8,345.598248,21.772259,,,,,,2,2010-03-31T08:20:07.447,55286.34730842,20.0,PDS-144a_387836_2010-03-31T08:19:47.448_S0.4x11_1x1_VIS_STA,ESO-VLT-U2,"ECHELLE,SLIT,STARE",["387836"],IDP,XS_SFLX_387836_2010-03-31T08:19:47.448_S0.4x11_1x1_VIS_STA.fits,,,truehttp://archive.eso.org/datalink/links?ID=ivo://eso.org/ID?ADP.2017-06-02T12:46:07.450,,SPECTRUM,SPECTRUM (FLUX CALIBRATED),XSHOOTER,La Silla Paranal APEX,Non-solar,55283.37111911,2010-03-28T08:54:24.690,96.0,"[gte:994.02, lte:2478.96]",11424.0,,["084.C-0952"],"["OUDMAIJER, R.D."]","ESO, PHASE3",XSHOOTER,HD-141569,,2017-06-02T13:07:04.000,POSITION J2000 237.491082 -3.92184,237.491082,-3.92184,ADP.2017-06-02T12:46:07.450,1,2011-04-09T13:14:08.983,5851446,1359,,76.8,4.176903,36.918561,,,,,,2,2010-03-28T09:02:56.360,55283.37704122,96.0,HD-141569_387972_2010-03-28T08:54:24.691_S0.4x11_NIR_NOD,ESO-VLT-U2,"ECHELLE,SLIT,NODDING",["387972"],IDP,XS_SFLX_387972_2010-03-28T08:54:24.691_S0.4x11_NIR_NOD.fits,,,true
http://archive.eso.org/datalink/links?ID=ivo://eso.org/ID?ADP.2017-06-02T12:46:07.454,,SPECTRUM,SPECTRUM (FLUX CALIBRATED),XSHOOTER,La Silla Paranal APEX,Non-solar,55283.37108731,2010-03-28T08:54:21.943,24.0,"[gte:533.66, lte:1020.0]",18340.0,,["084.C-0952"],"["OUDMAIJER, R.D."]","ESO, PHASE3",XSHOOTER,HD-141569,,2017-06-02T13:07:04.000,POSITION J2000 237.491082 -3.92184,237.491082,-3.92184,ADP.2017-06-02T12:46:07.454,1,2011-04-09T13:14:09.033,5851447,1330,,150.6,4.176903,36.918561,,,,,,2,2010-03-28T09:03:31.480,55283.37744769,24.0,HD-141569_387972_2010-03-28T08:54:21.944_S0.4x11_1x1_VIS_NOD,ESO-VLT-U2,"ECHELLE,SLIT,NODDING",["387972"],IDP,XS_SFLX_387972_2010-03-28T08:54:21.944_S0.4x11_1x1_VIS_NOD.fits,,,true
http://archive.eso.org/datalink/links?ID=ivo://eso.org/ID?ADP.2017-06-02T12:46:07.545,,SPECTRUM,SPECTRUM (FLUX CALIBRATED),XSHOOTER,La Silla Paranal APEX,Non-solar,55283.37102712,2010-03-28T08:54:16.743,24.0,"[gte:298.92, lte:555.98]",9861.0,,["084.C-0952"],"["OUDMAIJER, R.D."]","ESO, PHASE3",XSHOOTER,HD-141569,,2017-06-02T13:07:04.000,POSITION J2000 237.491082 -3.92184,237.491082,-3.92184,ADP.2017-06-02T12:46:07.545,1,2011-04-09T13:14:09.010,5851468,734,,241.8,4.176903,36.918561,,,,,,2,2010-03-28T09:03:25.180,55283.37737476,24.0,HD-141569_387972_2010-03-28T08:54:16.743_S0.5x11_1x1_UVB_NOD,ESO-VLT-U2,"ECHELLE,SLIT,NODDING",["387972"],IDP,XS_SFLX_387972_2010-03-28T08:54:16.743_S0.5x11_1x1_UVB_NOD.fits,,,true
http://archive.eso.org/datalink/links?ID=ivo://eso.org/ID?ADP.2017-06-02T12:46:07.504,,SPECTRUM,SPECTRUM (FLUX CALIBRATED),XSHOOTER,La Silla Paranal APEX,Non-solar,55283.37045171,2010-03-28T08:53:27.027,1.0,"[gte:994.02, lte:2478.96]",11424.0,,["084.C-0952"],"["OUDMAIJER, R.D."]","ESO, PHASE3",XSHOOTER,HD-141569,,2017-06-02T13:07:04.000,POSITION J2000 237.490743 -3.92108,237.490743,-3.92108,ADP.2017-06-02T12:46:07.504,1,2011-04-09T13:14:08.120,5851458,1362,,15.4,4.177383,36.919299,,,,,,2,2010-03-28T08:53:28.027,55283.37046328,1.0,HD-141569_387972_2010-03-28T08:53:27.028_S0.4x11_NIR_STA,ESO-VLT-U2,"ECHELLE,SLIT,STARE",["387972"],IDP,XS_SFLX_387972_2010-03-28T08:53:27.028_S0.4x11_NIR_STA.fits,,,true
http://archive.eso.org/datalink/links?ID=ivo://eso.org/ID?ADP.2017-06-02T12:46:07.477,,SPECTRUM,SPECTRUM (FLUX CALIBRATED),XSHOOTER,La Silla Paranal APEX,Non-solar,55283.37041075,2010-03-28T08:53:23.490,1.0,"[gte:533.66, lte:1020.0]",18340.0,,["084.C-0952"],"["OUDMAIJER, R.D."]","ESO, PHASE3",XSHOOTER,HD-141569,,2017-06-02T13:07:04.000,POSITION J2000 237.490743 -3.92108,237.490743,-3.92108,ADP.2017-06-02T12:46:07.477,1,2011-04-09T13:14:07.903,5851452,1333,,53.8,4.177382,36.919299,,,,,,2,2010-03-28T08:53:24.490,55283.37042232,1.0,HD-141569_387972_2010-03-28T08:53:23.489_S0.4x11_1x1_VIS_STA,ESO-VLT-U2,"ECHELLE,SLIT,STARE",["387972"],IDP,XS_SFLX_387972_2010-03-28T08:53:23.489_S0.4x11_1x1_VIS_STA.fits,,,truehttp://archive.eso.org/datalink/links?ID=ivo://eso.org/ID?ADP.2014-05-15T14:28:22.017,,SPECTRUM,SPECTRUM (FLUX CALIBRATED),XSHOOTER,La Silla Paranal APEX,Non-solar,55267.38154697,2010-03-12T09:09:25.657,120.0,"[gte:994.02, lte:2478.96]",11424.0,,["084.C-0952"],"["OUDMAIJER, R.D."]","ESO, PHASE3",XSHOOTER,PDS-399,,2014-05-15T00:00:00.000,POSITION J2000 238.589865 -55.32816,238.589865,-55.32816,ADP.2014-05-15T14:28:22.017,1,2011-04-09T13:12:36.927,437670,1347,,59.5,326.976467,-1.237857,,,,,,2,2010-03-12T09:16:12.003,55267.38625005,120.0,PDS-399_387834_2010-03-12T09:09:25.658_S0.4x11_NIR_NOD,ESO-VLT-U2,"ECHELLE,SLIT,NODDING",["387834"],IDP,XS_SFLX_387834_2010-03-12T09:09:25.658_S0.4x11_NIR_NOD.fits,,,true
http://archive.eso.org/datalink/links?ID=ivo://eso.org/ID?ADP.2014-05-15T14:28:22.760,,SPECTRUM,SPECTRUM (FLUX CALIBRATED),XSHOOTER,La Silla Paranal APEX,Non-solar,55267.38150805,2010-03-12T09:09:22.297,120.0,"[gte:533.66, lte:1020.0]",18340.0,,["084.C-0952"],"["OUDMAIJER, R.D."]","ESO, PHASE3",XSHOOTER,PDS-399,,2014-05-15T00:00:00.000,POSITION J2000 238.589865 -55.32816,238.589865,-55.32816,ADP.2014-05-15T14:28:22.760,1,2011-04-09T13:12:36.983,437676,1319,,291.0,326.976466,-1.237856,,,,,,2,2010-03-12T09:16:54.563,55267.38674262,120.0,PDS-399_387834_2010-03-12T09:09:22.296_S0.4x11_1x1_VIS_NOD,ESO-VLT-U2,"ECHELLE,SLIT,NODDING",["387834"],IDP,XS_SFLX_387834_2010-03-12T09:09:22.296_S0.4x11_1x1_VIS_NOD.fits,,,true
http://archive.eso.org/datalink/links?ID=ivo://eso.org/ID?ADP.2014-05-15T14:28:21.930,,SPECTRUM,SPECTRUM (FLUX CALIBRATED),XSHOOTER,La Silla Paranal APEX,Non-solar,55267.38144821,2010-03-12T09:09:17.127,120.0,"[gte:298.92, lte:555.98]",9861.0,,["084.C-0952"],"["OUDMAIJER, R.D."]","ESO, PHASE3",XSHOOTER,PDS-399,,2014-05-15T00:00:00.000,POSITION J2000 238.589865 -55.32816,238.589865,-55.32816,ADP.2014-05-15T14:28:21.930,1,2011-04-09T13:12:36.953,437673,722,,303.7,326.976466,-1.237856,,,,,,2,2010-03-12T09:16:48.253,55267.38666958,120.0,PDS-399_387834_2010-03-12T09:09:17.125_S0.5x11_1x1_UVB_NOD,ESO-VLT-U2,"ECHELLE,SLIT,NODDING",["387834"],IDP,XS_SFLX_387834_2010-03-12T09:09:17.125_S0.5x11_1x1_UVB_NOD.fits,,,true
http://archive.eso.org/datalink/links?ID=ivo://eso.org/ID?ADP.2014-05-15T14:28:22.747,,SPECTRUM,SPECTRUM (FLUX CALIBRATED),XSHOOTER,La Silla Paranal APEX,Non-solar,55267.38085126,2010-03-12T09:08:25.550,1.0,"[gte:994.02, lte:2478.96]",11424.0,,["084.C-0952"],"["OUDMAIJER, R.D."]","ESO, PHASE3",XSHOOTER,PDS-399,,2014-05-15T00:00:00.000,POSITION J2000 238.590008 -55.32897,238.590008,-55.32897,ADP.2014-05-15T14:28:22.747,1,2011-04-09T13:12:35.883,437667,1350,,10.4,326.976013,-1.238533,,,,,,2,2010-03-12T09:08:26.550,55267.38086283,1.0,PDS-399_387834_2010-03-12T09:08:25.549_S0.4x11_NIR_STA,ESO-VLT-U2,"ECHELLE,SLIT,STARE",["387834"],IDP,XS_SFLX_387834_2010-03-12T09:08:25.549_S0.4x11_NIR_STA.fits,,,true
http://archive.eso.org/datalink/links?ID=ivo://eso.org/ID?ADP.2014-05-15T14:28:22.193,,SPECTRUM,SPECTRUM (FLUX CALIBRATED),XSHOOTER,La Silla Paranal APEX,Non-solar,55267.38081876,2010-03-12T09:08:22.740,5.0,"[gte:533.66, lte:1020.0]",18340.0,,["084.C-0952"],"["OUDMAIJER, R.D."]","ESO, PHASE3",XSHOOTER,PDS-399,,2014-05-15T00:00:00.000,POSITION J2000 238.590008 -55.32897,238.590008,-55.32897,ADP.2014-05-15T14:28:22.193,1,2011-04-09T13:12:35.747,437679,1321,,59.4,326.976012,-1.238532,,,,,,2,2010-03-12T09:08:27.740,55267.38087663,5.0,PDS-399_387834_2010-03-12T09:08:22.741_S0.4x11_1x1_VIS_STA,ESO-VLT-U2,"ECHELLE,SLIT,STARE",["387834"],IDP,XS_SFLX_387834_2010-03-12T09:08:22.741_S0.4x11_1x1_VIS_STA.fits,,,truehttp://archive.eso.org/datalink/links?ID=ivo://eso.org/ID?ADP.2017-05-12T12:26:30.713,,SPECTRUM,SPECTRUM (FLUX CALIBRATED),XSHOOTER,La Silla Paranal APEX,Non-solar,57484.39044367,2016-04-06T09:22:14.333,240.0,"[gte:994.02, lte:2478.96]",11424.0,,["097.C-0284"],"["HUBRIG, S."]","ESO, PHASE3",XSHOOTER,HD142666,,2017-05-12T14:31:53.000,POSITION J2000 239.167684 -22.02758,239.167684,-22.02758,ADP.2017-05-12T12:26:30.713,1,2017-04-06T09:36:44.670,5830535,1359,,250.8,349.898449,23.50875,,,,,,2,2016-04-06T09:26:55.727,57484.39370053,240.0,HD142666_1325300_2016-04-06T09:22:14.333_S0.4x11_NIR_NOD,ESO-VLT-U2,"ECHELLE,SLIT,NODDING",["1325300"],IDP,XS_SFLX_1325300_2016-04-06T09:22:14.333_S0.4x11_NIR_NOD.fits,,,true
http://archive.eso.org/datalink/links?ID=ivo://eso.org/ID?ADP.2017-05-12T12:26:30.769,,SPECTRUM,SPECTRUM (FLUX CALIBRATED),XSHOOTER,La Silla Paranal APEX,Non-solar,57484.39040705,2016-04-06T09:22:11.170,240.0,"[gte:533.66, lte:1020.0]",18340.0,,["097.C-0284"],"["HUBRIG, S."]","ESO, PHASE3",XSHOOTER,HD142666,,2017-05-12T14:31:53.000,POSITION J2000 239.167684 -22.02758,239.167684,-22.02758,ADP.2017-05-12T12:26:30.769,1,2017-04-06T09:36:44.670,5830548,1330,,489.8,349.898448,23.508749,,,,,,2,2016-04-06T09:26:52.903,57484.39366785,240.0,HD142666_1325300_2016-04-06T09:22:11.169_S0.4x11_1x1_VIS_NOD,ESO-VLT-U2,"ECHELLE,SLIT,NODDING",["1325300"],IDP,XS_SFLX_1325300_2016-04-06T09:22:11.169_S0.4x11_1x1_VIS_NOD.fits,,,true
http://archive.eso.org/datalink/links?ID=ivo://eso.org/ID?ADP.2017-05-12T12:26:30.692,,SPECTRUM,SPECTRUM (FLUX CALIBRATED),XSHOOTER,La Silla Paranal APEX,Non-solar,57484.39034697,2016-04-06T09:22:05.980,218.0,"[gte:298.92, lte:555.98]",9861.0,,["097.C-0284"],"["HUBRIG, S."]","ESO, PHASE3",XSHOOTER,HD142666,,2017-05-12T14:31:53.000,POSITION J2000 239.167684 -22.02758,239.167684,-22.02758,ADP.2017-05-12T12:26:30.692,1,2017-04-06T09:36:44.670,5830530,734,,409.1,349.898448,23.508749,,,,,,2,2016-04-06T09:26:36.663,57484.39347988,218.0,HD142666_1325300_2016-04-06T09:22:05.979_S0.5x11_1x1_UVB_NOD,ESO-VLT-U2,"ECHELLE,SLIT,NODDING",["1325300"],IDP,XS_SFLX_1325300_2016-04-06T09:22:05.979_S0.5x11_1x1_UVB_NOD.fits,,,true
http://archive.eso.org/datalink/links?ID=ivo://eso.org/ID?ADP.2017-06-02T12:46:07.500,,SPECTRUM,SPECTRUM (FLUX CALIBRATED),XSHOOTER,La Silla Paranal APEX,Non-solar,55283.38205033,2010-03-28T09:10:09.150,160.0,"[gte:994.02, lte:2478.96]",11424.0,,["084.C-0952"],"["OUDMAIJER, R.D."]","ESO, PHASE3",XSHOOTER,HD-142666,,2017-06-02T13:07:04.000,POSITION J2000 239.167708 -22.02766,239.167708,-22.02766,ADP.2017-06-02T12:46:07.500,1,2011-04-09T13:13:42.893,5851457,1356,,108.7,349.898405,23.508677,,,,,,2,2010-03-28T09:20:05.030,55283.38894709,160.0,HD-142666_387940_2010-03-28T09:10:09.149_S0.4x11_NIR_NOD,ESO-VLT-U2,"ECHELLE,SLIT,NODDING",["387940"],IDP,XS_SFLX_387940_2010-03-28T09:10:09.149_S0.4x11_NIR_NOD.fits,,,true
http://archive.eso.org/datalink/links?ID=ivo://eso.org/ID?ADP.2017-06-02T12:46:07.593,,SPECTRUM,SPECTRUM (FLUX CALIBRATED),XSHOOTER,La Silla Paranal APEX,Non-solar,55283.38201452,2010-03-28T09:10:06.057,180.0,"[gte:533.66, lte:1020.0]",18340.0,,["084.C-0952"],"["OUDMAIJER, R.D."]","ESO, PHASE3",XSHOOTER,HD-142666,,2017-06-02T13:07:04.000,POSITION J2000 239.167708 -22.02766,239.167708,-22.02766,ADP.2017-06-02T12:46:07.593,1,2011-04-09T13:13:43.010,5851479,1330,,303.0,349.898404,23.508677,,,,,,2,2010-03-28T09:21:35.583,55283.38999517,180.0,HD-142666_387940_2010-03-28T09:10:06.055_S0.4x11_1x1_VIS_NOD,ESO-VLT-U2,"ECHELLE,SLIT,NODDING",["387940"],IDP,XS_SFLX_387940_2010-03-28T09:10:06.055_S0.4x11_1x1_VIS_NOD.fits,,,true
http://archive.eso.org/datalink/links?ID=ivo://eso.org/ID?ADP.2017-06-02T12:46:07.496,,SPECTRUM,SPECTRUM (FLUX CALIBRATED),XSHOOTER,La Silla Paranal APEX,Non-solar,55283.38195399,2010-03-28T09:10:00.827,180.0,"[gte:298.92, lte:555.98]",9861.0,,["084.C-0952"],"["OUDMAIJER, R.D."]","ESO, PHASE3",XSHOOTER,HD-142666,,2017-06-02T13:07:04.000,POSITION J2000 239.167708 -22.02766,239.167708,-22.02766,ADP.2017-06-02T12:46:07.496,1,2011-04-09T13:13:42.987,5851456,734,,257.8,349.898404,23.508677,,,,,,2,2010-03-28T09:21:29.313,55283.38992259,180.0,HD-142666_387940_2010-03-28T09:10:00.825_S0.5x11_1x1_UVB_NOD,ESO-VLT-U2,"ECHELLE,SLIT,NODDING",["387940"],IDP,XS_SFLX_387940_2010-03-28T09:10:00.825_S0.5x11_1x1_UVB_NOD.fits,,,true
http://archive.eso.org/datalink/links?ID=ivo://eso.org/ID?ADP.2017-06-02T12:46:07.512,,SPECTRUM,SPECTRUM (FLUX CALIBRATED),XSHOOTER,La Silla Paranal APEX,Non-solar,55283.38137634,2010-03-28T09:09:10.917,1.0,"[gte:994.02, lte:2478.96]",11424.0,,["084.C-0952"],"["OUDMAIJER, R.D."]","ESO, PHASE3",XSHOOTER,HD-142666,,2017-06-02T13:07:04.000,POSITION J2000 239.166885 -22.02745,239.166885,-22.02745,ADP.2017-06-02T12:46:07.512,1,2011-04-09T13:13:41.883,5851460,1362,,39.0,349.897973,23.509362,,,,,,2,2010-03-28T09:09:11.917,55283.38138791,1.0,HD-142666_387940_2010-03-28T09:09:10.916_S0.4x11_NIR_STA,ESO-VLT-U2,"ECHELLE,SLIT,STARE",["387940"],IDP,XS_SFLX_387940_2010-03-28T09:09:10.916_S0.4x11_NIR_STA.fits,,,true
http://archive.eso.org/datalink/links?ID=ivo://eso.org/ID?ADP.2017-06-02T12:46:07.574,,SPECTRUM,SPECTRUM (FLUX CALIBRATED),XSHOOTER,La Silla Paranal APEX,Non-solar,55283.38134491,2010-03-28T09:09:08.200,1.0,"[gte:533.66, lte:1020.0]",18340.0,,["084.C-0952"],"["OUDMAIJER, R.D."]","ESO, PHASE3",XSHOOTER,HD-142666,,2017-06-02T13:07:04.000,POSITION J2000 239.166885 -22.02745,239.166885,-22.02745,ADP.2017-06-02T12:46:07.574,1,2011-04-09T13:13:41.857,5851475,1333,,30.0,349.897972,23.509362,,,,,,2,2010-03-28T09:09:09.200,55283.38135648,1.0,HD-142666_387940_2010-03-28T09:09:08.200_S0.4x11_1x1_VIS_STA,ESO-VLT-U2,"ECHELLE,SLIT,STARE",["387940"],IDP,XS_SFLX_387940_2010-03-28T09:09:08.200_S0.4x11_1x1_VIS_STA.fits,,,truehttp://archive.eso.org/datalink/links?ID=ivo://eso.org/ID?ADP.2014-05-15T14:51:45.250,,SPECTRUM,SPECTRUM (FLUX CALIBRATED),XSHOOTER,La Silla Paranal APEX,Non-solar,55287.36384598,2010-04-01T08:43:56.293,80.0,"[gte:994.02, lte:2478.96]",11424.0,,["084.C-0952"],"["OUDMAIJER, R.D."]","ESO, PHASE3",XSHOOTER,HD-142527,,2014-05-15T00:00:00.000,POSITION J2000 239.174445 -42.32252,239.174445,-42.32252,ADP.2014-05-15T14:51:45.250,1,2011-04-09T13:12:29.723,438248,1347,,128.5,335.655267,8.480855,,,,,,2,2010-04-01T08:49:36.353,55287.36778186,80.0,HD-142527_387822_2010-04-01T08:43:56.293_S0.4x11_NIR_NOD,ESO-VLT-U2,"ECHELLE,SLIT,NODDING",["387822"],IDP,XS_SFLX_387822_2010-04-01T08:43:56.293_S0.4x11_NIR_NOD.fits,,,true
http://archive.eso.org/datalink/links?ID=ivo://eso.org/ID?ADP.2014-05-15T14:51:44.863,,SPECTRUM,SPECTRUM (FLUX CALIBRATED),XSHOOTER,La Silla Paranal APEX,Non-solar,55287.36380802,2010-04-01T08:43:53.013,40.0,"[gte:533.66, lte:1020.0]",18340.0,,["084.C-0952"],"["OUDMAIJER, R.D."]","ESO, PHASE3",XSHOOTER,HD-142527,,2014-05-15T00:00:00.000,POSITION J2000 239.174445 -42.32252,239.174445,-42.32252,ADP.2014-05-15T14:51:44.863,1,2011-04-09T13:12:29.783,438228,1319,,299.5,335.655267,8.480855,,,,,,2,2010-04-01T08:50:07.837,55287.36814624,40.0,HD-142527_387822_2010-04-01T08:43:53.013_S0.4x11_1x1_VIS_NOD,ESO-VLT-U2,"ECHELLE,SLIT,NODDING",["387822"],IDP,XS_SFLX_387822_2010-04-01T08:43:53.013_S0.4x11_1x1_VIS_NOD.fits,,,true
http://archive.eso.org/datalink/links?ID=ivo://eso.org/ID?ADP.2014-05-15T14:51:45.343,,SPECTRUM,SPECTRUM (FLUX CALIBRATED),XSHOOTER,La Silla Paranal APEX,Non-solar,55287.36374817,2010-04-01T08:43:47.843,40.0,"[gte:298.92, lte:555.98]",9861.0,,["084.C-0952"],"["OUDMAIJER, R.D."]","ESO, PHASE3",XSHOOTER,HD-142527,,2014-05-15T00:00:00.000,POSITION J2000 239.174445 -42.32252,239.174445,-42.32252,ADP.2014-05-15T14:51:45.343,1,2011-04-09T13:12:29.750,438236,722,,236.9,335.655267,8.480855,,,,,,2,2010-04-01T08:50:01.633,55287.36807447,40.0,HD-142527_387822_2010-04-01T08:43:47.842_S0.5x11_1x1_UVB_NOD,ESO-VLT-U2,"ECHELLE,SLIT,NODDING",["387822"],IDP,XS_SFLX_387822_2010-04-01T08:43:47.842_S0.5x11_1x1_UVB_NOD.fits,,,true
http://archive.eso.org/datalink/links?ID=ivo://eso.org/ID?ADP.2014-05-15T14:51:45.443,,SPECTRUM,SPECTRUM (FLUX CALIBRATED),XSHOOTER,La Silla Paranal APEX,Non-solar,55287.36317556,2010-04-01T08:42:58.367,1.0,"[gte:994.02, lte:2478.96]",11424.0,,["084.C-0952"],"["OUDMAIJER, R.D."]","ESO, PHASE3",XSHOOTER,HD-142527,,2014-05-15T00:00:00.000,POSITION J2000 239.174057 -42.32307,239.174057,-42.32307,ADP.2014-05-15T14:51:45.443,1,2011-04-09T13:12:28.890,438242,1350,,58.9,335.654685,8.480624,,,,,,2,2010-04-01T08:42:59.367,55287.36318713,1.0,HD-142527_387822_2010-04-01T08:42:58.368_S0.4x11_NIR_STA,ESO-VLT-U2,"ECHELLE,SLIT,STARE",["387822"],IDP,XS_SFLX_387822_2010-04-01T08:42:58.368_S0.4x11_NIR_STA.fits,,,true
http://archive.eso.org/datalink/links?ID=ivo://eso.org/ID?ADP.2014-05-15T14:51:44.990,,SPECTRUM,SPECTRUM (FLUX CALIBRATED),XSHOOTER,La Silla Paranal APEX,Non-solar,55287.36314269,2010-04-01T08:42:55.527,1.0,"[gte:533.66, lte:1020.0]",18340.0,,["084.C-0952"],"["OUDMAIJER, R.D."]","ESO, PHASE3",XSHOOTER,HD-142527,,2014-05-15T00:00:00.000,POSITION J2000 239.174057 -42.32307,239.174057,-42.32307,ADP.2014-05-15T14:51:44.990,1,2011-04-09T13:12:28.867,438245,1321,,44.6,335.654685,8.480624,,,,,,2,2010-04-01T08:42:56.527,55287.36315426,1.0,HD-142527_387822_2010-04-01T08:42:55.528_S0.4x11_1x1_VIS_STA,ESO-VLT-U2,"ECHELLE,SLIT,STARE",["387822"],IDP,XS_SFLX_387822_2010-04-01T08:42:55.528_S0.4x11_1x1_VIS_STA.fits,,,truehttp://archive.eso.org/datalink/links?ID=ivo://eso.org/ID?ADP.2014-05-15T14:28:21.700,,SPECTRUM,SPECTRUM (FLUX CALIBRATED),XSHOOTER,La Silla Paranal APEX,Non-solar,55267.39759615,2010-03-12T09:32:32.307,160.0,"[gte:994.02, lte:2478.96]",11424.0,,["084.C-0952"],"["OUDMAIJER, R.D."]","ESO, PHASE3",XSHOOTER,HD-144432,,2014-05-15T00:00:00.000,POSITION J2000 241.740899 -27.71873,241.740899,-27.71873,ADP.2014-05-15T14:28:21.700,1,2011-04-09T13:13:41.347,437669,1347,,95.8,347.399305,17.819265,,,,,,2,2010-03-12T09:41:42.160,55267.40396019,160.0,HD-144432_387938_2010-03-12T09:32:32.307_S0.4x11_NIR_NOD,ESO-VLT-U2,"ECHELLE,SLIT,NODDING",["387938"],IDP,XS_SFLX_387938_2010-03-12T09:32:32.307_S0.4x11_NIR_NOD.fits,,,true
http://archive.eso.org/datalink/links?ID=ivo://eso.org/ID?ADP.2014-05-15T14:28:21.687,,SPECTRUM,SPECTRUM (FLUX CALIBRATED),XSHOOTER,La Silla Paranal APEX,Non-solar,55267.39755997,2010-03-12T09:32:29.180,180.0,"[gte:533.66, lte:1020.0]",18340.0,,["084.C-0952"],"["OUDMAIJER, R.D."]","ESO, PHASE3",XSHOOTER,HD-144432,,2014-05-15T00:00:00.000,POSITION J2000 241.740899 -27.71873,241.740899,-27.71873,ADP.2014-05-15T14:28:21.687,1,2011-04-09T13:13:41.590,437665,1321,,356.6,347.399304,17.819264,,,,,,2,2010-03-12T09:43:03.023,55267.40489611,180.0,HD-144432_387938_2010-03-12T09:32:29.181_S0.4x11_1x1_VIS_NOD,ESO-VLT-U2,"ECHELLE,SLIT,NODDING",["387938"],IDP,XS_SFLX_387938_2010-03-12T09:32:29.181_S0.4x11_1x1_VIS_NOD.fits,,,true
http://archive.eso.org/datalink/links?ID=ivo://eso.org/ID?ADP.2014-05-15T14:28:22.693,,SPECTRUM,SPECTRUM (FLUX CALIBRATED),XSHOOTER,La Silla Paranal APEX,Non-solar,55267.39749967,2010-03-12T09:32:23.970,120.0,"[gte:298.92, lte:555.98]",9861.0,,["084.C-0952"],"["OUDMAIJER, R.D."]","ESO, PHASE3",XSHOOTER,HD-144432,,2014-05-15T00:00:00.000,POSITION J2000 241.740899 -27.71873,241.740899,-27.71873,ADP.2014-05-15T14:28:22.693,1,2011-04-09T13:13:41.567,437660,725,,321.3,347.399304,17.819264,,,,,,2,2010-03-12T09:42:51.843,55267.4047667,120.0,HD-144432_387938_2010-03-12T09:32:23.971_S0.5x11_1x1_UVB_NOD,ESO-VLT-U2,"ECHELLE,SLIT,NODDING",["387938"],IDP,XS_SFLX_387938_2010-03-12T09:32:23.971_S0.5x11_1x1_UVB_NOD.fits,,,true
http://archive.eso.org/datalink/links?ID=ivo://eso.org/ID?ADP.2014-05-15T14:28:22.440,,SPECTRUM,SPECTRUM (FLUX CALIBRATED),XSHOOTER,La Silla Paranal APEX,Non-solar,55267.3969222,2010-03-12T09:31:34.077,1.0,"[gte:994.02, lte:2478.96]",11424.0,,["084.C-0952"],"["OUDMAIJER, R.D."]","ESO, PHASE3",XSHOOTER,HD-144432,,2014-05-15T00:00:00.000,POSITION J2000 241.741085 -27.71955,241.741085,-27.71955,ADP.2014-05-15T14:28:22.440,1,2011-04-09T13:13:40.307,437663,1350,,34.6,347.398821,17.818567,,,,,,2,2010-03-12T09:31:35.077,55267.39693377,1.0,HD-144432_387938_2010-03-12T09:31:34.078_S0.4x11_NIR_STA,ESO-VLT-U2,"ECHELLE,SLIT,STARE",["387938"],IDP,XS_SFLX_387938_2010-03-12T09:31:34.078_S0.4x11_NIR_STA.fits,,,true
http://archive.eso.org/datalink/links?ID=ivo://eso.org/ID?ADP.2014-05-15T14:28:22.080,,SPECTRUM,SPECTRUM (FLUX CALIBRATED),XSHOOTER,La Silla Paranal APEX,Non-solar,55267.39688562,2010-03-12T09:31:30.917,1.0,"[gte:533.66, lte:1020.0]",18340.0,,["084.C-0952"],"["OUDMAIJER, R.D."]","ESO, PHASE3",XSHOOTER,HD-144432,,2014-05-15T00:00:00.000,POSITION J2000 241.741085 -27.71955,241.741085,-27.71955,ADP.2014-05-15T14:28:22.080,1,2011-04-09T13:13:40.280,437672,1321,,37.2,347.39882,17.818566,,,,,,2,2010-03-12T09:31:31.917,55267.39689719,1.0,HD-144432_387938_2010-03-12T09:31:30.918_S0.4x11_1x1_VIS_STA,ESO-VLT-U2,"ECHELLE,SLIT,STARE",["387938"],IDP,XS_SFLX_387938_2010-03-12T09:31:30.918_S0.4x11_1x1_VIS_STA.fits,,,truehttp://archive.eso.org/datalink/links?ID=ivo://eso.org/ID?ADP.2014-05-15T14:48:24.017,,SPECTRUM,SPECTRUM (FLUX CALIBRATED),XSHOOTER,La Silla Paranal APEX,Non-solar,55285.21255752,2010-03-30T05:06:04.970,120.0,"[gte:994.02, lte:2478.96]",11424.0,,["084.C-0952"],"["OUDMAIJER, R.D."]","ESO, PHASE3",XSHOOTER,HD-144668,,2014-05-15T00:00:00.000,POSITION J2000 242.14207 -39.10541,242.14207,-39.10541,ADP.2014-05-15T14:48:24.017,1,2011-04-09T13:13:39.833,438155,1347,,129.1,339.523843,9.375169,,,,,,2,2010-03-30T05:14:42.590,55285.21854851,120.0,HD-144668_387936_2010-03-30T05:06:04.970_S0.4x11_NIR_NOD,ESO-VLT-U2,"ECHELLE,SLIT,NODDING",["387936"],IDP,XS_SFLX_387936_2010-03-30T05:06:04.970_S0.4x11_NIR_NOD.fits,,,true
http://archive.eso.org/datalink/links?ID=ivo://eso.org/ID?ADP.2014-05-15T14:48:24.057,,SPECTRUM,SPECTRUM (FLUX CALIBRATED),XSHOOTER,La Silla Paranal APEX,Non-solar,55285.21252285,2010-03-30T05:06:01.973,36.0,"[gte:533.66, lte:1020.0]",18340.0,,["084.C-0952"],"["OUDMAIJER, R.D."]","ESO, PHASE3",XSHOOTER,HD-144668,,2014-05-15T00:00:00.000,POSITION J2000 242.14207 -39.10541,242.14207,-39.10541,ADP.2014-05-15T14:48:24.057,1,2011-04-09T13:13:40.060,438166,1321,,167.7,339.523843,9.375168,,,,,,2,2010-03-30T05:15:12.433,55285.21889389,36.0,HD-144668_387936_2010-03-30T05:06:01.974_S0.4x11_1x1_VIS_NOD,ESO-VLT-U2,"ECHELLE,SLIT,NODDING",["387936"],IDP,XS_SFLX_387936_2010-03-30T05:06:01.974_S0.4x11_1x1_VIS_NOD.fits,,,true
http://archive.eso.org/datalink/links?ID=ivo://eso.org/ID?ADP.2014-05-15T14:48:23.730,,SPECTRUM,SPECTRUM (FLUX CALIBRATED),XSHOOTER,La Silla Paranal APEX,Non-solar,55285.21246312,2010-03-30T05:05:56.813,36.0,"[gte:298.92, lte:555.98]",9861.0,,["084.C-0952"],"["OUDMAIJER, R.D."]","ESO, PHASE3",XSHOOTER,HD-144668,,2014-05-15T00:00:00.000,POSITION J2000 242.14207 -39.10541,242.14207,-39.10541,ADP.2014-05-15T14:48:23.730,1,2011-04-09T13:13:40.037,438150,725,,171.8,339.523843,9.375168,,,,,,2,2010-03-30T05:15:06.210,55285.21882188,36.0,HD-144668_387936_2010-03-30T05:05:56.814_S0.5x11_1x1_UVB_NOD,ESO-VLT-U2,"ECHELLE,SLIT,NODDING",["387936"],IDP,XS_SFLX_387936_2010-03-30T05:05:56.814_S0.5x11_1x1_UVB_NOD.fits,,,true
http://archive.eso.org/datalink/links?ID=ivo://eso.org/ID?ADP.2014-05-15T14:48:23.857,,SPECTRUM,SPECTRUM (FLUX CALIBRATED),XSHOOTER,La Silla Paranal APEX,Non-solar,55285.21187758,2010-03-30T05:05:06.223,1.0,"[gte:994.02, lte:2478.96]",11424.0,,["084.C-0952"],"["OUDMAIJER, R.D."]","ESO, PHASE3",XSHOOTER,HD-144668,,2014-05-15T00:00:00.000,POSITION J2000 242.142972 -39.10546,242.142972,-39.10546,ADP.2014-05-15T14:48:23.857,1,2011-04-09T13:13:38.667,438141,1350,,72.2,339.524326,9.374654,,,,,,2,2010-03-30T05:05:07.223,55285.21188915,1.0,HD-144668_387936_2010-03-30T05:05:06.223_S0.4x11_NIR_STA,ESO-VLT-U2,"ECHELLE,SLIT,STARE",["387936"],IDP,XS_SFLX_387936_2010-03-30T05:05:06.223_S0.4x11_NIR_STA.fits,,,true
http://archive.eso.org/datalink/links?ID=ivo://eso.org/ID?ADP.2014-05-15T14:48:23.783,,SPECTRUM,SPECTRUM (FLUX CALIBRATED),XSHOOTER,La Silla Paranal APEX,Non-solar,55285.21184467,2010-03-30T05:05:03.380,1.0,"[gte:533.66, lte:1020.0]",18340.0,,["084.C-0952"],"["OUDMAIJER, R.D."]","ESO, PHASE3",XSHOOTER,HD-144668,,2014-05-15T00:00:00.000,POSITION J2000 242.142972 -39.10546,242.142972,-39.10546,ADP.2014-05-15T14:48:23.783,1,2011-04-09T13:13:38.643,438165,1321,,38.5,339.524326,9.374653,,,,,,2,2010-03-30T05:05:04.380,55285.21185624,1.0,HD-144668_387936_2010-03-30T05:05:03.379_S0.4x11_1x1_VIS_STA,ESO-VLT-U2,"ECHELLE,SLIT,STARE",["387936"],IDP,XS_SFLX_387936_2010-03-30T05:05:03.379_S0.4x11_1x1_VIS_STA.fits,,,true
http://archive.eso.org/datalink/links?ID=ivo://eso.org/ID?ADP.2014-05-15T14:48:23.650,,SPECTRUM,SPECTRUM (FLUX CALIBRATED),XSHOOTER,La Silla Paranal APEX,Non-solar,55285.21178471,2010-03-30T05:04:58.200,1.0,"[gte:298.92, lte:555.98]",9861.0,,["084.C-0952"],"["OUDMAIJER, R.D."]","ESO, PHASE3",XSHOOTER,HD-144668,,2014-05-15T00:00:00.000,POSITION J2000 242.142972 -39.10546,242.142972,-39.10546,ADP.2014-05-15T14:48:23.650,1,2011-04-09T13:13:38.620,438167,725,,42.7,339.524326,9.374653,,,,,,2,2010-03-30T05:04:59.200,55285.21179628,1.0,HD-144668_387936_2010-03-30T05:04:58.199_S0.5x11_1x1_UVB_STA,ESO-VLT-U2,"ECHELLE,SLIT,STARE",["387936"],IDP,XS_SFLX_387936_2010-03-30T05:04:58.199_S0.5x11_1x1_UVB_STA.fits,,,true
http://archive.eso.org/datalink/links?ID=ivo://eso.org/ID?ADP.2022-05-04T10:32:57.397,,SPECTRUM,SPECTRUM (FLUX CALIBRATED),XSHOOTER,La Silla Paranal APEX,Non-solar,59700.36162913,2022-05-01T08:40:44.757,1000.0,"[gte:994.02, lte:2478.96]",11424.0,,["106.20Z8"],"["MANARA, CARLO FELICE"]","ESO, PHASE3",XSHOOTER,Sz103,,2022-05-04T10:52:16.000,POSITION J2000 242.126862 -39.1024,242.126862,-39.1024,ADP.2022-05-04T10:32:57.397,1,2022-05-01T09:11:07.000,15643449,1362,,147.6,339.517199,9.385433,,,,,,2,2022-05-01T09:01:40.793,59700.37616659,1000.0,Sz103_3330224_2022-05-01T08:40:44.757_S0.4x11_NIR_NOD,ESO-VLT-U3,"ECHELLE,SLIT,NODDING",["3330224"],IDP,XS_SFLX_3330224_2022-05-01T08:40:44.757_S0.4x11_NIR_NOD.fits,,,true
http://archive.eso.org/datalink/links?ID=ivo://eso.org/ID?ADP.2022-05-04T10:32:57.405,,SPECTRUM,SPECTRUM (FLUX CALIBRATED),XSHOOTER,La Silla Paranal APEX,Non-solar,59700.36159511,2022-05-01T08:40:41.817,640.0,"[gte:533.66, lte:1020.0]",18340.0,,["106.20Z8"],"["MANARA, CARLO FELICE"]","ESO, PHASE3",XSHOOTER,Sz103,,2022-05-04T10:52:16.000,POSITION J2000 242.126862 -39.1024,242.126862,-39.1024,ADP.2022-05-04T10:32:57.405,1,2022-05-01T09:11:07.000,15643451,1333,,47.6,339.517199,9.385433,,,,,,2,2022-05-01T09:00:07.590,59700.37508786,640.0,Sz103_3330224_2022-05-01T08:40:41.818_S0.4x11_1x1_VIS_NOD,ESO-VLT-U3,"ECHELLE,SLIT,NODDING",["3330224"],IDP,XS_SFLX_3330224_2022-05-01T08:40:41.818_S0.4x11_1x1_VIS_NOD.fits,,,true
http://archive.eso.org/datalink/links?ID=ivo://eso.org/ID?ADP.2022-05-04T10:32:57.423,,SPECTRUM,SPECTRUM (FLUX CALIBRATED),XSHOOTER,La Silla Paranal APEX,Non-solar,59700.36153538,2022-05-01T08:40:36.657,1000.0,"[gte:298.92, lte:555.98]",5453.0,,["106.20Z8"],"["MANARA, CARLO FELICE"]","ESO, PHASE3",XSHOOTER,Sz103,,2022-05-04T10:52:16.000,POSITION J2000 242.126862 -39.1024,242.126862,-39.1024,ADP.2022-05-04T10:32:57.423,1,2022-05-01T09:11:07.000,15643455,737,,11.2,339.517199,9.385433,,,,,,2,2022-05-01T09:01:32.360,59700.37606899,1000.0,Sz103_3330224_2022-05-01T08:40:36.657_S1.0x11_1x1_UVB_NOD,ESO-VLT-U3,"ECHELLE,SLIT,NODDING",["3330224"],IDP,XS_SFLX_3330224_2022-05-01T08:40:36.657_S1.0x11_1x1_UVB_NOD.fits,,,true
http://archive.eso.org/datalink/links?ID=ivo://eso.org/ID?ADP.2023-10-24T10:19:14.165,,SPECTRUM,SPECTRUM (FLUX CALIBRATED),XSHOOTER,La Silla Paranal APEX,Non-solar,59700.36162913,2022-05-01T08:40:44.757,1000.0,"[gte:994.02, lte:2478.96]",11600.0,,["106.20Z8"],"["MANARA, CARLO FELICE"]","MANARA, CARLO FELICE",PENELLOPE,Sz103,,2023-10-25T11:43:45.000,POSITION J2000 242.126083 -39.103208,242.126083,-39.103208,ADP.2023-10-24T10:19:14.165,1,2023-10-25T11:38:38.000,15914159,463,,3511.8,339.516134,9.385311,,,,,,2,2022-05-01T09:01:40.793,59700.37616659,1000.0,PENELLOPE_Sz103_NIR,ESO-VLT-U3,"ECHELLE,SLIT,NODDING",["3330224"],EDP,flux_Sz103_nir_tell_P3.fits,,DR1,true
http://archive.eso.org/datalink/links?ID=ivo://eso.org/ID?ADP.2023-10-24T10:19:14.142,,SPECTRUM,SPECTRUM (FLUX CALIBRATED),XSHOOTER,La Silla Paranal APEX,Non-solar,59700.36159511,2022-05-01T08:40:41.817,640.0,"[gte:533.66, lte:1020.0]",18400.0,,["106.20Z8"],"["MANARA, CARLO FELICE"]","MANARA, CARLO FELICE",PENELLOPE,Sz103,,2023-10-25T11:43:45.000,POSITION J2000 242.126083 -39.103208,242.126083,-39.103208,ADP.2023-10-24T10:19:14.142,1,2023-10-25T11:43:42.000,15914136,446,,1107.1,339.516134,9.385311,,,,,,2,2022-05-01T09:00:07.590,59700.37508786,640.0,PENELLOPE_Sz103_VIS,ESO-VLT-U3,"ECHELLE,SLIT,NODDING",["3330224"],EDP,flux_Sz103_vis_tell_P3.fits,,DR1,true
http://archive.eso.org/datalink/links?ID=ivo://eso.org/ID?ADP.2023-10-24T10:19:14.120,,SPECTRUM,SPECTRUM (FLUX CALIBRATED),XSHOOTER,La Silla Paranal APEX,Non-solar,59700.36153538,2022-05-01T08:40:36.657,1000.0,"[gte:298.92, lte:590.0]",5400.0,,["106.20Z8"],"["MANARA, CARLO FELICE"]","MANARA, CARLO FELICE",PENELLOPE,Sz103,,2023-10-25T11:43:45.000,POSITION J2000 242.126083 -39.103208,242.126083,-39.103208,ADP.2023-10-24T10:19:14.120,1,2023-10-25T11:43:42.000,15914114,288,,92.6,339.516134,9.385311,,,,,,2,2022-05-01T09:01:32.360,59700.37606899,1000.0,PENELLOPE_Sz103_UVB,ESO-VLT-U3,"ECHELLE,SLIT,NODDING",["3330224"],EDP,flux_Sz103_uvb_P3.fits,,DR1,true
http://archive.eso.org/datalink/links?ID=ivo://eso.org/ID?ADP.2022-05-04T10:32:57.505,,SPECTRUM,SPECTRUM (FLUX CALIBRATED),XSHOOTER,La Silla Paranal APEX,Non-solar,59700.35987581,2022-05-01T08:38:13.270,90.0,"[gte:994.02, lte:2478.96]",1029.0,,["106.20Z8"],"["MANARA, CARLO FELICE"]","ESO, PHASE3",XSHOOTER,Sz103,,2022-05-04T10:52:16.000,POSITION J2000 242.126003 -39.10259,242.126003,-39.10259,ADP.2022-05-04T10:32:57.505,1,2022-05-01T08:45:31.000,15643474,1368,,31.5,339.516574,9.38575,,,,,,2,2022-05-01T08:39:43.270,59700.36091748,90.0,Sz103_3330224_2022-05-01T08:38:13.270_S5.0x11_NIR_STA,ESO-VLT-U3,"ECHELLE,SLIT,STARE",["3330224"],IDP,XS_SFLX_3330224_2022-05-01T08:38:13.270_S5.0x11_NIR_STA.fits,,,true
http://archive.eso.org/datalink/links?ID=ivo://eso.org/ID?ADP.2022-05-04T10:32:57.492,,SPECTRUM,SPECTRUM (FLUX CALIBRATED),XSHOOTER,La Silla Paranal APEX,Non-solar,59700.35983767,2022-05-01T08:38:09.977,70.0,"[gte:533.66, lte:1020.0]",1512.0,,["106.20Z8"],"["MANARA, CARLO FELICE"]","ESO, PHASE3",XSHOOTER,Sz103,,2022-05-04T10:52:16.000,POSITION J2000 242.126003 -39.10259,242.126003,-39.10259,ADP.2022-05-04T10:32:57.492,1,2022-05-01T08:45:31.000,15643471,1339,,21.2,339.516574,9.38575,,,,,,2,2022-05-01T08:39:19.977,59700.36064786,70.0,Sz103_3330224_2022-05-01T08:38:09.975_S5.0x11_1x1_VIS_STA,ESO-VLT-U3,"ECHELLE,SLIT,STARE",["3330224"],IDP,XS_SFLX_3330224_2022-05-01T08:38:09.975_S5.0x11_1x1_VIS_STA.fits,,,true
http://archive.eso.org/datalink/links?ID=ivo://eso.org/ID?ADP.2022-05-04T10:32:57.401,,SPECTRUM,SPECTRUM (FLUX CALIBRATED),XSHOOTER,La Silla Paranal APEX,Non-solar,59700.35977702,2022-05-01T08:38:04.737,90.0,"[gte:298.92, lte:555.98]",1040.0,,["106.20Z8"],"["MANARA, CARLO FELICE"]","ESO, PHASE3",XSHOOTER,Sz103,,2022-05-04T10:52:16.000,POSITION J2000 242.126003 -39.10259,242.126003,-39.10259,ADP.2022-05-04T10:32:57.401,1,2022-05-01T08:45:31.000,15643450,740,,2.7,339.516574,9.38575,,,,,,2,2022-05-01T08:39:34.737,59700.36081869,90.0,Sz103_3330224_2022-05-01T08:38:04.735_S5.0x11_1x1_UVB_STA,ESO-VLT-U3,"ECHELLE,SLIT,STARE",["3330224"],IDP,XS_SFLX_3330224_2022-05-01T08:38:04.735_S5.0x11_1x1_UVB_STA.fits,,,true
http://archive.eso.org/datalink/links?ID=ivo://eso.org/ID?ADP.2014-05-16T21:35:25.543,,SPECTRUM,SPECTRUM (FLUX CALIBRATED),XSHOOTER,La Silla Paranal APEX,Non-solar,55674.15421453,2011-04-23T03:42:04.137,600.0,"[gte:994.02, lte:2478.96]",5573.0,,["087.C-0244"],"["ALCALA, JUAN  MANUEL"]","ESO, PHASE3",XSHOOTER,Sz103,,2014-05-16T00:00:00.000,POSITION J2000 242.125388 -39.10345,242.125388,-39.10345,ADP.2014-05-16T21:35:25.543,1,2012-04-23T03:49:55.890,450743,1347,,268.2,339.515625,9.385449,,,,,,2,2011-04-23T03:54:55.890,55674.16314689,600.0,Sz103_200214469_2011-04-23T03:42:04.135_S0.9x11_NIR_NOD,ESO-VLT-U2,"ECHELLE,SLIT,NODDING",["200214469"],IDP,XS_SFLX_200214469_2011-04-23T03:42:04.135_S0.9x11_NIR_NOD.fits,,,true
http://archive.eso.org/datalink/links?ID=ivo://eso.org/ID?ADP.2014-05-16T21:35:25.817,,SPECTRUM,SPECTRUM (FLUX CALIBRATED),XSHOOTER,La Silla Paranal APEX,Non-solar,55674.15417708,2011-04-23T03:42:00.900,600.0,"[gte:533.66, lte:1020.0]",8935.0,,["087.C-0244"],"["ALCALA, JUAN  MANUEL"]","ESO, PHASE3",XSHOOTER,Sz103,,2014-05-16T00:00:00.000,POSITION J2000 242.125388 -39.10345,242.125388,-39.10345,ADP.2014-05-16T21:35:25.817,1,2012-04-23T03:49:52.940,450726,1319,,95.7,339.515625,9.385449,,,,,,2,2011-04-23T03:54:52.940,55674.16311272,600.0,Sz103_200214469_2011-04-23T03:42:00.901_S0.9x11_1x1_VIS_NOD,ESO-VLT-U2,"ECHELLE,SLIT,NODDING",["200214469"],IDP,XS_SFLX_200214469_2011-04-23T03:42:00.901_S0.9x11_1x1_VIS_NOD.fits,,,true
http://archive.eso.org/datalink/links?ID=ivo://eso.org/ID?ADP.2014-05-16T21:35:25.583,,SPECTRUM,SPECTRUM (FLUX CALIBRATED),XSHOOTER,La Silla Paranal APEX,Non-solar,55674.15411712,2011-04-23T03:41:55.720,600.0,"[gte:298.92, lte:555.98]",5453.0,,["087.C-0244"],"["ALCALA, JUAN MANUEL"]","ESO, PHASE3",XSHOOTER,Sz103,,2014-05-16T00:00:00.000,POSITION J2000 242.125388 -39.10345,242.125388,-39.10345,ADP.2014-05-16T21:35:25.583,1,2012-04-23T03:49:47.727,450737,722,,16.5,339.515625,9.385448,,,,,,2,2011-04-23T03:54:47.730,55674.16305241,600.0,Sz103_200214469_2011-04-23T03:41:55.720_S1.0x11_1x1_UVB_NOD,ESO-VLT-U2,"ECHELLE,SLIT,NODDING",["200214469"],IDP,XS_SFLX_200214469_2011-04-23T03:41:55.720_S1.0x11_1x1_UVB_NOD.fits,,,true
http://archive.eso.org/datalink/links?ID=ivo://eso.org/ID?ADP.2023-10-24T10:19:14.157,,SPECTRUM,SPECTRUM (FLUX CALIBRATED),XSHOOTER,La Silla Paranal APEX,Non-solar,59754.10733901,2022-06-24T02:34:34.090,1600.0,"[gte:994.02, lte:2478.96]",11600.0,,["106.20Z8"],"["MANARA, CARLO FELICE"]","MANARA, CARLO FELICE",PENELLOPE,Sz104,,2023-10-25T11:43:45.000,POSITION J2000 242.128333 -39.097008,242.128333,-39.097008,ADP.2023-10-24T10:19:14.157,1,2023-10-25T11:38:38.000,15914151,483,,3344.9,339.521722,9.388642,,,,,,2,2022-06-24T03:03:00.387,59754.12708781,1600.0,PENELLOPE_Sz104_NIR,ESO-VLT-U3,"ECHELLE,SLIT,NODDING",["3330199"],EDP,flux_Sz104_nir_tell_P3.fits,,DR1,true
http://archive.eso.org/datalink/links?ID=ivo://eso.org/ID?ADP.2023-10-24T10:19:14.177,,SPECTRUM,SPECTRUM (FLUX CALIBRATED),XSHOOTER,La Silla Paranal APEX,Non-solar,59754.10730546,2022-06-24T02:34:31.193,1040.0,"[gte:533.66, lte:1020.0]",18400.0,,["106.20Z8"],"["MANARA, CARLO FELICE"]","MANARA, CARLO FELICE",PENELLOPE,Sz104,,2023-10-25T11:43:45.000,POSITION J2000 242.128333 -39.097008,242.128333,-39.097008,ADP.2023-10-24T10:19:14.177,1,2023-10-25T11:43:42.000,15914171,469,,2135.4,339.521722,9.388642,,,,,,2,2022-06-24T03:00:37.607,59754.12543525,1040.0,PENELLOPE_Sz104_VIS,ESO-VLT-U3,"ECHELLE,SLIT,NODDING",["3330199"],EDP,flux_Sz104_vis_tell_P3.fits,,DR1,true
http://archive.eso.org/datalink/links?ID=ivo://eso.org/ID?ADP.2023-10-24T10:19:14.175,,SPECTRUM,SPECTRUM (FLUX CALIBRATED),XSHOOTER,La Silla Paranal APEX,Non-solar,59754.10724515,2022-06-24T02:34:25.980,1400.0,"[gte:298.92, lte:555.98]",5400.0,,["106.20Z8"],"["MANARA, CARLO FELICE"]","MANARA, CARLO FELICE",PENELLOPE,Sz104,,2023-10-25T11:43:45.000,POSITION J2000 242.128333 -39.097008,242.128333,-39.097008,ADP.2023-10-24T10:19:14.175,1,2023-10-25T11:38:38.000,15914169,262,,177.7,339.521722,9.388642,,,,,,2,2022-06-24T03:02:02.377,59754.1264164,1400.0,PENELLOPE_Sz104_UVB,ESO-VLT-U3,"ECHELLE,SLIT,NODDING",["3330199"],EDP,flux_Sz104_uvb_P3.fits,,DR1,true
http://archive.eso.org/datalink/links?ID=ivo://eso.org/ID?ADP.2022-07-05T07:37:02.254,,SPECTRUM,SPECTRUM (FLUX CALIBRATED),XSHOOTER,La Silla Paranal APEX,Non-solar,59754.10543318,2022-06-24T02:31:49.427,100.0,"[gte:994.02, lte:2478.96]",1029.0,,["106.20Z8"],"["MANARA, CARLO FELICE"]","ESO, PHASE3",XSHOOTER,THA 15-30,,2022-07-05T07:49:18.000,POSITION J2000 242.128081 -39.09681,242.128081,-39.09681,ADP.2022-07-05T07:37:02.254,1,2022-06-24T02:40:41.000,15684225,1368,,31.3,339.521714,9.388921,,,,,,2,2022-06-24T02:33:29.427,59754.10659059,100.0,THA15-30_3330199_2022-06-24T02:31:49.427_S5.0x11_NIR_STA,ESO-VLT-U3,"ECHELLE,SLIT,STARE",["3330199"],IDP,XS_SFLX_3330199_2022-06-24T02:31:49.427_S5.0x11_NIR_STA.fits,,,true
http://archive.eso.org/datalink/links?ID=ivo://eso.org/ID?ADP.2022-07-05T07:37:02.285,,SPECTRUM,SPECTRUM (FLUX CALIBRATED),XSHOOTER,La Silla Paranal APEX,Non-solar,59754.10540253,2022-06-24T02:31:46.780,80.0,"[gte:533.66, lte:1020.0]",1512.0,,["106.20Z8"],"["MANARA, CARLO FELICE"]","ESO, PHASE3",XSHOOTER,THA 15-30,,2022-07-05T07:49:18.000,POSITION J2000 242.128081 -39.09681,242.128081,-39.09681,ADP.2022-07-05T07:37:02.285,1,2022-06-24T02:40:41.000,15684232,1339,,18.5,339.521714,9.388921,,,,,,2,2022-06-24T02:33:06.780,59754.10632846,80.0,THA15-30_3330199_2022-06-24T02:31:46.779_S5.0x11_1x1_VIS_STA,ESO-VLT-U3,"ECHELLE,SLIT,STARE",["3330199"],IDP,XS_SFLX_3330199_2022-06-24T02:31:46.779_S5.0x11_1x1_VIS_STA.fits,,,true
http://archive.eso.org/datalink/links?ID=ivo://eso.org/ID?ADP.2022-07-05T07:37:01.896,,SPECTRUM,SPECTRUM (FLUX CALIBRATED),XSHOOTER,La Silla Paranal APEX,Non-solar,59754.10534211,2022-06-24T02:31:41.557,90.0,"[gte:298.92, lte:555.98]",1040.0,,["106.20Z8"],"["MANARA, CARLO FELICE"]","ESO, PHASE3",XSHOOTER,THA 15-30,,2022-07-05T07:49:18.000,POSITION J2000 242.128081 -39.09681,242.128081,-39.09681,ADP.2022-07-05T07:37:01.896,1,2022-06-24T02:40:41.000,15684142,740,,2.2,339.521714,9.388921,,,,,,2,2022-06-24T02:33:11.557,59754.10638378,90.0,THA15-30_3330199_2022-06-24T02:31:41.558_S5.0x11_1x1_UVB_STA,ESO-VLT-U3,"ECHELLE,SLIT,STARE",["3330199"],IDP,XS_SFLX_3330199_2022-06-24T02:31:41.558_S5.0x11_1x1_UVB_STA.fits,,,true
http://archive.eso.org/datalink/links?ID=ivo://eso.org/ID?ADP.2014-05-15T15:05:26.293,,SPECTRUM,SPECTRUM (FLUX CALIBRATED),XSHOOTER,La Silla Paranal APEX,Non-solar,55292.25496269,2010-04-06T06:07:08.777,600.0,"[gte:994.02, lte:2478.96]",5573.0,,["085.C-0238"],"["ALCALA, JUAN  MANUEL"]","ESO, PHASE3",XSHOOTER,Sz104,,2014-05-15T00:00:00.000,POSITION J2000 242.127467 -39.09697,242.127467,-39.09697,ADP.2014-05-15T15:05:26.293,1,2011-04-06T06:15:01.277,438310,1347,,213.0,339.521309,9.389076,,,,,,2,2010-04-06T06:20:01.277,55292.26390368,600.0,Sz104_200201122_2010-04-06T06:07:08.776_S0.9x11_NIR_NOD,ESO-VLT-U2,"ECHELLE,SLIT,NODDING",["200201122"],IDP,XS_SFLX_200201122_2010-04-06T06:07:08.776_S0.9x11_NIR_NOD.fits,,,true
http://archive.eso.org/datalink/links?ID=ivo://eso.org/ID?ADP.2014-05-15T15:05:25.973,,SPECTRUM,SPECTRUM (FLUX CALIBRATED),XSHOOTER,La Silla Paranal APEX,Non-solar,55292.25493,2010-04-06T06:07:05.953,600.0,"[gte:533.66, lte:1020.0]",8935.0,,["085.C-0238"],"["ALCALA, JUAN  MANUEL"]","ESO, PHASE3",XSHOOTER,Sz104,,2014-05-15T00:00:00.000,POSITION J2000 242.127467 -39.09697,242.127467,-39.09697,ADP.2014-05-15T15:05:25.973,1,2011-04-06T06:14:58.123,438305,1319,,81.5,339.521309,9.389076,,,,,,2,2010-04-06T06:19:58.123,55292.26386717,600.0,Sz104_200201122_2010-04-06T06:07:05.952_S0.9x11_1x1_VIS_NOD,ESO-VLT-U2,"ECHELLE,SLIT,NODDING",["200201122"],IDP,XS_SFLX_200201122_2010-04-06T06:07:05.952_S0.9x11_1x1_VIS_NOD.fits,,,true
http://archive.eso.org/datalink/links?ID=ivo://eso.org/ID?ADP.2014-05-15T15:05:25.667,,SPECTRUM,SPECTRUM (FLUX CALIBRATED),XSHOOTER,La Silla Paranal APEX,Non-solar,55292.25486993,2010-04-06T06:07:00.763,600.0,"[gte:298.92, lte:555.98]",5453.0,,["085.C-0238"],"["ALCALA, JUAN MANUEL"]","ESO, PHASE3",XSHOOTER,Sz104,,2014-05-15T00:00:00.000,POSITION J2000 242.127467 -39.09697,242.127467,-39.09697,ADP.2014-05-15T15:05:25.667,1,2011-04-06T06:14:52.903,438331,722,,10.2,339.521308,9.389075,,,,,,2,2010-04-06T06:19:52.903,55292.26380675,600.0,Sz104_200201122_2010-04-06T06:07:00.762_S1.0x11_1x1_UVB_NOD,ESO-VLT-U2,"ECHELLE,SLIT,NODDING",["200201122"],IDP,XS_SFLX_200201122_2010-04-06T06:07:00.762_S1.0x11_1x1_UVB_NOD.fits,,,true
http://archive.eso.org/datalink/links?ID=ivo://eso.org/ID?ADP.2022-07-05T07:37:02.039,,SPECTRUM,SPECTRUM (FLUX CALIBRATED),XSHOOTER,La Silla Paranal APEX,Non-solar,59754.10733901,2022-06-24T02:34:34.090,1600.0,"[gte:994.02, lte:2478.96]",11424.0,,["106.20Z8"],"["MANARA, CARLO FELICE"]","ESO, PHASE3",XSHOOTER,THA 15-30,,2022-07-05T07:49:18.000,POSITION J2000 242.127873 -39.09613,242.127873,-39.09613,ADP.2022-07-05T07:37:02.039,1,2022-06-24T03:05:47.000,15684175,1362,,61.7,339.522066,9.389527,,,,,,2,2022-06-24T03:03:00.387,59754.12708781,1600.0,THA15-30_3330199_2022-06-24T02:34:34.090_S0.4x11_NIR_NOD,ESO-VLT-U3,"ECHELLE,SLIT,NODDING",["3330199"],IDP,XS_SFLX_3330199_2022-06-24T02:34:34.090_S0.4x11_NIR_NOD.fits,,,true
http://archive.eso.org/datalink/links?ID=ivo://eso.org/ID?ADP.2022-07-05T07:37:01.975,,SPECTRUM,SPECTRUM (FLUX CALIBRATED),XSHOOTER,La Silla Paranal APEX,Non-solar,59754.10730546,2022-06-24T02:34:31.193,1040.0,"[gte:533.66, lte:1020.0]",18340.0,,["106.20Z8"],"["MANARA, CARLO FELICE"]","ESO, PHASE3",XSHOOTER,THA 15-30,,2022-07-05T07:49:18.000,POSITION J2000 242.127873 -39.09613,242.127873,-39.09613,ADP.2022-07-05T07:37:01.975,1,2022-06-24T03:05:47.000,15684160,1333,,39.4,339.522066,9.389527,,,,,,2,2022-06-24T03:00:37.607,59754.12543526,1040.0,THA15-30_3330199_2022-06-24T02:34:31.192_S0.4x11_1x1_VIS_NOD,ESO-VLT-U3,"ECHELLE,SLIT,NODDING",["3330199"],IDP,XS_SFLX_3330199_2022-06-24T02:34:31.192_S0.4x11_1x1_VIS_NOD.fits,,,true
http://archive.eso.org/datalink/links?ID=ivo://eso.org/ID?ADP.2022-07-05T07:37:02.276,,SPECTRUM,SPECTRUM (FLUX CALIBRATED),XSHOOTER,La Silla Paranal APEX,Non-solar,59754.10724515,2022-06-24T02:34:25.980,1400.0,"[gte:298.92, lte:555.98]",5453.0,,["106.20Z8"],"["MANARA, CARLO FELICE"]","ESO, PHASE3",XSHOOTER,THA 15-30,,2022-07-05T07:49:18.000,POSITION J2000 242.127873 -39.09613,242.127873,-39.09613,ADP.2022-07-05T07:37:02.276,1,2022-06-24T03:05:47.000,15684230,737,,9.7,339.522066,9.389527,,,,,,2,2022-06-24T03:02:02.377,59754.12641639,1400.0,THA15-30_3330199_2022-06-24T02:34:25.981_S1.0x11_1x1_UVB_NOD,ESO-VLT-U3,"ECHELLE,SLIT,NODDING",["3330199"],IDP,XS_SFLX_3330199_2022-06-24T02:34:25.981_S1.0x11_1x1_UVB_NOD.fits,,,true
http://archive.eso.org/datalink/links?ID=ivo://eso.org/ID?ADP.2025-05-23T14:33:49.075,,SPECTRUM,SPECTRUM (FLUX CALIBRATED),XSHOOTER,La Silla Paranal APEX,Non-solar,60812.2605124,2025-05-17T06:15:08.270,120.0,"[gte:994.02, lte:2478.96]",1029.0,,["115.28EF"],"["PISCARRETA, LARA"]","ESO, PHASE3",XSHOOTER,Bright11,,2025-05-23T14:39:07.000,POSITION J2000 242.160731 -39.10541,242.160731,-39.10541,ADP.2025-05-23T14:33:49.075,1,2026-05-17T06:25:56.000,16827415,1368,,68.1,339.534495,9.365321,,,,,,2,2025-05-17T06:17:08.270,60812.26190128,120.0,Bright11_4175680_2025-05-17T06:15:08.271_S5.0x11_NIR_STA,ESO-VLT-U3,"ECHELLE,SLIT,STARE",["4175680"],IDP,XS_SFLX_4175680_2025-05-17T06:15:08.271_S5.0x11_NIR_STA.fits,,,true
http://archive.eso.org/datalink/links?ID=ivo://eso.org/ID?ADP.2025-05-23T14:33:49.070,,SPECTRUM,SPECTRUM (FLUX CALIBRATED),XSHOOTER,La Silla Paranal APEX,Non-solar,60812.26047514,2025-05-17T06:15:05.053,60.0,"[gte:533.66, lte:1020.0]",1512.0,,["115.28EF"],"["PISCARRETA, LARA"]","ESO, PHASE3",XSHOOTER,Bright11,,2025-05-23T14:39:07.000,POSITION J2000 242.160731 -39.10541,242.160731,-39.10541,ADP.2025-05-23T14:33:49.070,1,2026-05-17T06:25:56.000,16827414,1339,,43.0,339.534495,9.365321,,,,,,2,2025-05-17T06:16:05.053,60812.26116959,60.0,Bright11_4175680_2025-05-17T06:15:05.053_S5.0x11_1x1_VIS_STA,ESO-VLT-U3,"ECHELLE,SLIT,STARE",["4175680"],IDP,XS_SFLX_4175680_2025-05-17T06:15:05.053_S5.0x11_1x1_VIS_STA.fits,,,true
http://archive.eso.org/datalink/links?ID=ivo://eso.org/ID?ADP.2025-05-23T14:33:49.066,,SPECTRUM,SPECTRUM (FLUX CALIBRATED),XSHOOTER,La Silla Paranal APEX,Non-solar,60812.26041449,2025-05-17T06:14:59.813,120.0,"[gte:298.92, lte:555.98]",1040.0,,["115.28EF"],"["PISCARRETA, LARA"]","ESO, PHASE3",XSHOOTER,Bright11,,2025-05-23T14:39:07.000,POSITION J2000 242.160731 -39.10541,242.160731,-39.10541,ADP.2025-05-23T14:33:49.066,1,2026-05-17T06:25:56.000,16827413,743,,24.4,339.534495,9.365321,,,,,,2,2025-05-17T06:16:59.813,60812.26180338,120.0,Bright11_4175680_2025-05-17T06:14:59.813_S5.0x11_1x1_UVB_STA,ESO-VLT-U3,"ECHELLE,SLIT,STARE",["4175680"],IDP,XS_SFLX_4175680_2025-05-17T06:14:59.813_S5.0x11_1x1_UVB_STA.fits,,,true
http://archive.eso.org/datalink/links?ID=ivo://eso.org/ID?ADP.2025-05-23T14:33:49.062,,SPECTRUM,SPECTRUM (FLUX CALIBRATED),XSHOOTER,La Silla Paranal APEX,Non-solar,60812.24411119,2025-05-17T05:51:31.207,1280.0,"[gte:994.02, lte:2478.96]",5573.0,,["115.28EF"],"["PISCARRETA, LARA"]","ESO, PHASE3",XSHOOTER,Bright11,,2025-05-23T14:39:07.000,POSITION J2000 242.161164 -39.1048,242.161164,-39.1048,ADP.2025-05-23T14:33:49.062,1,2026-05-17T06:21:04.000,16827412,1365,,185.6,339.535166,9.365536,,,,,,2,2025-05-17T06:14:15.530,60812.25990198,1280.0,Bright11_4175680_2025-05-17T05:51:31.207_S0.9x11_NIR_NOD,ESO-VLT-U3,"ECHELLE,SLIT,NODDING",["4175680"],IDP,XS_SFLX_4175680_2025-05-17T05:51:31.207_S0.9x11_NIR_NOD.fits,,,true
http://archive.eso.org/datalink/links?ID=ivo://eso.org/ID?ADP.2025-05-23T14:33:49.057,,SPECTRUM,SPECTRUM (FLUX CALIBRATED),XSHOOTER,La Silla Paranal APEX,Non-solar,60812.24407335,2025-05-17T05:51:27.937,640.0,"[gte:533.66, lte:1020.0]",8935.0,,["115.28EF"],"["PISCARRETA, LARA"]","ESO, PHASE3",XSHOOTER,Bright11,,2025-05-23T14:39:07.000,POSITION J2000 242.161164 -39.1048,242.161164,-39.1048,ADP.2025-05-23T14:33:49.057,1,2026-05-17T06:15:52.000,16827411,1336,,108.0,339.535166,9.365536,,,,,,2,2025-05-17T06:11:32.223,60812.25801183,640.0,Bright11_4175680_2025-05-17T05:51:27.937_S0.9x11_1x1_VIS_NOD,ESO-VLT-U3,"ECHELLE,SLIT,NODDING",["4175680"],IDP,XS_SFLX_4175680_2025-05-17T05:51:27.937_S0.9x11_1x1_VIS_NOD.fits,,,truehttp://archive.eso.org/datalink/links?ID=ivo://eso.org/ID?ADP.2014-05-15T14:46:44.230,,SPECTRUM,SPECTRUM (FLUX CALIBRATED),XSHOOTER,La Silla Paranal APEX,Non-solar,55284.26936641,2010-03-29T06:27:53.257,120.0,"[gte:994.02, lte:2478.96]",11424.0,,["084.C-0952"],"["OUDMAIJER, R.D."]","ESO, PHASE3",XSHOOTER,PDS-80,,2014-05-15T00:00:00.000,POSITION J2000 243.297781 -22.48565,243.297781,-22.48565,ADP.2014-05-15T14:46:44.230,1,2011-04-09T13:12:34.780,438125,1347,,126.6,352.416498,20.447856,,,,,,2,2010-03-29T06:34:44.027,55284.27412069,120.0,PDS-80_387832_2010-03-29T06:27:53.258_S0.4x11_NIR_NOD,ESO-VLT-U2,"ECHELLE,SLIT,NODDING",["387832"],IDP,XS_SFLX_387832_2010-03-29T06:27:53.258_S0.4x11_NIR_NOD.fits,,,true
http://archive.eso.org/datalink/links?ID=ivo://eso.org/ID?ADP.2014-05-15T14:46:43.563,,SPECTRUM,SPECTRUM (FLUX CALIBRATED),XSHOOTER,La Silla Paranal APEX,Non-solar,55284.26932843,2010-03-29T06:27:49.977,120.0,"[gte:533.66, lte:1020.0]",18340.0,,["084.C-0952"],"["OUDMAIJER, R.D."]","ESO, PHASE3",XSHOOTER,PDS-80,,2014-05-15T00:00:00.000,POSITION J2000 243.297781 -22.48565,243.297781,-22.48565,ADP.2014-05-15T14:46:43.563,1,2011-04-09T13:12:35.237,438132,1319,,370.6,352.416497,20.447856,,,,,,2,2010-03-29T06:35:26.057,55284.27460712,120.0,PDS-80_387832_2010-03-29T06:27:49.976_S0.4x11_1x1_VIS_NOD,ESO-VLT-U2,"ECHELLE,SLIT,NODDING",["387832"],IDP,XS_SFLX_387832_2010-03-29T06:27:49.976_S0.4x11_1x1_VIS_NOD.fits,,,true
http://archive.eso.org/datalink/links?ID=ivo://eso.org/ID?ADP.2014-05-15T14:46:43.877,,SPECTRUM,SPECTRUM (FLUX CALIBRATED),XSHOOTER,La Silla Paranal APEX,Non-solar,55284.26926847,2010-03-29T06:27:44.797,120.0,"[gte:298.92, lte:555.98]",9861.0,,["084.C-0952"],"["OUDMAIJER, R.D."]","ESO, PHASE3",XSHOOTER,PDS-80,,2014-05-15T00:00:00.000,POSITION J2000 243.297781 -22.48565,243.297781,-22.48565,ADP.2014-05-15T14:46:43.877,1,2011-04-09T13:12:35.210,438105,722,,342.5,352.416497,20.447856,,,,,,2,2010-03-29T06:35:19.843,55284.27453523,120.0,PDS-80_387832_2010-03-29T06:27:44.796_S0.5x11_1x1_UVB_NOD,ESO-VLT-U2,"ECHELLE,SLIT,NODDING",["387832"],IDP,XS_SFLX_387832_2010-03-29T06:27:44.796_S0.5x11_1x1_UVB_NOD.fits,,,true
http://archive.eso.org/datalink/links?ID=ivo://eso.org/ID?ADP.2014-05-15T14:46:43.597,,SPECTRUM,SPECTRUM (FLUX CALIBRATED),XSHOOTER,La Silla Paranal APEX,Non-solar,55284.26865754,2010-03-29T06:26:52.010,1.0,"[gte:994.02, lte:2478.96]",11424.0,,["084.C-0952"],"["OUDMAIJER, R.D."]","ESO, PHASE3",XSHOOTER,PDS-80,,2014-05-15T00:00:00.000,POSITION J2000 243.298399 -22.48554,243.298399,-22.48554,ADP.2014-05-15T14:46:43.597,1,2011-04-09T13:12:33.570,438130,1350,,25.9,352.416999,20.447513,,,,,,2,2010-03-29T06:26:53.010,55284.26866911,1.0,PDS-80_387832_2010-03-29T06:26:52.011_S0.4x11_NIR_STA,ESO-VLT-U2,"ECHELLE,SLIT,STARE",["387832"],IDP,XS_SFLX_387832_2010-03-29T06:26:52.011_S0.4x11_NIR_STA.fits,,,true
http://archive.eso.org/datalink/links?ID=ivo://eso.org/ID?ADP.2014-05-15T14:46:44.450,,SPECTRUM,SPECTRUM (FLUX CALIBRATED),XSHOOTER,La Silla Paranal APEX,Non-solar,55284.26862733,2010-03-29T06:26:49.400,5.0,"[gte:533.66, lte:1020.0]",18340.0,,["084.C-0952"],"["OUDMAIJER, R.D."]","ESO, PHASE3",XSHOOTER,PDS-80,,2014-05-15T00:00:00.000,POSITION J2000 243.298399 -22.48554,243.298399,-22.48554,ADP.2014-05-15T14:46:44.450,1,2011-04-09T13:12:33.547,438127,1321,,79.9,352.416998,20.447513,,,,,,2,2010-03-29T06:26:54.400,55284.2686852,5.0,PDS-80_387832_2010-03-29T06:26:49.401_S0.4x11_1x1_VIS_STA,ESO-VLT-U2,"ECHELLE,SLIT,STARE",["387832"],IDP,XS_SFLX_387832_2010-03-29T06:26:49.401_S0.4x11_1x1_VIS_STA.fits,,,true
http://archive.eso.org/datalink/links?ID=ivo://eso.org/ID?ADP.2014-05-15T14:46:44.270,,SPECTRUM,SPECTRUM (FLUX CALIBRATED),XSHOOTER,La Silla Paranal APEX,Non-solar,55284.26856691,2010-03-29T06:26:44.180,5.0,"[gte:298.92, lte:555.98]",9861.0,,["084.C-0952"],"["OUDMAIJER, R.D."]","ESO, PHASE3",XSHOOTER,PDS-80,,2014-05-15T00:00:00.000,POSITION J2000 243.298399 -22.48554,243.298399,-22.48554,ADP.2014-05-15T14:46:44.270,1,2011-04-09T13:12:33.510,438094,725,,78.7,352.416998,20.447513,,,,,,2,2010-03-29T06:26:49.180,55284.26862478,5.0,PDS-80_387832_2010-03-29T06:26:44.181_S0.5x11_1x1_UVB_STA,ESO-VLT-U2,"ECHELLE,SLIT,STARE",["387832"],IDP,XS_SFLX_387832_2010-03-29T06:26:44.181_S0.5x11_1x1_UVB_STA.fits,,,true
http://archive.eso.org/datalink/links?ID=ivo://eso.org/ID?ADP.2017-05-17T07:54:40.556,,SPECTRUM,SPECTRUM (FLUX CALIBRATED),XSHOOTER,La Silla Paranal APEX,Non-solar,57854.33691886,2017-04-11T08:05:09.790,2240.0,"[gte:994.02, lte:2478.96]",5573.0,,["099.C-0212"],"["VAN DEN ANCKER, M.E."]","ESO, PHASE3",XSHOOTER,HD 145718,,2017-05-17T08:03:16.000,POSITION J2000 243.298888 -22.48513,243.298888,-22.48513,ADP.2017-05-17T07:54:40.556,1,2018-04-11T09:01:14.507,5836953,1365,,1023.8,352.417647,20.447462,,,,,,2,2017-04-11T08:56:37.857,57854.37266039,2240.0,HD145718_1654960_2017-04-11T08:05:09.790_S0.9x11_NIR_NOD,ESO-VLT-U2,"ECHELLE,SLIT,NODDING",["1654960"],IDP,XS_SFLX_1654960_2017-04-11T08:05:09.790_S0.9x11_NIR_NOD.fits,,,true
http://archive.eso.org/datalink/links?ID=ivo://eso.org/ID?ADP.2017-05-17T07:54:40.456,,SPECTRUM,SPECTRUM (FLUX CALIBRATED),XSHOOTER,La Silla Paranal APEX,Non-solar,57854.33688211,2017-04-11T08:05:06.613,320.0,"[gte:533.66, lte:1020.0]",8935.0,,["099.C-0212"],"["VAN DEN ANCKER, M.E."]","ESO, PHASE3",XSHOOTER,HD 145718,,2017-05-17T08:03:16.000,POSITION J2000 243.298888 -22.48513,243.298888,-22.48513,ADP.2017-05-17T07:54:40.456,1,2018-04-11T09:01:14.507,5836930,1336,,769.3,352.417647,20.447462,,,,,,2,2017-04-11T08:54:35.127,57854.37123987,320.0,HD145718_1654960_2017-04-11T08:05:06.615_S0.9x11_1x1_VIS_NOD,ESO-VLT-U2,"ECHELLE,SLIT,NODDING",["1654960"],IDP,XS_SFLX_1654960_2017-04-11T08:05:06.615_S0.9x11_1x1_VIS_NOD.fits,,,truehttp://archive.eso.org/datalink/links?ID=ivo://eso.org/ID?ADP.2014-05-15T14:50:08.747,,SPECTRUM,SPECTRUM (FLUX CALIBRATED),XSHOOTER,La Silla Paranal APEX,Non-solar,55286.37845157,2010-03-31T09:04:58.217,1000.0,"[gte:994.02, lte:2478.96]",11424.0,,["084.C-0952"],"["OUDMAIJER, R.D."]","ESO, PHASE3",XSHOOTER,PDS-415,,2014-05-15T00:00:00.000,POSITION J2000 244.656024 -24.08947,244.656024,-24.08947,ADP.2014-05-15T14:50:08.747,1,2011-04-09T13:12:33.310,438201,1350,,125.6,352.064377,18.443282,,,,,,2,2010-03-31T09:27:41.213,55286.39422699,1000.0,PDS-415_387830_2010-03-31T09:04:58.216_S0.4x11_NIR_NOD,ESO-VLT-U2,"ECHELLE,SLIT,NODDING",["387830"],IDP,XS_SFLX_387830_2010-03-31T09:04:58.216_S0.4x11_NIR_NOD.fits,,,true
http://archive.eso.org/datalink/links?ID=ivo://eso.org/ID?ADP.2014-05-15T14:50:09.953,,SPECTRUM,SPECTRUM (FLUX CALIBRATED),XSHOOTER,La Silla Paranal APEX,Non-solar,55286.37841901,2010-03-31T09:04:55.403,1200.0,"[gte:533.66, lte:1020.0]",18340.0,,["084.C-0952"],"["OUDMAIJER, R.D."]","ESO, PHASE3",XSHOOTER,PDS-415,,2014-05-15T00:00:00.000,POSITION J2000 244.656024 -24.08947,244.656024,-24.08947,ADP.2014-05-15T14:50:09.953,1,2011-04-09T13:12:33.153,438187,1319,,439.5,352.064377,18.443282,,,,,,2,2010-03-31T09:27:35.417,55286.39415989,1200.0,PDS-415_387830_2010-03-31T09:04:55.402_S0.4x11_1x1_VIS_NOD,ESO-VLT-U2,"ECHELLE,SLIT,NODDING",["387830"],IDP,XS_SFLX_387830_2010-03-31T09:04:55.402_S0.4x11_1x1_VIS_NOD.fits,,,true
http://archive.eso.org/datalink/links?ID=ivo://eso.org/ID?ADP.2014-05-15T14:50:09.613,,SPECTRUM,SPECTRUM (FLUX CALIBRATED),XSHOOTER,La Silla Paranal APEX,Non-solar,55286.37835917,2010-03-31T09:04:50.233,1200.0,"[gte:298.92, lte:555.98]",9861.0,,["084.C-0952"],"["OUDMAIJER, R.D."]","ESO, PHASE3",XSHOOTER,PDS-415,,2014-05-15T00:00:00.000,POSITION J2000 244.656024 -24.08947,244.656024,-24.08947,ADP.2014-05-15T14:50:09.613,1,2011-04-09T13:12:33.003,438200,722,,274.3,352.064377,18.443282,,,,,,2,2010-03-31T09:27:30.237,55286.39409994,1200.0,PDS-415_387830_2010-03-31T09:04:50.232_S0.5x11_1x1_UVB_NOD,ESO-VLT-U2,"ECHELLE,SLIT,NODDING",["387830"],IDP,XS_SFLX_387830_2010-03-31T09:04:50.232_S0.5x11_1x1_UVB_NOD.fits,,,true
http://archive.eso.org/datalink/links?ID=ivo://eso.org/ID?ADP.2014-05-15T14:50:09.627,,SPECTRUM,SPECTRUM (FLUX CALIBRATED),XSHOOTER,La Silla Paranal APEX,Non-solar,55286.37757881,2010-03-31T09:03:42.810,1.0,"[gte:994.02, lte:2478.96]",11424.0,,["084.C-0952"],"["OUDMAIJER, R.D."]","ESO, PHASE3",XSHOOTER,PDS-415,,2014-05-15T00:00:00.000,POSITION J2000 244.655143 -24.08939,244.655143,-24.08939,ADP.2014-05-15T14:50:09.627,1,2011-04-09T13:12:32.070,438195,1350,,4.7,352.063867,18.443929,,,,,,2,2010-03-31T09:03:43.810,55286.37759038,1.0,PDS-415_387830_2010-03-31T09:03:42.809_S0.4x11_NIR_STA,ESO-VLT-U2,"ECHELLE,SLIT,STARE",["387830"],IDP,XS_SFLX_387830_2010-03-31T09:03:42.809_S0.4x11_NIR_STA.fits,,,true
http://archive.eso.org/datalink/links?ID=ivo://eso.org/ID?ADP.2014-05-15T14:50:09.600,,SPECTRUM,SPECTRUM (FLUX CALIBRATED),XSHOOTER,La Silla Paranal APEX,Non-solar,55286.37754081,2010-03-31T09:03:39.527,20.0,"[gte:533.66, lte:1020.0]",18340.0,,["084.C-0952"],"["OUDMAIJER, R.D."]","ESO, PHASE3",XSHOOTER,PDS-415,,2014-05-15T00:00:00.000,POSITION J2000 244.655143 -24.08939,244.655143,-24.08939,ADP.2014-05-15T14:50:09.600,1,2011-04-09T13:12:32.047,438190,1321,,55.7,352.063866,18.443929,,,,,,2,2010-03-31T09:03:59.527,55286.37777229,20.0,PDS-415_387830_2010-03-31T09:03:39.526_S0.4x11_1x1_VIS_STA,ESO-VLT-U2,"ECHELLE,SLIT,STARE",["387830"],IDP,XS_SFLX_387830_2010-03-31T09:03:39.526_S0.4x11_1x1_VIS_STA.fits,,,truehttp://archive.eso.org/datalink/links?ID=ivo://eso.org/ID?ADP.2014-05-15T16:03:02.250,,SPECTRUM,SPECTRUM (FLUX CALIBRATED),XSHOOTER,La Silla Paranal APEX,Non-solar,55352.0465719,2010-06-05T01:07:03.813,200.0,"[gte:994.02, lte:2478.96]",11424.0,,["385.C-0131"],"["HUBRIG, S."]","ESO, PHASE3",XSHOOTER,HD150193_2,,2014-05-15T00:00:00.000,POSITION J2000 250.073845 -23.89638,250.073845,-23.89638,ADP.2014-05-15T16:03:02.250,1,2011-10-11T11:58:50.933,439052,1347,,668.1,355.597842,14.827107,,,,,,2,2010-06-05T01:11:15.443,55352.04948428,200.0,HD150193_2_437385_2010-06-05T01:07:03.812_S0.4x11_NIR_NOD,ESO-VLT-U2,"ECHELLE,SLIT,NODDING",["437385"],IDP,XS_SFLX_437385_2010-06-05T01:07:03.812_S0.4x11_NIR_NOD.fits,,,true
http://archive.eso.org/datalink/links?ID=ivo://eso.org/ID?ADP.2014-05-15T16:03:02.643,,SPECTRUM,SPECTRUM (FLUX CALIBRATED),XSHOOTER,La Silla Paranal APEX,Non-solar,55352.04653623,2010-06-05T01:07:00.730,200.0,"[gte:533.66, lte:1020.0]",18340.0,,["385.C-0131"],"["HUBRIG, S."]","ESO, PHASE3",XSHOOTER,HD150193_2,,2014-05-15T00:00:00.000,POSITION J2000 250.073845 -23.89638,250.073845,-23.89638,ADP.2014-05-15T16:03:02.643,1,2011-10-11T11:58:50.910,439047,1319,,420.9,355.597841,14.827107,,,,,,2,2010-06-05T01:11:12.623,55352.04945166,200.0,HD150193_2_437385_2010-06-05T01:07:00.730_S0.4x11_1x1_VIS_NOD,ESO-VLT-U2,"ECHELLE,SLIT,NODDING",["437385"],IDP,XS_SFLX_437385_2010-06-05T01:07:00.730_S0.4x11_1x1_VIS_NOD.fits,,,true
http://archive.eso.org/datalink/links?ID=ivo://eso.org/ID?ADP.2014-05-15T16:03:02.517,,SPECTRUM,SPECTRUM (FLUX CALIBRATED),XSHOOTER,La Silla Paranal APEX,Non-solar,55352.04647639,2010-06-05T01:06:55.560,200.0,"[gte:298.92, lte:555.98]",9861.0,,["385.C-0131"],"["HUBRIG, S."]","ESO, PHASE3",XSHOOTER,HD150193_2,,2014-05-15T00:00:00.000,POSITION J2000 250.073845 -23.89638,250.073845,-23.89638,ADP.2014-05-15T16:03:02.517,1,2011-10-11T11:58:50.860,439059,722,,358.4,355.597841,14.827107,,,,,,2,2010-06-05T01:11:07.463,55352.04939193,200.0,HD150193_2_437385_2010-06-05T01:06:55.560_S0.5x11_1x1_UVB_NOD,ESO-VLT-U2,"ECHELLE,SLIT,NODDING",["437385"],IDP,XS_SFLX_437385_2010-06-05T01:06:55.560_S0.5x11_1x1_UVB_NOD.fits,,,true
http://archive.eso.org/datalink/links?ID=ivo://eso.org/ID?ADP.2014-05-15T14:48:24.130,,SPECTRUM,SPECTRUM (FLUX CALIBRATED),XSHOOTER,La Silla Paranal APEX,Non-solar,55285.22845905,2010-03-30T05:28:58.863,160.0,"[gte:994.02, lte:2478.96]",11424.0,,["084.C-0952"],"["OUDMAIJER, R.D."]","ESO, PHASE3",XSHOOTER,HD-150193,,2014-05-15T00:00:00.000,POSITION J2000 250.074055 -23.89641,250.074055,-23.89641,ADP.2014-05-15T14:48:24.130,1,2011-04-09T13:13:38.287,438171,1347,,86.7,355.597944,14.82694,,,,,,2,2010-03-30T05:39:07.670,55285.23550543,160.0,HD-150193_387934_2010-03-30T05:28:58.862_S0.4x11_NIR_NOD,ESO-VLT-U2,"ECHELLE,SLIT,NODDING",["387934"],IDP,XS_SFLX_387934_2010-03-30T05:28:58.862_S0.4x11_NIR_NOD.fits,,,true
http://archive.eso.org/datalink/links?ID=ivo://eso.org/ID?ADP.2014-05-15T14:48:23.690,,SPECTRUM,SPECTRUM (FLUX CALIBRATED),XSHOOTER,La Silla Paranal APEX,Non-solar,55285.22842597,2010-03-30T05:28:56.003,180.0,"[gte:533.66, lte:1020.0]",18340.0,,["084.C-0952"],"["OUDMAIJER, R.D."]","ESO, PHASE3",XSHOOTER,HD-150193,,2014-05-15T00:00:00.000,POSITION J2000 250.074055 -23.89641,250.074055,-23.89641,ADP.2014-05-15T14:48:23.690,1,2011-04-09T13:13:38.367,438152,1321,,224.6,355.597943,14.826939,,,,,,2,2010-03-30T05:40:37.223,55285.23654193,180.0,HD-150193_387934_2010-03-30T05:28:56.004_S0.4x11_1x1_VIS_NOD,ESO-VLT-U2,"ECHELLE,SLIT,NODDING",["387934"],IDP,XS_SFLX_387934_2010-03-30T05:28:56.004_S0.4x11_1x1_VIS_NOD.fits,,,true
http://archive.eso.org/datalink/links?ID=ivo://eso.org/ID?ADP.2014-05-15T14:48:23.677,,SPECTRUM,SPECTRUM (FLUX CALIBRATED),XSHOOTER,La Silla Paranal APEX,Non-solar,55285.22836554,2010-03-30T05:28:50.783,300.0,"[gte:298.92, lte:555.98]",9861.0,,["084.C-0952"],"["OUDMAIJER, R.D."]","ESO, PHASE3",XSHOOTER,HD-150193,,2014-05-15T00:00:00.000,POSITION J2000 250.074055 -23.89641,250.074055,-23.89641,ADP.2014-05-15T14:48:23.677,1,2011-04-09T13:13:38.390,438138,725,,235.8,355.597943,14.826939,,,,,,2,2010-03-30T05:40:53.423,55285.23672944,300.0,HD-150193_387934_2010-03-30T05:28:50.783_S0.5x11_1x1_UVB_NOD,ESO-VLT-U2,"ECHELLE,SLIT,NODDING",["387934"],IDP,XS_SFLX_387934_2010-03-30T05:28:50.783_S0.5x11_1x1_UVB_NOD.fits,,,true
http://archive.eso.org/datalink/links?ID=ivo://eso.org/ID?ADP.2014-05-15T14:48:24.650,,SPECTRUM,SPECTRUM (FLUX CALIBRATED),XSHOOTER,La Silla Paranal APEX,Non-solar,55285.22778555,2010-03-30T05:28:00.673,1.0,"[gte:994.02, lte:2478.96]",11424.0,,["084.C-0952"],"["OUDMAIJER, R.D."]","ESO, PHASE3",XSHOOTER,HD-150193,,2014-05-15T00:00:00.000,POSITION J2000 250.074806 -23.89626,250.074806,-23.89626,ADP.2014-05-15T14:48:24.650,1,2011-04-09T13:13:37.350,438140,1350,,30.5,355.598513,14.826503,,,,,,2,2010-03-30T05:28:01.670,55285.22779712,1.0,HD-150193_387934_2010-03-30T05:28:00.672_S0.4x11_NIR_STA,ESO-VLT-U2,"ECHELLE,SLIT,STARE",["387934"],IDP,XS_SFLX_387934_2010-03-30T05:28:00.672_S0.4x11_NIR_STA.fits,,,true
http://archive.eso.org/datalink/links?ID=ivo://eso.org/ID?ADP.2014-05-15T14:48:24.097,,SPECTRUM,SPECTRUM (FLUX CALIBRATED),XSHOOTER,La Silla Paranal APEX,Non-solar,55285.22774593,2010-03-30T05:27:57.247,1.0,"[gte:533.66, lte:1020.0]",18340.0,,["084.C-0952"],"["OUDMAIJER, R.D."]","ESO, PHASE3",XSHOOTER,HD-150193,,2014-05-15T00:00:00.000,POSITION J2000 250.074806 -23.89626,250.074806,-23.89626,ADP.2014-05-15T14:48:24.097,1,2011-04-09T13:13:37.323,438163,1321,,19.9,355.598513,14.826503,,,,,,2,2010-03-30T05:27:58.247,55285.2277575,1.0,HD-150193_387934_2010-03-30T05:27:57.248_S0.4x11_1x1_VIS_STA,ESO-VLT-U2,"ECHELLE,SLIT,STARE",["387934"],IDP,XS_SFLX_387934_2010-03-30T05:27:57.248_S0.4x11_1x1_VIS_STA.fits,,,true
http://archive.eso.org/datalink/links?ID=ivo://eso.org/ID?ADP.2014-05-15T14:48:23.950,,SPECTRUM,SPECTRUM (FLUX CALIBRATED),XSHOOTER,La Silla Paranal APEX,Non-solar,55285.22768493,2010-03-30T05:27:51.977,1.0,"[gte:298.92, lte:555.98]",9861.0,,["084.C-0952"],"["OUDMAIJER, R.D."]","ESO, PHASE3",XSHOOTER,HD-150193,,2014-05-15T00:00:00.000,POSITION J2000 250.074806 -23.89626,250.074806,-23.89626,ADP.2014-05-15T14:48:23.950,1,2011-04-09T13:13:37.150,438134,725,,18.6,355.598513,14.826503,,,,,,2,2010-03-30T05:27:52.977,55285.2276965,1.0,HD-150193_387934_2010-03-30T05:27:51.978_S0.5x11_1x1_UVB_STA,ESO-VLT-U2,"ECHELLE,SLIT,STARE",["387934"],IDP,XS_SFLX_387934_2010-03-30T05:27:51.978_S0.5x11_1x1_UVB_STA.fits,,,true
http://archive.eso.org/datalink/links?ID=ivo://eso.org/ID?ADP.2017-05-12T15:07:15.497,,SPECTRUM,SPECTRUM (FLUX CALIBRATED),XSHOOTER,La Silla Paranal APEX,Non-solar,57619.16226043,2016-08-19T03:53:39.300,240.0,"[gte:994.02, lte:2478.96]",11424.0,,["097.C-0284"],"["HUBRIG, S."]","ESO, PHASE3",XSHOOTER,HD150193,,2017-05-12T17:11:18.000,POSITION J2000 250.075408 -23.89583,250.075408,-23.89583,ADP.2017-05-12T15:07:15.497,1,2017-08-19T04:05:46.313,5833127,1359,,221.9,355.599218,14.82635,,,,,,2,2016-08-19T03:58:21.373,57619.16552516,240.0,HD150193_1325076_2016-08-19T03:53:39.301_S0.4x11_NIR_NOD,ESO-VLT-U2,"ECHELLE,SLIT,NODDING",["1325076"],IDP,XS_SFLX_1325076_2016-08-19T03:53:39.301_S0.4x11_NIR_NOD.fits,,,true
http://archive.eso.org/datalink/links?ID=ivo://eso.org/ID?ADP.2017-05-12T15:07:15.592,,SPECTRUM,SPECTRUM (FLUX CALIBRATED),XSHOOTER,La Silla Paranal APEX,Non-solar,57619.16222576,2016-08-19T03:53:36.307,240.0,"[gte:533.66, lte:1020.0]",18340.0,,["097.C-0284"],"["HUBRIG, S."]","ESO, PHASE3",XSHOOTER,HD150193,,2017-05-12T17:11:18.000,POSITION J2000 250.075408 -23.89583,250.075408,-23.89583,ADP.2017-05-12T15:07:15.592,1,2017-08-19T04:05:46.313,5833149,1330,,370.4,355.599218,14.826349,,,,,,2,2016-08-19T03:58:18.260,57619.16548911,240.0,HD150193_1325076_2016-08-19T03:53:36.307_S0.4x11_1x1_VIS_NOD,ESO-VLT-U2,"ECHELLE,SLIT,NODDING",["1325076"],IDP,XS_SFLX_1325076_2016-08-19T03:53:36.307_S0.4x11_1x1_VIS_NOD.fits,,,true
http://archive.eso.org/datalink/links?ID=ivo://eso.org/ID?ADP.2017-05-12T15:07:15.484,,SPECTRUM,SPECTRUM (FLUX CALIBRATED),XSHOOTER,La Silla Paranal APEX,Non-solar,57619.16216522,2016-08-19T03:53:31.077,218.0,"[gte:298.92, lte:555.98]",9861.0,,["097.C-0284"],"["HUBRIG, S."]","ESO, PHASE3",XSHOOTER,HD150193,,2017-05-12T17:11:18.000,POSITION J2000 250.075408 -23.89583,250.075408,-23.89583,ADP.2017-05-12T15:07:15.484,1,2017-08-19T04:05:46.313,5833124,734,,269.1,355.599218,14.826349,,,,,,2,2016-08-19T03:58:02.030,57619.16530126,218.0,HD150193_1325076_2016-08-19T03:53:31.076_S0.5x11_1x1_UVB_NOD,ESO-VLT-U2,"ECHELLE,SLIT,NODDING",["1325076"],IDP,XS_SFLX_1325076_2016-08-19T03:53:31.076_S0.5x11_1x1_UVB_NOD.fits,,,true
http://archive.eso.org/datalink/links?ID=ivo://eso.org/ID?ADP.2014-05-15T15:42:46.020,,SPECTRUM,SPECTRUM (FLUX CALIBRATED),XSHOOTER,La Silla Paranal APEX,Non-solar,55329.37091089,2010-05-13T08:54:06.700,200.0,"[gte:994.02, lte:2478.96]",11424.0,,["385.C-0131"],"["HUBRIG, S."]","ESO, PHASE3",XSHOOTER,HD150193_1,,2014-05-15T00:00:00.000,POSITION J2000 250.075537 -23.89571,250.075537,-23.89571,ADP.2014-05-15T15:42:46.020,1,2011-10-11T11:58:58.083,438996,1347,,449.4,355.599392,14.826334,,,,,,2,2010-05-13T08:58:18.997,55329.37383098,200.0,HD150193_1_437426_2010-05-13T08:54:06.701_S0.4x11_NIR_NOD,ESO-VLT-U2,"ECHELLE,SLIT,NODDING",["437426"],IDP,XS_SFLX_437426_2010-05-13T08:54:06.701_S0.4x11_NIR_NOD.fits,,,true
http://archive.eso.org/datalink/links?ID=ivo://eso.org/ID?ADP.2014-05-15T15:42:45.697,,SPECTRUM,SPECTRUM (FLUX CALIBRATED),XSHOOTER,La Silla Paranal APEX,Non-solar,55329.37087231,2010-05-13T08:54:03.367,200.0,"[gte:533.66, lte:1020.0]",18340.0,,["385.C-0131"],"["HUBRIG, S."]","ESO, PHASE3",XSHOOTER,HD150193_1,,2014-05-15T00:00:00.000,POSITION J2000 250.075537 -23.89571,250.075537,-23.89571,ADP.2014-05-15T15:42:45.697,1,2011-10-11T11:58:58.060,438993,1319,,282.4,355.599391,14.826334,,,,,,2,2010-05-13T08:58:16.210,55329.37379873,200.0,HD150193_1_437426_2010-05-13T08:54:03.368_S0.4x11_1x1_VIS_NOD,ESO-VLT-U2,"ECHELLE,SLIT,NODDING",["437426"],IDP,XS_SFLX_437426_2010-05-13T08:54:03.368_S0.4x11_1x1_VIS_NOD.fits,,,truehttp://archive.eso.org/datalink/links?ID=ivo://eso.org/ID?ADP.2014-05-13T14:47:17.410,,SPECTRUM,SPECTRUM (FLUX CALIBRATED),XSHOOTER,La Silla Paranal APEX,Non-solar,55109.97592565,2009-10-05T23:25:19.977,160.0,"[gte:994.02, lte:2478.96]",11424.0,,["084.C-0952"],"["OUDMAIJER, R.D."]","ESO, PHASE3",XSHOOTER,AK-Sco,,2014-05-13T00:00:00.000,POSITION J2000 253.687541 -36.88809,253.687541,-36.88809,ADP.2014-05-13T14:47:17.410,1,2011-04-09T13:12:28.623,434941,1347,,182.6,347.378557,4.201108,,,,,,2,2009-10-05T23:31:47.717,55109.98041338,160.0,AK-Sco_387818_2009-10-05T23:25:19.976_S0.4x11_NIR_NOD,ESO-VLT-U2,"ECHELLE,SLIT,NODDING",["387818"],IDP,XS_SFLX_387818_2009-10-05T23:25:19.976_S0.4x11_NIR_NOD.fits,,,true
http://archive.eso.org/datalink/links?ID=ivo://eso.org/ID?ADP.2014-05-13T14:47:17.653,,SPECTRUM,SPECTRUM (FLUX CALIBRATED),XSHOOTER,La Silla Paranal APEX,Non-solar,55109.9758906,2009-10-05T23:25:16.947,80.0,"[gte:533.66, lte:1020.0]",18340.0,,["084.C-0952"],"["OUDMAIJER, R.D."]","ESO, PHASE3",XSHOOTER,AK-Sco,,2014-05-13T00:00:00.000,POSITION J2000 253.687541 -36.88809,253.687541,-36.88809,ADP.2014-05-13T14:47:17.653,1,2011-04-09T13:12:28.667,434963,1319,,285.0,347.378556,4.201108,,,,,,2,2009-10-05T23:32:09.573,55109.98066635,80.0,AK-Sco_387818_2009-10-05T23:25:16.948_S0.4x11_1x1_VIS_NOD,ESO-VLT-U2,"ECHELLE,SLIT,NODDING",["387818"],IDP,XS_SFLX_387818_2009-10-05T23:25:16.948_S0.4x11_1x1_VIS_NOD.fits,,,true
http://archive.eso.org/datalink/links?ID=ivo://eso.org/ID?ADP.2014-05-13T14:47:19.007,,SPECTRUM,SPECTRUM (FLUX CALIBRATED),XSHOOTER,La Silla Paranal APEX,Non-solar,55109.97583029,2009-10-05T23:25:11.737,80.0,"[gte:298.92, lte:555.98]",9861.0,,["084.C-0952"],"["OUDMAIJER, R.D."]","ESO, PHASE3",XSHOOTER,AK-Sco,,2014-05-13T00:00:00.000,POSITION J2000 253.687541 -36.88809,253.687541,-36.88809,ADP.2014-05-13T14:47:19.007,1,2011-04-09T13:12:28.643,434890,722,,229.9,347.378556,4.201108,,,,,,2,2009-10-05T23:32:03.313,55109.98059389,80.0,AK-Sco_387818_2009-10-05T23:25:11.737_S0.5x11_1x1_UVB_NOD,ESO-VLT-U2,"ECHELLE,SLIT,NODDING",["387818"],IDP,XS_SFLX_387818_2009-10-05T23:25:11.737_S0.5x11_1x1_UVB_NOD.fits,,,true
http://archive.eso.org/datalink/links?ID=ivo://eso.org/ID?ADP.2014-05-13T14:47:17.827,,SPECTRUM,SPECTRUM (FLUX CALIBRATED),XSHOOTER,La Silla Paranal APEX,Non-solar,55109.97523793,2009-10-05T23:24:20.557,1.0,"[gte:994.02, lte:2478.96]",11424.0,,["084.C-0952"],"["OUDMAIJER, R.D."]","ESO, PHASE3",XSHOOTER,AK-Sco,,2014-05-13T00:00:00.000,POSITION J2000 253.686671 -36.88819,253.686671,-36.88819,ADP.2014-05-13T14:47:17.827,1,2011-04-09T13:12:28.143,434901,1350,,16.6,347.378041,4.201588,,,,,,2,2009-10-05T23:24:21.557,55109.9752495,1.0,AK-Sco_387818_2009-10-05T23:24:20.557_S0.4x11_NIR_STA,ESO-VLT-U2,"ECHELLE,SLIT,STARE",["387818"],IDP,XS_SFLX_387818_2009-10-05T23:24:20.557_S0.4x11_NIR_STA.fits,,,true
http://archive.eso.org/datalink/links?ID=ivo://eso.org/ID?ADP.2014-05-13T14:47:17.940,,SPECTRUM,SPECTRUM (FLUX CALIBRATED),XSHOOTER,La Silla Paranal APEX,Non-solar,55109.9752049,2009-10-05T23:24:17.703,1.0,"[gte:533.66, lte:1020.0]",18340.0,,["084.C-0952"],"["OUDMAIJER, R.D."]","ESO, PHASE3",XSHOOTER,AK-Sco,,2014-05-13T00:00:00.000,POSITION J2000 253.686671 -36.88819,253.686671,-36.88819,ADP.2014-05-13T14:47:17.940,1,2011-04-09T13:12:28.117,434966,1321,,29.6,347.378041,4.201587,,,,,,2,2009-10-05T23:24:18.703,55109.97521647,1.0,AK-Sco_387818_2009-10-05T23:24:17.703_S0.4x11_1x1_VIS_STA,ESO-VLT-U2,"ECHELLE,SLIT,STARE",["387818"],IDP,XS_SFLX_387818_2009-10-05T23:24:17.703_S0.4x11_1x1_VIS_STA.fits,,,truehttp://archive.eso.org/datalink/links?ID=ivo://eso.org/ID?ADP.2014-05-15T14:51:45.083,,SPECTRUM,SPECTRUM (FLUX CALIBRATED),XSHOOTER,La Silla Paranal APEX,Non-solar,55287.34046323,2010-04-01T08:10:16.023,1200.0,"[gte:994.02, lte:2478.96]",11424.0,,["084.C-0952"],"["OUDMAIJER, R.D."]","ESO, PHASE3",XSHOOTER,PDS-431,,2014-05-15T00:00:00.000,POSITION J2000 253.74563 -43.36327,253.74563,-43.36327,ADP.2014-05-15T14:51:45.083,1,2011-04-09T13:12:31.637,438230,1347,,112.0,342.36391,0.098739,,,,,,2,2010-04-01T08:32:54.143,55287.35618222,1200.0,PDS-431_387828_2010-04-01T08:10:16.023_S0.4x11_NIR_NOD,ESO-VLT-U2,"ECHELLE,SLIT,NODDING",["387828"],IDP,XS_SFLX_387828_2010-04-01T08:10:16.023_S0.4x11_NIR_NOD.fits,,,true
http://archive.eso.org/datalink/links?ID=ivo://eso.org/ID?ADP.2014-05-15T14:51:45.223,,SPECTRUM,SPECTRUM (FLUX CALIBRATED),XSHOOTER,La Silla Paranal APEX,Non-solar,55287.34042879,2010-04-01T08:10:13.047,1200.0,"[gte:533.66, lte:1020.0]",18340.0,,["084.C-0952"],"["OUDMAIJER, R.D."]","ESO, PHASE3",XSHOOTER,PDS-431,,2014-05-15T00:00:00.000,POSITION J2000 253.74563 -43.36327,253.74563,-43.36327,ADP.2014-05-15T14:51:45.223,1,2011-04-09T13:12:31.613,438231,1319,,144.3,342.36391,0.098739,,,,,,2,2010-04-01T08:32:51.050,55287.3561464,1200.0,PDS-431_387828_2010-04-01T08:10:13.047_S0.4x11_1x1_VIS_NOD,ESO-VLT-U2,"ECHELLE,SLIT,NODDING",["387828"],IDP,XS_SFLX_387828_2010-04-01T08:10:13.047_S0.4x11_1x1_VIS_NOD.fits,,,true
http://archive.eso.org/datalink/links?ID=ivo://eso.org/ID?ADP.2014-05-15T14:51:45.310,,SPECTRUM,SPECTRUM (FLUX CALIBRATED),XSHOOTER,La Silla Paranal APEX,Non-solar,55287.34036917,2010-04-01T08:10:07.897,1200.0,"[gte:298.92, lte:555.98]",9861.0,,["084.C-0952"],"["OUDMAIJER, R.D."]","ESO, PHASE3",XSHOOTER,PDS-431,,2014-05-15T00:00:00.000,POSITION J2000 253.74563 -43.36327,253.74563,-43.36327,ADP.2014-05-15T14:51:45.310,1,2011-04-09T13:12:31.587,438241,722,,120.9,342.36391,0.098739,,,,,,2,2010-04-01T08:32:45.870,55287.35608644,1200.0,PDS-431_387828_2010-04-01T08:10:07.896_S0.5x11_1x1_UVB_NOD,ESO-VLT-U2,"ECHELLE,SLIT,NODDING",["387828"],IDP,XS_SFLX_387828_2010-04-01T08:10:07.896_S0.5x11_1x1_UVB_NOD.fits,,,true
http://archive.eso.org/datalink/links?ID=ivo://eso.org/ID?ADP.2014-05-15T14:51:45.497,,SPECTRUM,SPECTRUM (FLUX CALIBRATED),XSHOOTER,La Silla Paranal APEX,Non-solar,55287.33911116,2010-04-01T08:08:19.203,1.0,"[gte:994.02, lte:2478.96]",11424.0,,["084.C-0952"],"["OUDMAIJER, R.D."]","ESO, PHASE3",XSHOOTER,PDS-431,,2014-05-15T00:00:00.000,POSITION J2000 253.746278 -43.36394,253.746278,-43.36394,ADP.2014-05-15T14:51:45.497,1,2011-04-09T13:12:31.177,438239,1350,,0.4,342.363686,0.097951,,,,,,2,2010-04-01T08:08:20.203,55287.33912273,1.0,PDS-431_387828_2010-04-01T08:08:19.204_S0.4x11_NIR_STA,ESO-VLT-U2,"ECHELLE,SLIT,STARE",["387828"],IDP,XS_SFLX_387828_2010-04-01T08:08:19.204_S0.4x11_NIR_STA.fits,,,true
http://archive.eso.org/datalink/links?ID=ivo://eso.org/ID?ADP.2014-05-15T14:51:45.283,,SPECTRUM,SPECTRUM (FLUX CALIBRATED),XSHOOTER,La Silla Paranal APEX,Non-solar,55287.33907994,2010-04-01T08:08:16.507,60.0,"[gte:533.66, lte:1020.0]",18340.0,,["084.C-0952"],"["OUDMAIJER, R.D."]","ESO, PHASE3",XSHOOTER,PDS-431,,2014-05-15T00:00:00.000,POSITION J2000 253.746278 -43.36394,253.746278,-43.36394,ADP.2014-05-15T14:51:45.283,1,2011-04-09T13:12:31.150,438251,1321,,33.6,342.363685,0.097951,,,,,,2,2010-04-01T08:09:16.507,55287.33977438,60.0,PDS-431_387828_2010-04-01T08:08:16.507_S0.4x11_1x1_VIS_STA,ESO-VLT-U2,"ECHELLE,SLIT,STARE",["387828"],IDP,XS_SFLX_387828_2010-04-01T08:08:16.507_S0.4x11_1x1_VIS_STA.fits,,,truehttp://archive.eso.org/datalink/links?ID=ivo://eso.org/ID?ADP.2017-06-02T13:05:32.585,,SPECTRUM,SPECTRUM (FLUX CALIBRATED),XSHOOTER,La Silla Paranal APEX,Non-solar,55281.38538269,2010-03-26T09:14:57.063,960.0,"[gte:994.02, lte:2478.96]",11424.0,,["084.C-0952"],"["OUDMAIJER, R.D."]","ESO, PHASE3",XSHOOTER,KK-Oph,,2017-06-02T13:14:22.000,POSITION J2000 257.533198 -27.25519,257.533198,-27.25519,ADP.2017-06-02T13:05:32.585,1,2011-04-09T13:13:32.217,5852245,1365,,174.8,357.064071,7.447853,,,,,,2,2010-03-26T09:44:47.757,55281.4061083,960.0,KK-Oph_387929_2010-03-26T09:14:57.064_S0.4x11_NIR_NOD,ESO-VLT-U2,"ECHELLE,SLIT,NODDING",["387929"],IDP,XS_SFLX_387929_2010-03-26T09:14:57.064_S0.4x11_NIR_NOD.fits,,,true
http://archive.eso.org/datalink/links?ID=ivo://eso.org/ID?ADP.2017-06-02T13:05:32.554,,SPECTRUM,SPECTRUM (FLUX CALIBRATED),XSHOOTER,La Silla Paranal APEX,Non-solar,55281.38534941,2010-03-26T09:14:54.190,800.0,"[gte:533.66, lte:1020.0]",18340.0,,["084.C-0952"],"["OUDMAIJER, R.D."]","ESO, PHASE3",XSHOOTER,KK-Oph,,2017-06-02T13:14:22.000,POSITION J2000 257.533198 -27.25519,257.533198,-27.25519,ADP.2017-06-02T13:05:32.554,1,2011-04-09T13:13:32.110,5852238,1330,,415.4,357.064071,7.447852,,,,,,2,2010-03-26T09:41:46.480,55281.40401018,800.0,KK-Oph_387929_2010-03-26T09:14:54.189_S0.4x11_1x1_VIS_NOD,ESO-VLT-U2,"ECHELLE,SLIT,NODDING",["387929"],IDP,XS_SFLX_387929_2010-03-26T09:14:54.189_S0.4x11_1x1_VIS_NOD.fits,,,true
http://archive.eso.org/datalink/links?ID=ivo://eso.org/ID?ADP.2017-06-02T13:05:32.572,,SPECTRUM,SPECTRUM (FLUX CALIBRATED),XSHOOTER,La Silla Paranal APEX,Non-solar,55281.38528887,2010-03-26T09:14:48.957,800.0,"[gte:298.92, lte:555.98]",9861.0,,["084.C-0952"],"["OUDMAIJER, R.D."]","ESO, PHASE3",XSHOOTER,KK-Oph,,2017-06-02T13:14:22.000,POSITION J2000 257.533198 -27.25519,257.533198,-27.25519,ADP.2017-06-02T13:05:32.572,1,2011-04-09T13:13:31.957,5852242,731,,291.0,357.064071,7.447852,,,,,,2,2010-03-26T09:41:10.937,55281.40359882,800.0,KK-Oph_387929_2010-03-26T09:14:48.958_S0.5x11_1x1_UVB_NOD,ESO-VLT-U2,"ECHELLE,SLIT,NODDING",["387929"],IDP,XS_SFLX_387929_2010-03-26T09:14:48.958_S0.5x11_1x1_UVB_NOD.fits,,,true
http://archive.eso.org/datalink/links?ID=ivo://eso.org/ID?ADP.2017-06-02T13:05:32.520,,SPECTRUM,SPECTRUM (FLUX CALIBRATED),XSHOOTER,La Silla Paranal APEX,Non-solar,55281.38383517,2010-03-26T09:12:43.360,1.0,"[gte:994.02, lte:2478.96]",11424.0,,["084.C-0952"],"["OUDMAIJER, R.D."]","ESO, PHASE3",XSHOOTER,KK-Oph,,2017-06-02T13:14:22.000,POSITION J2000 257.533936 -27.25544,257.533936,-27.25544,ADP.2017-06-02T13:05:32.520,1,2011-04-09T13:13:30.263,5852230,1362,,35.5,357.064253,7.447175,,,,,,2,2010-03-26T09:12:44.357,55281.38384674,1.0,KK-Oph_387929_2010-03-26T09:12:43.359_S0.4x11_NIR_STA,ESO-VLT-U2,"ECHELLE,SLIT,STARE",["387929"],IDP,XS_SFLX_387929_2010-03-26T09:12:43.359_S0.4x11_NIR_STA.fits,,,true
http://archive.eso.org/datalink/links?ID=ivo://eso.org/ID?ADP.2017-06-02T13:05:32.540,,SPECTRUM,SPECTRUM (FLUX CALIBRATED),XSHOOTER,La Silla Paranal APEX,Non-solar,55281.38379939,2010-03-26T09:12:40.267,20.0,"[gte:533.66, lte:1020.0]",18340.0,,["084.C-0952"],"["OUDMAIJER, R.D."]","ESO, PHASE3",XSHOOTER,KK-Oph,,2017-06-02T13:14:22.000,POSITION J2000 257.533936 -27.25544,257.533936,-27.25544,ADP.2017-06-02T13:05:32.540,1,2011-04-09T13:13:30.217,5852235,1333,,67.5,357.064253,7.447174,,,,,,2,2010-03-26T09:13:00.267,55281.38403087,20.0,KK-Oph_387929_2010-03-26T09:12:40.267_S0.4x11_1x1_VIS_STA,ESO-VLT-U2,"ECHELLE,SLIT,STARE",["387929"],IDP,XS_SFLX_387929_2010-03-26T09:12:40.267_S0.4x11_1x1_VIS_STA.fits,,,truehttp://archive.eso.org/datalink/links?ID=ivo://eso.org/ID?ADP.2014-05-13T14:47:17.687,,SPECTRUM,SPECTRUM (FLUX CALIBRATED),XSHOOTER,La Silla Paranal APEX,Non-solar,55109.99638042,2009-10-05T23:54:47.267,40.0,"[gte:994.02, lte:2478.96]",11424.0,,["084.C-0952"],"["OUDMAIJER, R.D."]","ESO, PHASE3",XSHOOTER,MWC-275,,2014-05-13T00:00:00.000,POSITION J2000 269.089274 -21.95604,269.089274,-21.95604,ADP.2014-05-13T14:47:17.687,1,2011-04-09T13:13:30.057,434956,1347,,113.2,7.237418,1.489135,,,,,,2,2009-10-05T23:56:25.967,55109.99752277,40.0,MWC-275_387927_2009-10-05T23:54:47.268_S0.4x11_NIR_NOD,ESO-VLT-U2,"ECHELLE,SLIT,NODDING",["387927"],IDP,XS_SFLX_387927_2009-10-05T23:54:47.268_S0.4x11_NIR_NOD.fits,,,true
http://archive.eso.org/datalink/links?ID=ivo://eso.org/ID?ADP.2014-05-13T14:47:19.080,,SPECTRUM,SPECTRUM (FLUX CALIBRATED),XSHOOTER,La Silla Paranal APEX,Non-solar,55109.99634688,2009-10-05T23:54:44.370,6.0,"[gte:533.66, lte:1020.0]",18340.0,,["084.C-0952"],"["OUDMAIJER, R.D."]","ESO, PHASE3",XSHOOTER,MWC-275,,2014-05-13T00:00:00.000,POSITION J2000 269.089274 -21.95604,269.089274,-21.95604,ADP.2014-05-13T14:47:19.080,1,2011-04-09T13:13:30.033,434916,1319,,186.2,7.237418,1.489135,,,,,,2,2009-10-05T23:56:05.917,55109.9972907,6.0,MWC-275_387927_2009-10-05T23:54:44.370_S0.4x11_1x1_VIS_NOD,ESO-VLT-U2,"ECHELLE,SLIT,NODDING",["387927"],IDP,XS_SFLX_387927_2009-10-05T23:54:44.370_S0.4x11_1x1_VIS_NOD.fits,,,true
http://archive.eso.org/datalink/links?ID=ivo://eso.org/ID?ADP.2014-05-13T14:47:18.120,,SPECTRUM,SPECTRUM (FLUX CALIBRATED),XSHOOTER,La Silla Paranal APEX,Non-solar,55109.9962868,2009-10-05T23:54:39.180,6.0,"[gte:298.92, lte:555.98]",9861.0,,["084.C-0952"],"["OUDMAIJER, R.D."]","ESO, PHASE3",XSHOOTER,MWC-275,,2014-05-13T00:00:00.000,POSITION J2000 269.089274 -21.95604,269.089274,-21.95604,ADP.2014-05-13T14:47:18.120,1,2011-04-09T13:13:30.003,434902,722,,213.6,7.237418,1.489135,,,,,,2,2009-10-05T23:56:00.747,55109.99723086,6.0,MWC-275_387927_2009-10-05T23:54:39.180_S0.5x11_1x1_UVB_NOD,ESO-VLT-U2,"ECHELLE,SLIT,NODDING",["387927"],IDP,XS_SFLX_387927_2009-10-05T23:54:39.180_S0.5x11_1x1_UVB_NOD.fits,,,true
http://archive.eso.org/datalink/links?ID=ivo://eso.org/ID?ADP.2014-05-17T07:06:43.273,,SPECTRUM,SPECTRUM (FLUX CALIBRATED),XSHOOTER,La Silla Paranal APEX,Non-solar,55848.99710031,2011-10-14T23:55:49.467,4.0,"[gte:533.66, lte:1020.0]",1512.0,,["088.C-0218"],"["MENDIGUTIA, IGNACIO"]","ESO, PHASE3",XSHOOTER,HD-163296,,2014-05-17T00:00:00.000,POSITION J2000 269.08924 -21.9562,269.08924,-21.9562,ADP.2014-05-17T07:06:43.273,1,2012-12-30T16:35:04.857,453890,1319,,308.9,7.237264,1.489082,,,,,,2,2011-10-14T23:57:21.253,55848.99816266,4.0,HD-163296_586456_2011-10-14T23:55:49.467_S5.0x11_2x2_VIS_NOD,ESO-VLT-U2,"ECHELLE,SLIT,NODDING",["586456"],IDP,XS_SFLX_586456_2011-10-14T23:55:49.467_S5.0x11_2x2_VIS_NOD.fits,,,true
http://archive.eso.org/datalink/links?ID=ivo://eso.org/ID?ADP.2014-05-17T07:06:43.253,,SPECTRUM,SPECTRUM (FLUX CALIBRATED),XSHOOTER,La Silla Paranal APEX,Non-solar,55848.99707269,2011-10-14T23:55:47.080,8.0,"[gte:994.02, lte:2478.96]",1029.0,,["088.C-0218"],"["MENDIGUTIA, IGNACIO"]","ESO, PHASE3",XSHOOTER,HD-163296,,2014-05-17T00:00:00.000,POSITION J2000 269.08924 -21.9562,269.08924,-21.9562,ADP.2014-05-17T07:06:43.253,1,2012-12-30T16:35:05.340,453889,1347,,263.1,7.237264,1.489082,,,,,,2,2011-10-14T23:57:19.773,55848.99814552,8.0,HD-163296_586456_2011-10-14T23:55:47.080_S5.0x11_NIR_NOD,ESO-VLT-U2,"ECHELLE,SLIT,NODDING",["586456"],IDP,XS_SFLX_586456_2011-10-14T23:55:47.080_S5.0x11_NIR_NOD.fits,,,true
http://archive.eso.org/datalink/links?ID=ivo://eso.org/ID?ADP.2014-05-17T07:06:43.120,,SPECTRUM,SPECTRUM (FLUX CALIBRATED),XSHOOTER,La Silla Paranal APEX,Non-solar,55848.99697611,2011-10-14T23:55:38.737,4.0,"[gte:298.92, lte:555.98]",1040.0,,["088.C-0218"],"["MENDIGUTIA, IGNACIO"]","ESO, PHASE3",XSHOOTER,HD-163296,,2014-05-17T00:00:00.000,POSITION J2000 269.08924 -21.9562,269.08924,-21.9562,ADP.2014-05-17T07:06:43.120,1,2012-12-30T16:34:57.837,453894,722,,478.9,7.237263,1.489082,,,,,,2,2011-10-14T23:57:10.453,55848.99803765,4.0,HD-163296_586456_2011-10-14T23:55:38.736_S5.0x11_2x2_UVB_NOD,ESO-VLT-U2,"ECHELLE,SLIT,NODDING",["586456"],IDP,XS_SFLX_586456_2011-10-14T23:55:38.736_S5.0x11_2x2_UVB_NOD.fits,,,true
http://archive.eso.org/datalink/links?ID=ivo://eso.org/ID?ADP.2014-05-17T07:06:43.127,,SPECTRUM,SPECTRUM (FLUX CALIBRATED),XSHOOTER,La Silla Paranal APEX,Non-solar,55848.99404347,2011-10-14T23:51:25.357,8.0,"[gte:533.66, lte:1020.0]",8935.0,,["088.C-0218"],"["MENDIGUTIA, IGNACIO"]","ESO, PHASE3",XSHOOTER,HD-163296,,2014-05-17T00:00:00.000,POSITION J2000 269.08924 -21.9562,269.08924,-21.9562,ADP.2014-05-17T07:06:43.127,1,2012-12-30T16:34:15.980,453895,1319,,131.1,7.237264,1.489082,,,,,,2,2011-10-14T23:54:14.997,55848.99600693,8.0,HD-163296_586456_2011-10-14T23:51:25.356_S0.9x11_1x1_VIS_NOD,ESO-VLT-U2,"ECHELLE,SLIT,NODDING",["586456"],IDP,XS_SFLX_586456_2011-10-14T23:51:25.356_S0.9x11_1x1_VIS_NOD.fits,,,true
http://archive.eso.org/datalink/links?ID=ivo://eso.org/ID?ADP.2014-05-17T07:06:43.240,,SPECTRUM,SPECTRUM (FLUX CALIBRATED),XSHOOTER,La Silla Paranal APEX,Non-solar,55848.99388839,2011-10-14T23:51:11.957,8.0,"[gte:994.02, lte:2478.96]",5573.0,,["088.C-0218"],"["MENDIGUTIA, IGNACIO"]","ESO, PHASE3",XSHOOTER,HD-163296,,2014-05-17T00:00:00.000,POSITION J2000 269.08924 -21.9562,269.08924,-21.9562,ADP.2014-05-17T07:06:43.240,1,2012-12-30T16:34:04.800,453896,1347,,116.2,7.237264,1.489082,,,,,,2,2011-10-14T23:54:01.533,55848.99585109,8.0,HD-163296_586456_2011-10-14T23:51:11.957_S0.9x11_NIR_NOD,ESO-VLT-U2,"ECHELLE,SLIT,NODDING",["586456"],IDP,XS_SFLX_586456_2011-10-14T23:51:11.957_S0.9x11_NIR_NOD.fits,,,true
http://archive.eso.org/datalink/links?ID=ivo://eso.org/ID?ADP.2014-05-17T07:06:43.193,,SPECTRUM,SPECTRUM (FLUX CALIBRATED),XSHOOTER,La Silla Paranal APEX,Non-solar,55848.99379218,2011-10-14T23:51:03.643,4.0,"[gte:298.92, lte:555.98]",3251.0,,["088.C-0218"],"["MENDIGUTIA, IGNACIO"]","ESO, PHASE3",XSHOOTER,HD-163296,,2014-05-17T00:00:00.000,POSITION J2000 269.08924 -21.9562,269.08924,-21.9562,ADP.2014-05-17T07:06:43.193,1,2012-12-30T16:34:08.240,453892,722,,173.2,7.237263,1.489082,,,,,,2,2011-10-14T23:53:52.297,55848.99574418,4.0,HD-163296_586456_2011-10-14T23:51:03.644_S1.6x11_1x1_UVB_NOD,ESO-VLT-U2,"ECHELLE,SLIT,NODDING",["586456"],IDP,XS_SFLX_586456_2011-10-14T23:51:03.644_S1.6x11_1x1_UVB_NOD.fits,,,true
http://archive.eso.org/datalink/links?ID=ivo://eso.org/ID?ADP.2014-05-17T07:07:32.693,,SPECTRUM,SPECTRUM (FLUX CALIBRATED),XSHOOTER,La Silla Paranal APEX,Non-solar,55850.00540262,2011-10-16T00:07:46.787,8.0,"[gte:994.02, lte:2478.96]",1029.0,,["088.C-0218"],"["MENDIGUTIA, IGNACIO"]","ESO, PHASE3",XSHOOTER,HD-163296,,2014-05-17T00:00:00.000,POSITION J2000 269.089386 -21.95607,269.089386,-21.95607,ADP.2014-05-17T07:07:32.693,1,2012-12-30T16:38:17.363,453904,1347,,266.6,7.237444,1.48903,,,,,,2,2011-10-16T00:09:12.340,55850.00639283,8.0,HD-163296_586485_2011-10-16T00:07:46.786_S5.0x11_NIR_NOD,ESO-VLT-U2,"ECHELLE,SLIT,NODDING",["586485"],IDP,XS_SFLX_586485_2011-10-16T00:07:46.786_S5.0x11_NIR_NOD.fits,,,true
http://archive.eso.org/datalink/links?ID=ivo://eso.org/ID?ADP.2014-05-17T07:07:32.593,,SPECTRUM,SPECTRUM (FLUX CALIBRATED),XSHOOTER,La Silla Paranal APEX,Non-solar,55850.00537007,2011-10-16T00:07:43.973,4.0,"[gte:533.66, lte:1020.0]",1512.0,,["088.C-0218"],"["MENDIGUTIA, IGNACIO"]","ESO, PHASE3",XSHOOTER,HD-163296,,2014-05-17T00:00:00.000,POSITION J2000 269.089386 -21.95607,269.089386,-21.95607,ADP.2014-05-17T07:07:32.593,1,2012-12-30T16:38:07.603,453898,1319,,379.8,7.237444,1.48903,,,,,,2,2011-10-16T00:09:08.590,55850.00634942,4.0,HD-163296_586485_2011-10-16T00:07:43.974_S5.0x11_2x2_VIS_NOD,ESO-VLT-U2,"ECHELLE,SLIT,NODDING",["586485"],IDP,XS_SFLX_586485_2011-10-16T00:07:43.974_S5.0x11_2x2_VIS_NOD.fits,,,true
http://archive.eso.org/datalink/links?ID=ivo://eso.org/ID?ADP.2014-05-17T07:07:32.793,,SPECTRUM,SPECTRUM (FLUX CALIBRATED),XSHOOTER,La Silla Paranal APEX,Non-solar,55850.00530999,2011-10-16T00:07:38.783,4.0,"[gte:298.92, lte:555.98]",1040.0,,["088.C-0218"],"["MENDIGUTIA, IGNACIO"]","ESO, PHASE3",XSHOOTER,HD-163296,,2014-05-17T00:00:00.000,POSITION J2000 269.089386 -21.95607,269.089386,-21.95607,ADP.2014-05-17T07:07:32.793,1,2012-12-30T16:40:39.797,453903,722,,471.2,7.237444,1.48903,,,,,,2,2011-10-16T00:09:03.410,55850.00628946,4.0,HD-163296_586485_2011-10-16T00:07:38.783_S5.0x11_2x2_UVB_NOD,ESO-VLT-U2,"ECHELLE,SLIT,NODDING",["586485"],IDP,XS_SFLX_586485_2011-10-16T00:07:38.783_S5.0x11_2x2_UVB_NOD.fits,,,true
http://archive.eso.org/datalink/links?ID=ivo://eso.org/ID?ADP.2014-05-17T07:07:32.493,,SPECTRUM,SPECTRUM (FLUX CALIBRATED),XSHOOTER,La Silla Paranal APEX,Non-solar,55850.0023559,2011-10-16T00:03:23.550,8.0,"[gte:994.02, lte:2478.96]",5573.0,,["088.C-0218"],"["MENDIGUTIA, IGNACIO"]","ESO, PHASE3",XSHOOTER,HD-163296,,2014-05-17T00:00:00.000,POSITION J2000 269.089386 -21.95607,269.089386,-21.95607,ADP.2014-05-17T07:07:32.493,1,2012-12-30T16:36:57.980,453901,1347,,97.5,7.237444,1.48903,,,,,,2,2011-10-16T00:06:06.687,55850.00424407,8.0,HD-163296_586485_2011-10-16T00:03:23.550_S0.9x11_NIR_NOD,ESO-VLT-U2,"ECHELLE,SLIT,NODDING",["586485"],IDP,XS_SFLX_586485_2011-10-16T00:03:23.550_S0.9x11_NIR_NOD.fits,,,true
http://archive.eso.org/datalink/links?ID=ivo://eso.org/ID?ADP.2014-05-17T07:07:32.647,,SPECTRUM,SPECTRUM (FLUX CALIBRATED),XSHOOTER,La Silla Paranal APEX,Non-solar,55850.00232121,2011-10-16T00:03:20.553,8.0,"[gte:533.66, lte:1020.0]",8935.0,,["088.C-0218"],"["MENDIGUTIA, IGNACIO"]","ESO, PHASE3",XSHOOTER,HD-163296,,2014-05-17T00:00:00.000,POSITION J2000 269.089386 -21.95607,269.089386,-21.95607,ADP.2014-05-17T07:07:32.647,1,2012-12-30T16:36:56.263,453907,1319,,109.5,7.237444,1.48903,,,,,,2,2011-10-16T00:06:03.547,55850.0042077,8.0,HD-163296_586485_2011-10-16T00:03:20.553_S0.9x11_1x1_VIS_NOD,ESO-VLT-U2,"ECHELLE,SLIT,NODDING",["586485"],IDP,XS_SFLX_586485_2011-10-16T00:03:20.553_S0.9x11_1x1_VIS_NOD.fits,,,true
http://archive.eso.org/datalink/links?ID=ivo://eso.org/ID?ADP.2014-05-17T07:07:32.740,,SPECTRUM,SPECTRUM (FLUX CALIBRATED),XSHOOTER,La Silla Paranal APEX,Non-solar,55850.00226044,2011-10-16T00:03:15.303,4.0,"[gte:298.92, lte:555.98]",3251.0,,["088.C-0218"],"["MENDIGUTIA, IGNACIO"]","ESO, PHASE3",XSHOOTER,HD-163296,,2014-05-17T00:00:00.000,POSITION J2000 269.089386 -21.95607,269.089386,-21.95607,ADP.2014-05-17T07:07:32.740,1,2012-12-30T16:36:48.197,453902,722,,128.5,7.237444,1.48903,,,,,,2,2011-10-16T00:05:57.317,55850.00413559,4.0,HD-163296_586485_2011-10-16T00:03:15.302_S1.6x11_1x1_UVB_NOD,ESO-VLT-U2,"ECHELLE,SLIT,NODDING",["586485"],IDP,XS_SFLX_586485_2011-10-16T00:03:15.302_S1.6x11_1x1_UVB_NOD.fits,,,true
http://archive.eso.org/datalink/links?ID=ivo://eso.org/ID?ADP.2014-05-15T15:38:27.010,,SPECTRUM,SPECTRUM (FLUX CALIBRATED),XSHOOTER,La Silla Paranal APEX,Non-solar,55320.41304182,2010-05-04T09:54:46.813,300.0,"[gte:994.02, lte:2478.96]",11424.0,,["085.C-0764"],"["GUENTHER, HANS MORITZ"]","ESO, PHASE3",XSHOOTER,HD-163296,,2014-05-15T00:00:00.000,POSITION J2000 269.089396 -21.95606,269.089396,-21.95606,ADP.2014-05-15T15:38:27.010,1,2011-05-04T10:10:02.393,438890,1350,,1000.2,7.237458,1.489027,,,,,,2,2010-05-04T10:10:27.393,55320.42392816,300.0,HD-163296_200202177_2010-05-04T09:54:46.813_S0.4x11_NIR_NOD,ESO-VLT-U2,"ECHELLE,SLIT,NODDING",["200202177"],IDP,XS_SFLX_200202177_2010-05-04T09:54:46.813_S0.4x11_NIR_NOD.fits,,,true
http://archive.eso.org/datalink/links?ID=ivo://eso.org/ID?ADP.2014-05-15T15:38:27.650,,SPECTRUM,SPECTRUM (FLUX CALIBRATED),XSHOOTER,La Silla Paranal APEX,Non-solar,55320.41300267,2010-05-04T09:54:43.430,80.0,"[gte:533.66, lte:1020.0]",18340.0,,["085.C-0764"],"["GUENTHER, HANS MORITZ"]","ESO, PHASE3",XSHOOTER,HD-163296,,2014-05-15T00:00:00.000,POSITION J2000 269.089396 -21.95606,269.089396,-21.95606,ADP.2014-05-15T15:38:27.650,1,2011-05-04T10:11:40.447,438923,1319,,571.0,7.237457,1.489027,,,,,,2,2010-05-04T10:11:50.447,55320.42488941,80.0,HD-163296_200202177_2010-05-04T09:54:43.431_S0.4x11_1x1_VIS_NOD,ESO-VLT-U2,"ECHELLE,SLIT,NODDING",["200202177"],IDP,XS_SFLX_200202177_2010-05-04T09:54:43.431_S0.4x11_1x1_VIS_NOD.fits,,,true
http://archive.eso.org/datalink/links?ID=ivo://eso.org/ID?ADP.2014-05-15T15:38:26.870,,SPECTRUM,SPECTRUM (FLUX CALIBRATED),XSHOOTER,La Silla Paranal APEX,Non-solar,55320.41294282,2010-05-04T09:54:38.260,24.0,"[gte:298.92, lte:555.98]",9861.0,,["085.C-0764"],"["GUENTHER, HANS MORITZ"]","ESO, PHASE3",XSHOOTER,HD-163296,,2014-05-15T00:00:00.000,POSITION J2000 269.089396 -21.95606,269.089396,-21.95606,ADP.2014-05-15T15:38:26.870,1,2011-05-04T10:08:48.930,438901,722,,435.3,7.237457,1.489027,,,,,,2,2010-05-04T10:08:54.930,55320.42285799,24.0,HD-163296_200202177_2010-05-04T09:54:38.260_S0.5x11_1x1_UVB_NOD,ESO-VLT-U2,"ECHELLE,SLIT,NODDING",["200202177"],IDP,XS_SFLX_200202177_2010-05-04T09:54:38.260_S0.5x11_1x1_UVB_NOD.fits,,,true
http://archive.eso.org/datalink/links?ID=ivo://eso.org/ID?ADP.2014-05-13T14:47:18.913,,SPECTRUM,SPECTRUM (FLUX CALIBRATED),XSHOOTER,La Silla Paranal APEX,Non-solar,55109.98535126,2009-10-05T23:38:54.350,160.0,"[gte:994.02, lte:2478.96]",11424.0,,["084.C-0952"],"["OUDMAIJER, R.D."]","ESO, PHASE3",XSHOOTER,MWC-275,,2014-05-13T00:00:00.000,POSITION J2000 269.089415 -21.95607,269.089415,-21.95607,ADP.2014-05-13T14:47:18.913,1,2011-04-09T13:13:29.843,434935,1347,,186.4,7.237458,1.489007,,,,,,2,2009-10-05T23:47:48.837,55109.99153744,160.0,MWC-275_387927_2009-10-05T23:38:54.349_S0.4x11_NIR_NOD,ESO-VLT-U2,"ECHELLE,SLIT,NODDING",["387927"],IDP,XS_SFLX_387927_2009-10-05T23:38:54.349_S0.4x11_NIR_NOD.fits,,,true
http://archive.eso.org/datalink/links?ID=ivo://eso.org/ID?ADP.2014-05-13T14:47:18.853,,SPECTRUM,SPECTRUM (FLUX CALIBRATED),XSHOOTER,La Silla Paranal APEX,Non-solar,55109.98531363,2009-10-05T23:38:51.097,36.0,"[gte:533.66, lte:1020.0]",18340.0,,["084.C-0952"],"["OUDMAIJER, R.D."]","ESO, PHASE3",XSHOOTER,MWC-275,,2014-05-13T00:00:00.000,POSITION J2000 269.089415 -21.95607,269.089415,-21.95607,ADP.2014-05-13T14:47:18.853,1,2011-04-09T13:13:29.893,434891,1321,,245.3,7.237457,1.489007,,,,,,2,2009-10-05T23:48:03.547,55109.9917077,36.0,MWC-275_387927_2009-10-05T23:38:51.098_S0.4x11_1x1_VIS_NOD,ESO-VLT-U2,"ECHELLE,SLIT,NODDING",["387927"],IDP,XS_SFLX_387927_2009-10-05T23:38:51.098_S0.4x11_1x1_VIS_NOD.fits,,,true
http://archive.eso.org/datalink/links?ID=ivo://eso.org/ID?ADP.2014-05-13T14:47:16.467,,SPECTRUM,SPECTRUM (FLUX CALIBRATED),XSHOOTER,La Silla Paranal APEX,Non-solar,55109.98525321,2009-10-05T23:38:45.877,36.0,"[gte:298.92, lte:555.98]",9861.0,,["084.C-0952"],"["OUDMAIJER, R.D."]","ESO, PHASE3",XSHOOTER,MWC-275,,2014-05-13T00:00:00.000,POSITION J2000 269.089415 -21.95607,269.089415,-21.95607,ADP.2014-05-13T14:47:16.467,1,2011-04-09T13:13:29.867,434882,722,,284.3,7.237457,1.489007,,,,,,2,2009-10-05T23:47:57.317,55109.99163559,36.0,MWC-275_387927_2009-10-05T23:38:45.877_S0.5x11_1x1_UVB_NOD,ESO-VLT-U2,"ECHELLE,SLIT,NODDING",["387927"],IDP,XS_SFLX_387927_2009-10-05T23:38:45.877_S0.5x11_1x1_UVB_NOD.fits,,,true
http://archive.eso.org/datalink/links?ID=ivo://eso.org/ID?ADP.2014-05-17T07:07:32.500,,SPECTRUM,SPECTRUM (FLUX CALIBRATED),XSHOOTER,La Silla Paranal APEX,Non-solar,55850.02225402,2011-10-16T00:32:02.747,6.0,"[gte:994.02, lte:2478.96]",5573.0,,["088.C-0218"],"["MENDIGUTIA, IGNACIO"]","ESO, PHASE3",XSHOOTER,HD-163296,,2014-05-17T00:00:00.000,POSITION J2000 269.089429 -21.95608,269.089429,-21.95608,ADP.2014-05-17T07:07:32.500,1,2012-12-30T16:41:08.120,453906,1347,,107.5,7.237456,1.488991,,,,,,2,2011-10-16T00:33:49.303,55850.02348729,6.0,HD-163296_586485_2011-10-16T00:32:02.747_S0.9x11_NIR_NOD,ESO-VLT-U2,"ECHELLE,SLIT,NODDING",["586485"],IDP,XS_SFLX_586485_2011-10-16T00:32:02.747_S0.9x11_NIR_NOD.fits,,,true
http://archive.eso.org/datalink/links?ID=ivo://eso.org/ID?ADP.2014-05-17T07:07:32.660,,SPECTRUM,SPECTRUM (FLUX CALIBRATED),XSHOOTER,La Silla Paranal APEX,Non-solar,55850.02222072,2011-10-16T00:31:59.870,6.0,"[gte:533.66, lte:1020.0]",8935.0,,["088.C-0218"],"["MENDIGUTIA, IGNACIO"]","ESO, PHASE3",XSHOOTER,HD-163296,,2014-05-17T00:00:00.000,POSITION J2000 269.089429 -21.95608,269.089429,-21.95608,ADP.2014-05-17T07:07:32.660,1,2012-12-30T16:41:07.397,453899,1319,,107.3,7.237456,1.488991,,,,,,2,2011-10-16T00:33:46.077,55850.02344998,6.0,HD-163296_586485_2011-10-16T00:31:59.870_S0.9x11_1x1_VIS_NOD,ESO-VLT-U2,"ECHELLE,SLIT,NODDING",["586485"],IDP,XS_SFLX_586485_2011-10-16T00:31:59.870_S0.9x11_1x1_VIS_NOD.fits,,,true
http://archive.eso.org/datalink/links?ID=ivo://eso.org/ID?ADP.2014-05-17T07:07:32.547,,SPECTRUM,SPECTRUM (FLUX CALIBRATED),XSHOOTER,La Silla Paranal APEX,Non-solar,55850.02215578,2011-10-16T00:31:54.260,3.0,"[gte:298.92, lte:555.98]",3251.0,,["088.C-0218"],"["MENDIGUTIA, IGNACIO"]","ESO, PHASE3",XSHOOTER,HD-163296,,2014-05-17T00:00:00.000,POSITION J2000 269.089429 -21.95608,269.089429,-21.95608,ADP.2014-05-17T07:07:32.547,1,2012-12-30T16:40:51.707,453905,722,,141.6,7.237455,1.48899,,,,,,2,2011-10-16T00:33:39.897,55850.02337845,3.0,HD-163296_586485_2011-10-16T00:31:54.259_S1.6x11_1x1_UVB_NOD,ESO-VLT-U2,"ECHELLE,SLIT,NODDING",["586485"],IDP,XS_SFLX_586485_2011-10-16T00:31:54.259_S1.6x11_1x1_UVB_NOD.fits,,,true
http://archive.eso.org/datalink/links?ID=ivo://eso.org/ID?ADP.2014-05-17T07:04:55.190,,SPECTRUM,SPECTRUM (FLUX CALIBRATED),XSHOOTER,La Silla Paranal APEX,Non-solar,55846.99936529,2011-10-12T23:59:05.160,4.0,"[gte:533.66, lte:1020.0]",1512.0,,["088.C-0218"],"["MENDIGUTIA, IGNACIO"]","ESO, PHASE3",XSHOOTER,HD-163296,,2014-05-17T00:00:00.000,POSITION J2000 269.089432 -21.95599,269.089432,-21.95599,ADP.2014-05-17T07:04:55.190,1,2012-12-30T16:32:20.773,453879,1319,,415.1,7.237535,1.489034,,,,,,2,2011-10-13T00:00:38.547,55847.00044616,4.0,HD-163296_586427_2011-10-12T23:59:05.161_S5.0x11_2x2_VIS_NOD,ESO-VLT-U2,"ECHELLE,SLIT,NODDING",["586427"],IDP,XS_SFLX_586427_2011-10-12T23:59:05.161_S5.0x11_2x2_VIS_NOD.fits,,,true
http://archive.eso.org/datalink/links?ID=ivo://eso.org/ID?ADP.2014-05-17T07:04:55.383,,SPECTRUM,SPECTRUM (FLUX CALIBRATED),XSHOOTER,La Silla Paranal APEX,Non-solar,55846.99933232,2011-10-12T23:59:02.313,8.0,"[gte:994.02, lte:2478.96]",1029.0,,["088.C-0218"],"["MENDIGUTIA, IGNACIO"]","ESO, PHASE3",XSHOOTER,HD-163296,,2014-05-17T00:00:00.000,POSITION J2000 269.089432 -21.95599,269.089432,-21.95599,ADP.2014-05-17T07:04:55.383,1,2012-12-30T16:32:25.667,453869,1347,,282.6,7.237535,1.489034,,,,,,2,2011-10-13T00:00:36.717,55847.00042496,8.0,HD-163296_586427_2011-10-12T23:59:02.312_S5.0x11_NIR_NOD,ESO-VLT-U2,"ECHELLE,SLIT,NODDING",["586427"],IDP,XS_SFLX_586427_2011-10-12T23:59:02.312_S5.0x11_NIR_NOD.fits,,,true
http://archive.eso.org/datalink/links?ID=ivo://eso.org/ID?ADP.2014-05-17T07:04:55.050,,SPECTRUM,SPECTRUM (FLUX CALIBRATED),XSHOOTER,La Silla Paranal APEX,Non-solar,55846.99923889,2011-10-12T23:58:54.240,4.0,"[gte:298.92, lte:555.98]",1040.0,,["088.C-0218"],"["MENDIGUTIA, IGNACIO"]","ESO, PHASE3",XSHOOTER,HD-163296,,2014-05-17T00:00:00.000,POSITION J2000 269.089432 -21.95599,269.089432,-21.95599,ADP.2014-05-17T07:04:55.050,1,2012-12-30T16:32:15.863,453871,722,,534.2,7.237534,1.489033,,,,,,2,2011-10-13T00:00:27.407,55847.00031722,4.0,HD-163296_586427_2011-10-12T23:58:54.240_S5.0x11_2x2_UVB_NOD,ESO-VLT-U2,"ECHELLE,SLIT,NODDING",["586427"],IDP,XS_SFLX_586427_2011-10-12T23:58:54.240_S5.0x11_2x2_UVB_NOD.fits,,,true
http://archive.eso.org/datalink/links?ID=ivo://eso.org/ID?ADP.2014-05-17T07:04:55.143,,SPECTRUM,SPECTRUM (FLUX CALIBRATED),XSHOOTER,La Silla Paranal APEX,Non-solar,55846.99626481,2011-10-12T23:54:37.280,8.0,"[gte:533.66, lte:1020.0]",8935.0,,["088.C-0218"],"["MENDIGUTIA, IGNACIO"]","ESO, PHASE3",XSHOOTER,HD-163296,,2014-05-17T00:00:00.000,POSITION J2000 269.089432 -21.95599,269.089432,-21.95599,ADP.2014-05-17T07:04:55.143,1,2012-12-30T16:31:31.947,453883,1319,,220.6,7.237535,1.489034,,,,,,2,2011-10-12T23:57:31.073,55846.99827631,8.0,HD-163296_586427_2011-10-12T23:54:37.280_S0.9x11_1x1_VIS_NOD,ESO-VLT-U2,"ECHELLE,SLIT,NODDING",["586427"],IDP,XS_SFLX_586427_2011-10-12T23:54:37.280_S0.9x11_1x1_VIS_NOD.fits,,,true
http://archive.eso.org/datalink/links?ID=ivo://eso.org/ID?ADP.2014-05-17T07:04:55.350,,SPECTRUM,SPECTRUM (FLUX CALIBRATED),XSHOOTER,La Silla Paranal APEX,Non-solar,55846.99610537,2011-10-12T23:54:23.503,8.0,"[gte:994.02, lte:2478.96]",5573.0,,["088.C-0218"],"["MENDIGUTIA, IGNACIO"]","ESO, PHASE3",XSHOOTER,HD-163296,,2014-05-17T00:00:00.000,POSITION J2000 269.089432 -21.95599,269.089432,-21.95599,ADP.2014-05-17T07:04:55.350,1,2012-12-05T20:32:27.820,453861,1347,,221.9,7.237535,1.489034,,,,,,2,2011-10-12T23:57:17.663,55846.99812111,8.0,HD-163296_586427_2011-10-12T23:54:23.504_S0.9x11_NIR_NOD,ESO-VLT-U2,"ECHELLE,SLIT,NODDING",["586427"],IDP,XS_SFLX_586427_2011-10-12T23:54:23.504_S0.9x11_NIR_NOD.fits,,,true
http://archive.eso.org/datalink/links?ID=ivo://eso.org/ID?ADP.2014-05-17T07:04:55.623,,SPECTRUM,SPECTRUM (FLUX CALIBRATED),XSHOOTER,La Silla Paranal APEX,Non-solar,55846.99601317,2011-10-12T23:54:15.537,4.0,"[gte:298.92, lte:555.98]",3251.0,,["088.C-0218"],"["MENDIGUTIA, IGNACIO"]","ESO, PHASE3",XSHOOTER,HD-163296,,2014-05-17T00:00:00.000,POSITION J2000 269.089432 -21.95599,269.089432,-21.95599,ADP.2014-05-17T07:04:55.623,1,2012-12-05T20:17:59.280,453872,722,,245.8,7.237534,1.489033,,,,,,2,2011-10-12T23:57:08.303,55846.99801275,4.0,HD-163296_586427_2011-10-12T23:54:15.538_S1.6x11_1x1_UVB_NOD,ESO-VLT-U2,"ECHELLE,SLIT,NODDING",["586427"],IDP,XS_SFLX_586427_2011-10-12T23:54:15.538_S1.6x11_1x1_UVB_NOD.fits,,,true
http://archive.eso.org/datalink/links?ID=ivo://eso.org/ID?ADP.2014-05-17T10:24:50.670,,SPECTRUM,SPECTRUM (FLUX CALIBRATED),XSHOOTER,La Silla Paranal APEX,Non-solar,56058.40023754,2012-05-11T09:36:20.523,8.0,"[gte:994.02, lte:2478.96]",1029.0,,["088.C-0218"],"["MENDIGUTIA, IGNACIO"]","ESO, PHASE3",XSHOOTER,HD 163296,,2014-05-17T00:00:00.000,POSITION J2000 269.089441 -21.95604,269.089441,-21.95604,ADP.2014-05-17T10:24:50.670,1,2013-06-01T06:55:54.293,456659,1347,,241.2,7.237496,1.489001,,,,,,2,2012-05-11T09:37:44.047,56058.40120425,8.0,HD163296_763257_2012-05-11T09:36:20.523_S5.0x11_NIR_NOD,ESO-VLT-U2,"ECHELLE,SLIT,NODDING",["763257"],IDP,XS_SFLX_763257_2012-05-11T09:36:20.523_S5.0x11_NIR_NOD.fits,,,true
http://archive.eso.org/datalink/links?ID=ivo://eso.org/ID?ADP.2014-05-17T10:24:50.623,,SPECTRUM,SPECTRUM (FLUX CALIBRATED),XSHOOTER,La Silla Paranal APEX,Non-solar,56058.40020234,2012-05-11T09:36:17.483,4.0,"[gte:533.66, lte:1020.0]",1512.0,,["088.C-0218"],"["MENDIGUTIA, IGNACIO"]","ESO, PHASE3",XSHOOTER,HD 163296,,2014-05-17T00:00:00.000,POSITION J2000 269.089441 -21.95604,269.089441,-21.95604,ADP.2014-05-17T10:24:50.623,1,2013-06-01T08:40:12.073,456651,1319,,401.3,7.237496,1.489001,,,,,,2,2012-05-11T09:37:40.310,56058.40116098,4.0,HD163296_763257_2012-05-11T09:36:17.482_S5.0x11_2x2_VIS_NOD,ESO-VLT-U2,"ECHELLE,SLIT,NODDING",["763257"],IDP,XS_SFLX_763257_2012-05-11T09:36:17.482_S5.0x11_2x2_VIS_NOD.fits,,,true
http://archive.eso.org/datalink/links?ID=ivo://eso.org/ID?ADP.2014-05-17T10:24:51.137,,SPECTRUM,SPECTRUM (FLUX CALIBRATED),XSHOOTER,La Silla Paranal APEX,Non-solar,56058.40014237,2012-05-11T09:36:12.300,4.0,"[gte:298.92, lte:555.98]",1040.0,,["088.C-0218"],"["MENDIGUTIA, IGNACIO"]","ESO, PHASE3",XSHOOTER,HD 163296,,2014-05-17T00:00:00.000,POSITION J2000 269.089441 -21.95604,269.089441,-21.95604,ADP.2014-05-17T10:24:51.137,1,2013-06-01T09:26:49.900,456664,722,,519.9,7.237495,1.489001,,,,,,2,2012-05-11T09:37:35.127,56058.40110101,4.0,HD163296_763257_2012-05-11T09:36:12.302_S5.0x11_2x2_UVB_NOD,ESO-VLT-U2,"ECHELLE,SLIT,NODDING",["763257"],IDP,XS_SFLX_763257_2012-05-11T09:36:12.302_S5.0x11_2x2_UVB_NOD.fits,,,true
http://archive.eso.org/datalink/links?ID=ivo://eso.org/ID?ADP.2014-05-17T10:24:50.563,,SPECTRUM,SPECTRUM (FLUX CALIBRATED),XSHOOTER,La Silla Paranal APEX,Non-solar,56058.39721861,2012-05-11T09:31:59.687,8.0,"[gte:994.02, lte:2478.96]",5573.0,,["088.C-0218"],"["MENDIGUTIA, IGNACIO"]","ESO, PHASE3",XSHOOTER,HD 163296,,2014-05-17T00:00:00.000,POSITION J2000 269.089441 -21.95604,269.089441,-21.95604,ADP.2014-05-17T10:24:50.563,1,2013-06-01T08:50:31.250,456670,1347,,223.7,7.237496,1.489001,,,,,,2,2012-05-11T09:34:42.143,56058.39909888,8.0,HD163296_763257_2012-05-11T09:31:59.688_S0.9x11_NIR_NOD,ESO-VLT-U2,"ECHELLE,SLIT,NODDING",["763257"],IDP,XS_SFLX_763257_2012-05-11T09:31:59.688_S0.9x11_NIR_NOD.fits,,,true
http://archive.eso.org/datalink/links?ID=ivo://eso.org/ID?ADP.2014-05-17T10:24:50.770,,SPECTRUM,SPECTRUM (FLUX CALIBRATED),XSHOOTER,La Silla Paranal APEX,Non-solar,56058.39718774,2012-05-11T09:31:57.020,8.0,"[gte:533.66, lte:1020.0]",8935.0,,["088.C-0218"],"["MENDIGUTIA, IGNACIO"]","ESO, PHASE3",XSHOOTER,HD 163296,,2014-05-17T00:00:00.000,POSITION J2000 269.089441 -21.95604,269.089441,-21.95604,ADP.2014-05-17T10:24:50.770,1,2013-06-01T06:58:04.877,456658,1319,,184.9,7.237496,1.489001,,,,,,2,2012-05-11T09:34:38.913,56058.3990615,8.0,HD163296_763257_2012-05-11T09:31:57.022_S0.9x11_1x1_VIS_NOD,ESO-VLT-U2,"ECHELLE,SLIT,NODDING",["763257"],IDP,XS_SFLX_763257_2012-05-11T09:31:57.022_S0.9x11_1x1_VIS_NOD.fits,,,true
http://archive.eso.org/datalink/links?ID=ivo://eso.org/ID?ADP.2014-05-17T10:24:51.097,,SPECTRUM,SPECTRUM (FLUX CALIBRATED),XSHOOTER,La Silla Paranal APEX,Non-solar,56058.3971272,2012-05-11T09:31:51.790,4.0,"[gte:298.92, lte:555.98]",3251.0,,["088.C-0218"],"["MENDIGUTIA, IGNACIO"]","ESO, PHASE3",XSHOOTER,HD 163296,,2014-05-17T00:00:00.000,POSITION J2000 269.089441 -21.95604,269.089441,-21.95604,ADP.2014-05-17T10:24:51.097,1,2013-06-01T09:20:13.337,456656,722,,266.8,7.237495,1.489001,,,,,,2,2012-05-11T09:34:32.653,56058.39898904,4.0,HD163296_763257_2012-05-11T09:31:51.790_S1.6x11_1x1_UVB_NOD,ESO-VLT-U2,"ECHELLE,SLIT,NODDING",["763257"],IDP,XS_SFLX_763257_2012-05-11T09:31:51.790_S1.6x11_1x1_UVB_NOD.fits,,,true
http://archive.eso.org/datalink/links?ID=ivo://eso.org/ID?ADP.2014-05-13T14:47:18.820,,SPECTRUM,SPECTRUM (FLUX CALIBRATED),XSHOOTER,La Silla Paranal APEX,Non-solar,55109.98468131,2009-10-05T23:37:56.467,1.0,"[gte:994.02, lte:2478.96]",11424.0,,["084.C-0952"],"["OUDMAIJER, R.D."]","ESO, PHASE3",XSHOOTER,MWC-275,,2014-05-13T00:00:00.000,POSITION J2000 269.088591 -21.95591,269.088591,-21.95591,ADP.2014-05-13T14:47:18.820,1,2011-04-09T13:13:27.037,434923,1350,,78.1,7.237212,1.489748,,,,,,2,2009-10-05T23:37:57.467,55109.98469288,1.0,MWC-275_387927_2009-10-05T23:37:56.465_S0.4x11_NIR_STA,ESO-VLT-U2,"ECHELLE,SLIT,STARE",["387927"],IDP,XS_SFLX_387927_2009-10-05T23:37:56.465_S0.4x11_NIR_STA.fits,,,true
http://archive.eso.org/datalink/links?ID=ivo://eso.org/ID?ADP.2014-05-13T14:47:18.483,,SPECTRUM,SPECTRUM (FLUX CALIBRATED),XSHOOTER,La Silla Paranal APEX,Non-solar,55109.98464356,2009-10-05T23:37:53.203,1.0,"[gte:533.66, lte:1020.0]",18340.0,,["084.C-0952"],"["OUDMAIJER, R.D."]","ESO, PHASE3",XSHOOTER,MWC-275,,2014-05-13T00:00:00.000,POSITION J2000 269.088591 -21.95591,269.088591,-21.95591,ADP.2014-05-13T14:47:18.483,1,2011-04-09T13:13:27.010,434889,1321,,67.4,7.237212,1.489748,,,,,,2,2009-10-05T23:37:54.203,55109.98465513,1.0,MWC-275_387927_2009-10-05T23:37:53.204_S0.4x11_1x1_VIS_STA,ESO-VLT-U2,"ECHELLE,SLIT,STARE",["387927"],IDP,XS_SFLX_387927_2009-10-05T23:37:53.204_S0.4x11_1x1_VIS_STA.fits,,,true
http://archive.eso.org/datalink/links?ID=ivo://eso.org/ID?ADP.2014-05-13T14:47:17.563,,SPECTRUM,SPECTRUM (FLUX CALIBRATED),XSHOOTER,La Silla Paranal APEX,Non-solar,55109.98458302,2009-10-05T23:37:47.973,1.0,"[gte:298.92, lte:555.98]",9861.0,,["084.C-0952"],"["OUDMAIJER, R.D."]","ESO, PHASE3",XSHOOTER,MWC-275,,2014-05-13T00:00:00.000,POSITION J2000 269.088591 -21.95591,269.088591,-21.95591,ADP.2014-05-13T14:47:17.563,1,2011-04-09T13:13:26.977,434934,722,,80.7,7.237212,1.489748,,,,,,2,2009-10-05T23:37:48.973,55109.98459459,1.0,MWC-275_387927_2009-10-05T23:37:47.973_S0.5x11_1x1_UVB_STA,ESO-VLT-U2,"ECHELLE,SLIT,STARE",["387927"],IDP,XS_SFLX_387927_2009-10-05T23:37:47.973_S0.5x11_1x1_UVB_STA.fits,,,true
http://archive.eso.org/datalink/links?ID=ivo://eso.org/ID?ADP.2014-05-17T11:19:32.320,,SPECTRUM,SPECTRUM (FLUX CALIBRATED),XSHOOTER,La Silla Paranal APEX,Non-solar,56114.10840165,2012-07-06T02:36:05.903,2.0,"[gte:994.02, lte:2478.96]",11424.0,,["089.C-0874"],"["KAPER, L."]","ESO, PHASE3",XSHOOTER,MWC 275,,2014-05-17T00:00:00.000,POSITION J2000 269.088322 -21.95608,269.088322,-21.95608,ADP.2014-05-17T11:19:32.320,1,2013-07-06T02:36:05.903,457453,1350,,86.9,7.23694,1.489879,,,,,,2,2012-07-06T02:36:07.903,56114.10842479,2.0,MWC275_200235003_2012-07-06T02:36:05.903_S0.4x11_NIR_STA,ESO-VLT-U2,"ECHELLE,SLIT,STARE",["200235003"],IDP,XS_SFLX_200235003_2012-07-06T02:36:05.903_S0.4x11_NIR_STA.fits,,,true
http://archive.eso.org/datalink/links?ID=ivo://eso.org/ID?ADP.2014-05-17T11:19:32.843,,SPECTRUM,SPECTRUM (FLUX CALIBRATED),XSHOOTER,La Silla Paranal APEX,Non-solar,56114.10837393,2012-07-06T02:36:03.507,2.0,"[gte:533.66, lte:1020.0]",18340.0,,["089.C-0874"],"["KAPER, L."]","ESO, PHASE3",XSHOOTER,MWC 275,,2014-05-17T00:00:00.000,POSITION J2000 269.088322 -21.95608,269.088322,-21.95608,ADP.2014-05-17T11:19:32.843,1,2013-07-06T02:36:03.507,457434,1321,,92.8,7.236939,1.489878,,,,,,2,2012-07-06T02:36:05.507,56114.10839708,2.0,MWC275_200235003_2012-07-06T02:36:03.508_S0.4x11_1x1_VIS_STA,ESO-VLT-U2,"ECHELLE,SLIT,STARE",["200235003"],IDP,XS_SFLX_200235003_2012-07-06T02:36:03.508_S0.4x11_1x1_VIS_STA.fits,,,true
http://archive.eso.org/datalink/links?ID=ivo://eso.org/ID?ADP.2014-05-17T11:19:31.800,,SPECTRUM,SPECTRUM (FLUX CALIBRATED),XSHOOTER,La Silla Paranal APEX,Non-solar,56114.1083142,2012-07-06T02:35:58.347,2.0,"[gte:298.92, lte:555.98]",9861.0,,["089.C-0874"],"["KAPER, L."]","ESO, PHASE3",XSHOOTER,MWC 275,,2014-05-17T00:00:00.000,POSITION J2000 269.088322 -21.95608,269.088322,-21.95608,ADP.2014-05-17T11:19:31.800,1,2013-07-06T02:35:58.347,457491,725,,128.0,7.236939,1.489878,,,,,,2,2012-07-06T02:36:00.347,56114.10833735,2.0,MWC275_200235003_2012-07-06T02:35:58.347_S0.5x11_1x1_UVB_STA,ESO-VLT-U2,"ECHELLE,SLIT,STARE",["200235003"],IDP,XS_SFLX_200235003_2012-07-06T02:35:58.347_S0.5x11_1x1_UVB_STA.fits,,,true
http://archive.eso.org/datalink/links?ID=ivo://eso.org/ID?ADP.2014-05-17T10:30:26.797,,SPECTRUM,SPECTRUM (FLUX CALIBRATED),XSHOOTER,La Silla Paranal APEX,Non-solar,56064.18115941,2012-05-17T04:20:52.173,8.0,"[gte:994.02, lte:2478.96]",1029.0,,["088.C-0218"],"["MENDIGUTIA, IGNACIO"]","ESO, PHASE3",XSHOOTER,HD 163296,,2014-05-17T00:00:00.000,POSITION J2000 269.08815 -21.95663,269.08815,-21.95663,ADP.2014-05-17T10:30:26.797,1,2013-06-01T07:07:45.663,456737,1347,,299.0,7.236384,1.48974,,,,,,2,2012-05-17T04:22:16.010,56064.18212974,8.0,HD163296_763260_2012-05-17T04:20:52.173_S5.0x11_NIR_NOD,ESO-VLT-U2,"ECHELLE,SLIT,NODDING",["763260"],IDP,XS_SFLX_763260_2012-05-17T04:20:52.173_S5.0x11_NIR_NOD.fits,,,true
http://archive.eso.org/datalink/links?ID=ivo://eso.org/ID?ADP.2014-05-17T10:30:27.420,,SPECTRUM,SPECTRUM (FLUX CALIBRATED),XSHOOTER,La Silla Paranal APEX,Non-solar,56064.18112477,2012-05-17T04:20:49.180,4.0,"[gte:533.66, lte:1020.0]",1512.0,,["088.C-0218"],"["MENDIGUTIA, IGNACIO"]","ESO, PHASE3",XSHOOTER,HD 163296,,2014-05-17T00:00:00.000,POSITION J2000 269.08815 -21.95663,269.08815,-21.95663,ADP.2014-05-17T10:30:27.420,1,2013-06-01T08:37:43.000,456747,1319,,409.6,7.236384,1.48974,,,,,,2,2012-05-17T04:22:12.237,56064.18208608,4.0,HD163296_763260_2012-05-17T04:20:49.181_S5.0x11_2x2_VIS_NOD,ESO-VLT-U2,"ECHELLE,SLIT,NODDING",["763260"],IDP,XS_SFLX_763260_2012-05-17T04:20:49.181_S5.0x11_2x2_VIS_NOD.fits,,,true
http://archive.eso.org/datalink/links?ID=ivo://eso.org/ID?ADP.2014-05-17T10:30:26.450,,SPECTRUM,SPECTRUM (FLUX CALIBRATED),XSHOOTER,La Silla Paranal APEX,Non-solar,56064.18106469,2012-05-17T04:20:43.990,4.0,"[gte:298.92, lte:555.98]",1040.0,,["088.C-0218"],"["MENDIGUTIA, IGNACIO"]","ESO, PHASE3",XSHOOTER,HD 163296,,2014-05-17T00:00:00.000,POSITION J2000 269.08815 -21.95663,269.08815,-21.95663,ADP.2014-05-17T10:30:26.450,1,2013-06-01T08:27:25.863,456764,722,,524.5,7.236383,1.48974,,,,,,2,2012-05-17T04:22:07.047,56064.182026,4.0,HD163296_763260_2012-05-17T04:20:43.990_S5.0x11_2x2_UVB_NOD,ESO-VLT-U2,"ECHELLE,SLIT,NODDING",["763260"],IDP,XS_SFLX_763260_2012-05-17T04:20:43.990_S5.0x11_2x2_UVB_NOD.fits,,,true
http://archive.eso.org/datalink/links?ID=ivo://eso.org/ID?ADP.2014-05-17T10:30:26.320,,SPECTRUM,SPECTRUM (FLUX CALIBRATED),XSHOOTER,La Silla Paranal APEX,Non-solar,56064.17812941,2012-05-17T04:16:30.380,8.0,"[gte:994.02, lte:2478.96]",5573.0,,["088.C-0218"],"["MENDIGUTIA, IGNACIO"]","ESO, PHASE3",XSHOOTER,HD 163296,,2014-05-17T00:00:00.000,POSITION J2000 269.08815 -21.95663,269.08815,-21.95663,ADP.2014-05-17T10:30:26.320,1,2013-06-01T09:04:44.310,456766,1347,,222.6,7.236384,1.48974,,,,,,2,2012-05-17T04:19:13.790,56064.18002073,8.0,HD163296_763260_2012-05-17T04:16:30.381_S0.9x11_NIR_NOD,ESO-VLT-U2,"ECHELLE,SLIT,NODDING",["763260"],IDP,XS_SFLX_763260_2012-05-17T04:16:30.381_S0.9x11_NIR_NOD.fits,,,true
http://archive.eso.org/datalink/links?ID=ivo://eso.org/ID?ADP.2014-05-17T10:30:27.120,,SPECTRUM,SPECTRUM (FLUX CALIBRATED),XSHOOTER,La Silla Paranal APEX,Non-solar,56064.1780949,2012-05-17T04:16:27.400,8.0,"[gte:533.66, lte:1020.0]",8935.0,,["088.C-0218"],"["MENDIGUTIA, IGNACIO"]","ESO, PHASE3",XSHOOTER,HD 163296,,2014-05-17T00:00:00.000,POSITION J2000 269.08815 -21.95663,269.08815,-21.95663,ADP.2014-05-17T10:30:27.120,1,2013-06-01T06:14:52.933,456730,1319,,183.7,7.236384,1.48974,,,,,,2,2012-05-17T04:19:10.373,56064.17998116,8.0,HD163296_763260_2012-05-17T04:16:27.400_S0.9x11_1x1_VIS_NOD,ESO-VLT-U2,"ECHELLE,SLIT,NODDING",["763260"],IDP,XS_SFLX_763260_2012-05-17T04:16:27.400_S0.9x11_1x1_VIS_NOD.fits,,,true
http://archive.eso.org/datalink/links?ID=ivo://eso.org/ID?ADP.2014-05-17T10:30:27.097,,SPECTRUM,SPECTRUM (FLUX CALIBRATED),XSHOOTER,La Silla Paranal APEX,Non-solar,56064.17803482,2012-05-17T04:16:22.210,4.0,"[gte:298.92, lte:555.98]",3251.0,,["088.C-0218"],"["MENDIGUTIA, IGNACIO"]","ESO, PHASE3",XSHOOTER,HD 163296,,2014-05-17T00:00:00.000,POSITION J2000 269.08815 -21.95663,269.08815,-21.95663,ADP.2014-05-17T10:30:27.097,1,2013-06-01T06:53:52.343,456739,722,,235.0,7.236383,1.48974,,,,,,2,2012-05-17T04:19:04.123,56064.17990882,4.0,HD163296_763260_2012-05-17T04:16:22.209_S1.6x11_1x1_UVB_NOD,ESO-VLT-U2,"ECHELLE,SLIT,NODDING",["763260"],IDP,XS_SFLX_763260_2012-05-17T04:16:22.209_S1.6x11_1x1_UVB_NOD.fits,,,true
http://archive.eso.org/datalink/links?ID=ivo://eso.org/ID?ADP.2014-05-17T09:23:58.507,,SPECTRUM,SPECTRUM (FLUX CALIBRATED),XSHOOTER,La Silla Paranal APEX,Non-solar,56010.3471907,2012-03-24T08:19:57.277,4.0,"[gte:533.66, lte:1020.0]",1512.0,,["088.C-0218"],"["MENDIGUTIA, IGNACIO"]","ESO, PHASE3",XSHOOTER,HD-163296,,2014-05-17T00:00:00.000,POSITION J2000 269.088117 -21.95665,269.088117,-21.95665,ADP.2014-05-17T09:23:58.507,1,2013-06-01T08:28:35.100,455769,1319,,390.1,7.236351,1.489757,,,,,,2,2012-03-24T08:21:31.053,56010.34827608,4.0,HD-163296_586543_2012-03-24T08:19:57.276_S5.0x11_2x2_VIS_NOD,ESO-VLT-U2,"ECHELLE,SLIT,NODDING",["586543"],IDP,XS_SFLX_586543_2012-03-24T08:19:57.276_S5.0x11_2x2_VIS_NOD.fits,,,true
http://archive.eso.org/datalink/links?ID=ivo://eso.org/ID?ADP.2014-05-17T09:23:58.467,,SPECTRUM,SPECTRUM (FLUX CALIBRATED),XSHOOTER,La Silla Paranal APEX,Non-solar,56010.34716418,2012-03-24T08:19:54.987,8.0,"[gte:994.02, lte:2478.96]",1029.0,,["088.C-0218"],"["MENDIGUTIA, IGNACIO"]","ESO, PHASE3",XSHOOTER,HD-163296,,2014-05-17T00:00:00.000,POSITION J2000 269.088117 -21.95665,269.088117,-21.95665,ADP.2014-05-17T09:23:58.467,1,2013-06-01T07:28:57.023,455763,1347,,248.3,7.236351,1.489757,,,,,,2,2012-03-24T08:21:29.393,56010.34825687,8.0,HD-163296_586543_2012-03-24T08:19:54.985_S5.0x11_NIR_NOD,ESO-VLT-U2,"ECHELLE,SLIT,NODDING",["586543"],IDP,XS_SFLX_586543_2012-03-24T08:19:54.985_S5.0x11_NIR_NOD.fits,,,true
http://archive.eso.org/datalink/links?ID=ivo://eso.org/ID?ADP.2014-05-17T09:23:58.547,,SPECTRUM,SPECTRUM (FLUX CALIBRATED),XSHOOTER,La Silla Paranal APEX,Non-solar,56010.34706638,2012-03-24T08:19:46.537,4.0,"[gte:298.92, lte:555.98]",1040.0,,["088.C-0218"],"["MENDIGUTIA, IGNACIO"]","ESO, PHASE3",XSHOOTER,HD-163296,,2014-05-17T00:00:00.000,POSITION J2000 269.088117 -21.95665,269.088117,-21.95665,ADP.2014-05-17T09:23:58.547,1,2013-06-01T04:33:22.877,455775,722,,484.2,7.236351,1.489756,,,,,,2,2012-03-24T08:21:20.323,56010.34815188,4.0,HD-163296_586543_2012-03-24T08:19:46.536_S5.0x11_2x2_UVB_NOD,ESO-VLT-U2,"ECHELLE,SLIT,NODDING",["586543"],IDP,XS_SFLX_586543_2012-03-24T08:19:46.536_S5.0x11_2x2_UVB_NOD.fits,,,true
http://archive.eso.org/datalink/links?ID=ivo://eso.org/ID?ADP.2014-05-17T09:23:58.203,,SPECTRUM,SPECTRUM (FLUX CALIBRATED),XSHOOTER,La Silla Paranal APEX,Non-solar,56010.34411751,2012-03-24T08:15:31.753,8.0,"[gte:994.02, lte:2478.96]",5573.0,,["088.C-0218"],"["MENDIGUTIA, IGNACIO"]","ESO, PHASE3",XSHOOTER,HD-163296,,2014-05-17T00:00:00.000,POSITION J2000 269.088117 -21.95665,269.088117,-21.95665,ADP.2014-05-17T09:23:58.203,1,2013-06-01T07:28:46.933,455778,1347,,217.3,7.236351,1.489757,,,,,,2,2012-03-24T08:18:13.167,56010.34598571,8.0,HD-163296_586543_2012-03-24T08:15:31.753_S0.9x11_NIR_NOD,ESO-VLT-U2,"ECHELLE,SLIT,NODDING",["586543"],IDP,XS_SFLX_586543_2012-03-24T08:15:31.753_S0.9x11_NIR_NOD.fits,,,true
http://archive.eso.org/datalink/links?ID=ivo://eso.org/ID?ADP.2014-05-17T09:23:57.920,,SPECTRUM,SPECTRUM (FLUX CALIBRATED),XSHOOTER,La Silla Paranal APEX,Non-solar,56010.34408246,2012-03-24T08:15:28.727,8.0,"[gte:533.66, lte:1020.0]",8935.0,,["088.C-0218"],"["MENDIGUTIA, IGNACIO"]","ESO, PHASE3",XSHOOTER,HD-163296,,2014-05-17T00:00:00.000,POSITION J2000 269.088117 -21.95665,269.088117,-21.95665,ADP.2014-05-17T09:23:57.920,1,2013-06-01T07:11:43.010,455772,1319,,214.5,7.236351,1.489757,,,,,,2,2012-03-24T08:18:09.907,56010.34594801,8.0,HD-163296_586543_2012-03-24T08:15:28.725_S0.9x11_1x1_VIS_NOD,ESO-VLT-U2,"ECHELLE,SLIT,NODDING",["586543"],IDP,XS_SFLX_586543_2012-03-24T08:15:28.725_S0.9x11_1x1_VIS_NOD.fits,,,true
http://archive.eso.org/datalink/links?ID=ivo://eso.org/ID?ADP.2014-05-17T09:23:58.107,,SPECTRUM,SPECTRUM (FLUX CALIBRATED),XSHOOTER,La Silla Paranal APEX,Non-solar,56010.34402226,2012-03-24T08:15:23.523,4.0,"[gte:298.92, lte:555.98]",3251.0,,["088.C-0218"],"["MENDIGUTIA, IGNACIO"]","ESO, PHASE3",XSHOOTER,HD-163296,,2014-05-17T00:00:00.000,POSITION J2000 269.088117 -21.95665,269.088117,-21.95665,ADP.2014-05-17T09:23:58.107,1,2013-06-01T06:45:27.653,455757,722,,230.6,7.236351,1.489756,,,,,,2,2012-03-24T08:18:03.677,56010.34587589,4.0,HD-163296_586543_2012-03-24T08:15:23.524_S1.6x11_1x1_UVB_NOD,ESO-VLT-U2,"ECHELLE,SLIT,NODDING",["586543"],IDP,XS_SFLX_586543_2012-03-24T08:15:23.524_S1.6x11_1x1_UVB_NOD.fits,,,true
http://archive.eso.org/datalink/links?ID=ivo://eso.org/ID?ADP.2014-05-17T11:19:32.693,,SPECTRUM,SPECTRUM (FLUX CALIBRATED),XSHOOTER,La Silla Paranal APEX,Non-solar,56114.11259987,2012-07-06T02:42:08.630,720.0,"[gte:994.02, lte:2478.96]",8031.0,,["089.C-0874"],"["KAPER, L."]","ESO, PHASE3",XSHOOTER,MWC 275,,2014-05-17T00:00:00.000,POSITION J2000 269.090348 -21.95404,269.090348,-21.95404,ADP.2014-05-17T11:19:32.693,1,2013-07-06T02:52:29.903,457450,1347,,3.7,7.239649,1.489278,,,,,,2,2012-07-06T02:56:29.090,56114.12255891,720.0,MWC275_200235003_2012-07-06T02:42:08.629_S0.6x11_NIR_OFF,ESO-VLT-U2,"ECHELLE,SLIT,OFFSET",["200235003"],IDP,XS_SFLX_200235003_2012-07-06T02:42:08.629_S0.6x11_NIR_OFF.fits,,,true
http://archive.eso.org/datalink/links?ID=ivo://eso.org/ID?ADP.2014-05-17T11:19:33.280,,SPECTRUM,SPECTRUM (FLUX CALIBRATED),XSHOOTER,La Silla Paranal APEX,Non-solar,56114.11257808,2012-07-06T02:42:06.747,720.0,"[gte:533.66, lte:1020.0]",8935.0,,["089.C-0874"],"["KAPER, L."]","ESO, PHASE3",XSHOOTER,MWC 275,,2014-05-17T00:00:00.000,POSITION J2000 269.090348 -21.95404,269.090348,-21.95404,ADP.2014-05-17T11:19:33.280,1,2013-07-06T02:52:26.887,457469,1319,,12.1,7.239649,1.489278,,,,,,2,2012-07-06T02:56:26.887,56114.12253339,720.0,MWC275_200235003_2012-07-06T02:42:06.746_S0.9x11_1x2_VIS_OFF,ESO-VLT-U2,"ECHELLE,SLIT,OFFSET",["200235003"],IDP,XS_SFLX_200235003_2012-07-06T02:42:06.746_S0.9x11_1x2_VIS_OFF.fits,,,true
http://archive.eso.org/datalink/links?ID=ivo://eso.org/ID?ADP.2014-05-17T11:19:32.073,,SPECTRUM,SPECTRUM (FLUX CALIBRATED),XSHOOTER,La Silla Paranal APEX,Non-solar,56114.11251777,2012-07-06T02:42:01.537,630.0,"[gte:298.92, lte:555.98]",5453.0,,["089.C-0874"],"["KAPER, L."]","ESO, PHASE3",XSHOOTER,MWC 275,,2014-05-17T00:00:00.000,POSITION J2000 269.090348 -21.95404,269.090348,-21.95404,ADP.2014-05-17T11:19:32.073,1,2013-07-06T02:52:21.697,457456,722,,15.8,7.239648,1.489278,,,,,,2,2012-07-06T02:55:51.697,56114.1221261,630.0,MWC275_200235003_2012-07-06T02:42:01.536_S1.0x11_1x2_UVB_OFF,ESO-VLT-U2,"ECHELLE,SLIT,OFFSET",["200235003"],IDP,XS_SFLX_200235003_2012-07-06T02:42:01.536_S1.0x11_1x2_UVB_OFF.fits,,,true
http://archive.eso.org/datalink/links?ID=ivo://eso.org/ID?ADP.2014-05-17T11:23:53.213,,SPECTRUM,SPECTRUM (FLUX CALIBRATED),XSHOOTER,La Silla Paranal APEX,Non-solar,56115.06508855,2012-07-07T01:33:43.650,2720.0,"[gte:994.02, lte:2478.96]",11424.0,,["089.C-0874"],"["KAPER, L."]","ESO, PHASE3",XSHOOTER,MWC 275,,2014-05-17T00:00:00.000,POSITION J2000 269.091557 -21.95292,269.091557,-21.95292,ADP.2014-05-17T11:23:53.213,1,2013-07-07T02:10:05.537,457545,1347,,2.5,7.241181,1.488871,,,,,,2,2012-07-07T02:21:25.537,56115.09821225,2720.0,MWC275_200235067_2012-07-07T01:33:43.651_S0.4x11_NIR_OFF,ESO-VLT-U2,"ECHELLE,SLIT,OFFSET",["200235067"],IDP,XS_SFLX_200235067_2012-07-07T01:33:43.651_S0.4x11_NIR_OFF.fits,,,true
http://archive.eso.org/datalink/links?ID=ivo://eso.org/ID?ADP.2014-05-17T11:23:54.160,,SPECTRUM,SPECTRUM (FLUX CALIBRATED),XSHOOTER,La Silla Paranal APEX,Non-solar,56115.06506745,2012-07-07T01:33:41.827,2400.0,"[gte:533.66, lte:1020.0]",11333.0,,["089.C-0874"],"["KAPER, L."]","ESO, PHASE3",XSHOOTER,MWC 275,,2014-05-17T00:00:00.000,POSITION J2000 269.091557 -21.95292,269.091557,-21.95292,ADP.2014-05-17T11:23:54.160,1,2013-07-07T02:16:02.500,457523,1319,,4.1,7.241181,1.488871,,,,,,2,2012-07-07T02:21:02.500,56115.09794559,2400.0,MWC275_200235067_2012-07-07T01:33:41.828_S0.7x11_1x2_VIS_OFF,ESO-VLT-U2,"ECHELLE,SLIT,OFFSET",["200235067"],IDP,XS_SFLX_200235067_2012-07-07T01:33:41.828_S0.7x11_1x2_VIS_OFF.fits,,,true
http://archive.eso.org/datalink/links?ID=ivo://eso.org/ID?ADP.2014-05-17T11:23:54.433,,SPECTRUM,SPECTRUM (FLUX CALIBRATED),XSHOOTER,La Silla Paranal APEX,Non-solar,56115.06500784,2012-07-07T01:33:36.677,2160.0,"[gte:298.92, lte:555.98]",6655.0,,["089.C-0874"],"["KAPER, L."]","ESO, PHASE3",XSHOOTER,MWC 275,,2014-05-17T00:00:00.000,POSITION J2000 269.091557 -21.95292,269.091557,-21.95292,ADP.2014-05-17T11:23:54.433,1,2013-07-07T02:15:56.337,457504,722,,2.8,7.24118,1.488871,,,,,,2,2012-07-07T02:20:26.340,56115.09752706,2160.0,MWC275_200235067_2012-07-07T01:33:36.677_S0.8x11_1x2_UVB_OFF,ESO-VLT-U2,"ECHELLE,SLIT,OFFSET",["200235067"],IDP,XS_SFLX_200235067_2012-07-07T01:33:36.677_S0.8x11_1x2_UVB_OFF.fits,,,true
http://archive.eso.org/datalink/links?ID=ivo://eso.org/ID?ADP.2014-05-17T11:19:32.480,,SPECTRUM,SPECTRUM (FLUX CALIBRATED),XSHOOTER,La Silla Paranal APEX,Non-solar,56114.12345198,2012-07-06T02:57:46.250,1320.0,"[gte:994.02, lte:2478.96]",8031.0,,["089.C-0874"],"["KAPER, L."]","ESO, PHASE3",XSHOOTER,MWC 275,,2014-05-17T00:00:00.000,POSITION J2000 269.092374 -21.95199,269.092374,-21.95199,ADP.2014-05-17T11:19:32.480,1,2013-07-06T03:14:47.980,457451,1347,,,7.242366,1.488683,,,,,,2,2012-07-06T03:22:07.980,56114.14037015,1320.0,MWC275_200235003_2012-07-06T02:57:46.251_S0.6x11_NIR_OFF,ESO-VLT-U2,"ECHELLE,SLIT,OFFSET",["200235003"],IDP,XS_SFLX_200235003_2012-07-06T02:57:46.251_S0.6x11_NIR_OFF.fits,,,true
http://archive.eso.org/datalink/links?ID=ivo://eso.org/ID?ADP.2014-05-17T11:19:31.727,,SPECTRUM,SPECTRUM (FLUX CALIBRATED),XSHOOTER,La Silla Paranal APEX,Non-solar,56114.12342871,2012-07-06T02:57:44.240,1320.0,"[gte:533.66, lte:1020.0]",8935.0,,["089.C-0874"],"["KAPER, L."]","ESO, PHASE3",XSHOOTER,MWC 275,,2014-05-17T00:00:00.000,POSITION J2000 269.092374 -21.95199,269.092374,-21.95199,ADP.2014-05-17T11:19:31.727,1,2013-07-06T03:14:45.730,457459,1319,,2.2,7.242366,1.488683,,,,,,2,2012-07-06T03:22:05.730,56114.14034411,1320.0,MWC275_200235003_2012-07-06T02:57:44.241_S0.9x11_1x2_VIS_OFF,ESO-VLT-U2,"ECHELLE,SLIT,OFFSET",["200235003"],IDP,XS_SFLX_200235003_2012-07-06T02:57:44.241_S0.9x11_1x2_VIS_OFF.fits,,,truehttp://archive.eso.org/datalink/links?ID=ivo://eso.org/ID?ADP.2014-05-13T14:47:17.320,,SPECTRUM,SPECTRUM (FLUX CALIBRATED),XSHOOTER,La Silla Paranal APEX,Non-solar,55110.00294409,2009-10-06T00:04:14.370,783.19,"[gte:533.66, lte:1020.0]",18340.0,,["084.C-0952"],"["OUDMAIJER, R.D."]","ESO, PHASE3",XSHOOTER,MWC-297,,2014-05-13T00:00:00.000,POSITION J2000 276.915481 -3.83141,276.915481,-3.83141,ADP.2014-05-13T14:47:17.320,1,2011-04-09T13:12:24.103,434926,1319,,469.6,26.801886,3.525282,,,,,,2,2009-10-06T00:31:47.457,55110.02207704,783.19,MWC-297_387816_2009-10-06T00:04:14.369_S0.4x11_1x1_VIS_NOD,ESO-VLT-U2,"ECHELLE,SLIT,NODDING",["387816"],IDP,XS_SFLX_387816_2009-10-06T00:04:14.369_S0.4x11_1x1_VIS_NOD.fits,,,true
http://archive.eso.org/datalink/links?ID=ivo://eso.org/ID?ADP.2014-05-13T14:47:16.833,,SPECTRUM,SPECTRUM (FLUX CALIBRATED),XSHOOTER,La Silla Paranal APEX,Non-solar,55110.00288402,2009-10-06T00:04:09.180,789.962,"[gte:298.92, lte:555.98]",9861.0,,["084.C-0952"],"["OUDMAIJER, R.D."]","ESO, PHASE3",XSHOOTER,MWC-297,,2014-05-13T00:00:00.000,POSITION J2000 276.915481 -3.83141,276.915481,-3.83141,ADP.2014-05-13T14:47:16.833,1,2011-04-09T13:12:24.080,434955,722,,81.5,26.801886,3.525282,,,,,,2,2009-10-06T00:31:49.007,55110.022095,789.962,MWC-297_387816_2009-10-06T00:04:09.179_S0.5x11_1x1_UVB_NOD,ESO-VLT-U2,"ECHELLE,SLIT,NODDING",["387816"],IDP,XS_SFLX_387816_2009-10-06T00:04:09.179_S0.5x11_1x1_UVB_NOD.fits,,,true
http://archive.eso.org/datalink/links?ID=ivo://eso.org/ID?ADP.2014-05-13T14:47:16.507,,SPECTRUM,SPECTRUM (FLUX CALIBRATED),XSHOOTER,La Silla Paranal APEX,Non-solar,55110.0302367,2009-10-06T00:43:32.450,798.12,"[gte:994.02, lte:2478.96]",11424.0,,["084.C-0952"],"["OUDMAIJER, R.D."]","ESO, PHASE3",XSHOOTER,MWC-297,,2014-05-13T00:00:00.000,POSITION J2000 276.915509 -3.83144,276.915509,-3.83144,ADP.2014-05-13T14:47:16.507,1,2011-04-09T13:12:27.840,434892,1362,,626.4,26.801873,3.525244,,,,,,2,2009-10-06T01:31:39.660,55110.06365346,798.12,MWC-297_387816_2009-10-06T00:43:32.451_S0.4x11_NIR_NOD,ESO-VLT-U2,"ECHELLE,SLIT,NODDING",["387816"],IDP,XS_SFLX_387816_2009-10-06T00:43:32.451_S0.4x11_NIR_NOD.fits,,,true
http://archive.eso.org/datalink/links?ID=ivo://eso.org/ID?ADP.2014-05-13T14:47:18.160,,SPECTRUM,SPECTRUM (FLUX CALIBRATED),XSHOOTER,La Silla Paranal APEX,Non-solar,55110.03020154,2009-10-06T00:43:29.413,40.0,"[gte:533.66, lte:1020.0]",18340.0,,["084.C-0952"],"["OUDMAIJER, R.D."]","ESO, PHASE3",XSHOOTER,MWC-297,,2014-05-13T00:00:00.000,POSITION J2000 276.915509 -3.83144,276.915509,-3.83144,ADP.2014-05-13T14:47:18.160,1,2011-04-09T13:12:27.067,434954,1319,,141.6,26.801872,3.525243,,,,,,2,2009-10-06T01:20:21.983,55110.05580999,40.0,MWC-297_387816_2009-10-06T00:43:29.413_S0.4x11_1x1_VIS_NOD,ESO-VLT-U2,"ECHELLE,SLIT,NODDING",["387816"],IDP,XS_SFLX_387816_2009-10-06T00:43:29.413_S0.4x11_1x1_VIS_NOD.fits,,,true
http://archive.eso.org/datalink/links?ID=ivo://eso.org/ID?ADP.2014-05-13T14:47:17.760,,SPECTRUM,SPECTRUM (FLUX CALIBRATED),XSHOOTER,La Silla Paranal APEX,Non-solar,55110.03014135,2009-10-06T00:43:24.213,1200.0,"[gte:298.92, lte:555.98]",9861.0,,["084.C-0952"],"["OUDMAIJER, R.D."]","ESO, PHASE3",XSHOOTER,MWC-297,,2014-05-13T00:00:00.000,POSITION J2000 276.915509 -3.83144,276.915509,-3.83144,ADP.2014-05-13T14:47:17.760,1,2011-04-09T13:12:27.040,434967,722,,114.2,26.801872,3.525243,,,,,,2,2009-10-06T01:25:06.813,55110.05910662,1200.0,MWC-297_387816_2009-10-06T00:43:24.213_S0.5x11_1x1_UVB_NOD,ESO-VLT-U2,"ECHELLE,SLIT,NODDING",["387816"],IDP,XS_SFLX_387816_2009-10-06T00:43:24.213_S0.5x11_1x1_UVB_NOD.fits,,,true
http://archive.eso.org/datalink/links?ID=ivo://eso.org/ID?ADP.2014-05-13T14:47:18.393,,SPECTRUM,SPECTRUM (FLUX CALIBRATED),XSHOOTER,La Silla Paranal APEX,Non-solar,55110.02569932,2009-10-06T00:37:00.420,0.665,"[gte:994.02, lte:2478.96]",11424.0,,["084.C-0952"],"["OUDMAIJER, R.D."]","ESO, PHASE3",XSHOOTER,MWC-297,,2014-05-13T00:00:00.000,POSITION J2000 276.914912 -3.83092,276.914912,-3.83092,ADP.2014-05-13T14:47:18.393,1,2011-04-09T13:12:24.387,434904,1350,,143.4,26.802059,3.526012,,,,,,2,2009-10-06T00:37:01.087,55110.02570701,0.665,MWC-297_387816_2009-10-06T00:37:00.421_S0.4x11_NIR_STA,ESO-VLT-U2,"ECHELLE,SLIT,STARE",["387816"],IDP,XS_SFLX_387816_2009-10-06T00:37:00.421_S0.4x11_NIR_STA.fits,,,true
http://archive.eso.org/datalink/links?ID=ivo://eso.org/ID?ADP.2014-05-13T14:47:18.020,,SPECTRUM,SPECTRUM (FLUX CALIBRATED),XSHOOTER,La Silla Paranal APEX,Non-solar,55110.02566689,2009-10-06T00:36:57.620,10.0,"[gte:533.66, lte:1020.0]",18340.0,,["084.C-0952"],"["OUDMAIJER, R.D."]","ESO, PHASE3",XSHOOTER,MWC-297,,2014-05-13T00:00:00.000,POSITION J2000 276.914912 -3.83092,276.914912,-3.83092,ADP.2014-05-13T14:47:18.020,1,2011-04-09T13:12:24.363,434952,1321,,85.9,26.802058,3.526012,,,,,,2,2009-10-06T00:37:07.620,55110.02578263,10.0,MWC-297_387816_2009-10-06T00:36:57.619_S0.4x11_1x1_VIS_STA,ESO-VLT-U2,"ECHELLE,SLIT,STARE",["387816"],IDP,XS_SFLX_387816_2009-10-06T00:36:57.619_S0.4x11_1x1_VIS_STA.fits,,,true
http://archive.eso.org/datalink/links?ID=ivo://eso.org/ID?ADP.2014-05-13T14:47:17.860,,SPECTRUM,SPECTRUM (FLUX CALIBRATED),XSHOOTER,La Silla Paranal APEX,Non-solar,55110.02560681,2009-10-06T00:36:52.427,10.0,"[gte:298.92, lte:555.98]",9861.0,,["084.C-0952"],"["OUDMAIJER, R.D."]","ESO, PHASE3",XSHOOTER,MWC-297,,2014-05-13T00:00:00.000,POSITION J2000 276.914912 -3.83092,276.914912,-3.83092,ADP.2014-05-13T14:47:17.860,1,2011-04-09T13:12:24.320,434930,722,,8.5,26.802058,3.526012,,,,,,2,2009-10-06T00:37:02.427,55110.02572255,10.0,MWC-297_387816_2009-10-06T00:36:52.428_S0.5x11_1x1_UVB_STA,ESO-VLT-U2,"ECHELLE,SLIT,STARE",["387816"],IDP,XS_SFLX_387816_2009-10-06T00:36:52.428_S0.5x11_1x1_UVB_STA.fits,,,true
http://archive.eso.org/datalink/links?ID=ivo://eso.org/ID?ADP.2014-05-13T14:47:17.333,,SPECTRUM,SPECTRUM (FLUX CALIBRATED),XSHOOTER,La Silla Paranal APEX,Non-solar,55110.00220346,2009-10-06T00:03:10.380,0.665,"[gte:994.02, lte:2478.96]",11424.0,,["084.C-0952"],"["OUDMAIJER, R.D."]","ESO, PHASE3",XSHOOTER,MWC-297,,2014-05-13T00:00:00.000,POSITION J2000 276.914912 -3.83092,276.914912,-3.83092,ADP.2014-05-13T14:47:17.333,1,2011-04-09T13:12:22.603,434880,1350,,136.4,26.802059,3.526012,,,,,,2,2009-10-06T00:03:11.043,55110.00221115,0.665,MWC-297_387816_2009-10-06T00:03:10.379_S0.4x11_NIR_STA,ESO-VLT-U2,"ECHELLE,SLIT,STARE",["387816"],IDP,XS_SFLX_387816_2009-10-06T00:03:10.379_S0.4x11_NIR_STA.fits,,,true
http://archive.eso.org/datalink/links?ID=ivo://eso.org/ID?ADP.2014-05-13T14:47:16.610,,SPECTRUM,SPECTRUM (FLUX CALIBRATED),XSHOOTER,La Silla Paranal APEX,Non-solar,55110.00217065,2009-10-06T00:03:07.543,10.0,"[gte:533.66, lte:1020.0]",18340.0,,["084.C-0952"],"["OUDMAIJER, R.D."]","ESO, PHASE3",XSHOOTER,MWC-297,,2014-05-13T00:00:00.000,POSITION J2000 276.914912 -3.83092,276.914912,-3.83092,ADP.2014-05-13T14:47:16.610,1,2011-04-09T13:12:22.560,434885,1321,,73.7,26.802058,3.526012,,,,,,2,2009-10-06T00:03:17.543,55110.00228639,10.0,MWC-297_387816_2009-10-06T00:03:07.544_S0.4x11_1x1_VIS_STA,ESO-VLT-U2,"ECHELLE,SLIT,STARE",["387816"],IDP,XS_SFLX_387816_2009-10-06T00:03:07.544_S0.4x11_1x1_VIS_STA.fits,,,true